ISO-10303-21;
HEADER;
FILE_DESCRIPTION(('Open CASCADE Model'),'2;1');
FILE_NAME('Open CASCADE Shape Model','2026-09-26T01:21:30',('Author'),(
    'Open CASCADE'),'Open CASCADE STEP processor 8.0','build123d',
  'Unknown');
FILE_SCHEMA(('AUTOMOTIVE_DESIGN { 1 0 10303 214 1 1 1 1 }'));
ENDSEC;
DATA;
#1 = APPLICATION_PROTOCOL_DEFINITION('international standard',
  'automotive_design',2000,#2);
#2 = APPLICATION_CONTEXT(
  'core data for automotive mechanical design processes');
#3 = SHAPE_DEFINITION_REPRESENTATION(#4,#10);
#4 = PRODUCT_DEFINITION_SHAPE('','',#5);
#5 = PRODUCT_DEFINITION('design','',#6,#9);
#6 = PRODUCT_DEFINITION_FORMATION('','',#7);
#7 = PRODUCT('COMPOUND','COMPOUND','',(#8));
#8 = PRODUCT_CONTEXT('',#2,'mechanical');
#9 = PRODUCT_DEFINITION_CONTEXT('part definition',#2,'design');
#10 = SHAPE_REPRESENTATION('',(#11,#15,#6320,#6502,#6600,#8710,#10820,
    #11002),#11184);
#11 = AXIS2_PLACEMENT_3D('',#12,#13,#14);
#12 = CARTESIAN_POINT('',(0.,0.,0.));
#13 = DIRECTION('',(0.,0.,1.));
#14 = DIRECTION('',(1.,0.,-0.));
#15 = MANIFOLD_SOLID_BREP('',#16);
#16 = CLOSED_SHELL('',(#17,#105,#223,#227,#303,#352,#401,#428,#505,#560,
    #615,#619,#838,#914,#963,#1017,#2173,#2178,#2227,#2254,#2314,#2394,
    #2801,#2850,#3073,#3129,#3154,#3203,#3332,#3338,#3393,#3399,#3503,
    #3580,#4277,#4282,#4310,#4316,#4343,#4350,#4409,#4464,#4468,#5093,
    #5120,#5127,#5174,#5201,#5228,#5255,#5282,#5309,#5336,#5363,#5390,
    #5417,#5444,#5471,#5498,#5525,#5552,#5579,#5606,#5633,#5660,#5687,
    #5714,#5741,#5768,#5775,#5928,#5932,#5958,#5963,#6039,#6088,#6137,
    #6164,#6219,#6257,#6261,#6316));
#17 = ADVANCED_FACE('',(#18),#32,.T.);
#18 = FACE_BOUND('',#19,.T.);
#19 = EDGE_LOOP('',(#20,#50,#77,#78));
#20 = ORIENTED_EDGE('',*,*,#21,.T.);
#21 = EDGE_CURVE('',#22,#24,#26,.T.);
#22 = VERTEX_POINT('',#23);
#23 = CARTESIAN_POINT('',(1.462E+03,-420.,543.));
#24 = VERTEX_POINT('',#25);
#25 = CARTESIAN_POINT('',(1.462E+03,-420.,705.));
#26 = SEAM_CURVE('',#27,(#31,#43),.PCURVE_S1.);
#27 = LINE('',#28,#29);
#28 = CARTESIAN_POINT('',(1.462E+03,-420.,520.));
#29 = VECTOR('',#30,1.);
#30 = DIRECTION('',(0.,0.,1.));
#31 = PCURVE('',#32,#37);
#32 = CYLINDRICAL_SURFACE('',#33,12.);
#33 = AXIS2_PLACEMENT_3D('',#34,#35,#36);
#34 = CARTESIAN_POINT('',(1.45E+03,-420.,520.));
#35 = DIRECTION('',(0.,0.,1.));
#36 = DIRECTION('',(1.,0.,-0.));
#37 = DEFINITIONAL_REPRESENTATION('',(#38),#42);
#38 = LINE('',#39,#40);
#39 = CARTESIAN_POINT('',(6.28318530718,-0.));
#40 = VECTOR('',#41,1.);
#41 = DIRECTION('',(0.,1.));
#42 = ( GEOMETRIC_REPRESENTATION_CONTEXT(2) 
PARAMETRIC_REPRESENTATION_CONTEXT() REPRESENTATION_CONTEXT('2D SPACE',''
  ) );
#43 = PCURVE('',#32,#44);
#44 = DEFINITIONAL_REPRESENTATION('',(#45),#49);
#45 = LINE('',#46,#47);
#46 = CARTESIAN_POINT('',(0.,-0.));
#47 = VECTOR('',#48,1.);
#48 = DIRECTION('',(0.,1.));
#49 = ( GEOMETRIC_REPRESENTATION_CONTEXT(2) 
PARAMETRIC_REPRESENTATION_CONTEXT() REPRESENTATION_CONTEXT('2D SPACE',''
  ) );
#50 = ORIENTED_EDGE('',*,*,#51,.F.);
#51 = EDGE_CURVE('',#24,#24,#52,.T.);
#52 = SURFACE_CURVE('',#53,(#58,#65),.PCURVE_S1.);
#53 = CIRCLE('',#54,12.);
#54 = AXIS2_PLACEMENT_3D('',#55,#56,#57);
#55 = CARTESIAN_POINT('',(1.45E+03,-420.,705.));
#56 = DIRECTION('',(0.,0.,1.));
#57 = DIRECTION('',(1.,0.,-0.));
#58 = PCURVE('',#32,#59);
#59 = DEFINITIONAL_REPRESENTATION('',(#60),#64);
#60 = LINE('',#61,#62);
#61 = CARTESIAN_POINT('',(0.,185.));
#62 = VECTOR('',#63,1.);
#63 = DIRECTION('',(1.,0.));
#64 = ( GEOMETRIC_REPRESENTATION_CONTEXT(2) 
PARAMETRIC_REPRESENTATION_CONTEXT() REPRESENTATION_CONTEXT('2D SPACE',''
  ) );
#65 = PCURVE('',#66,#71);
#66 = PLANE('',#67);
#67 = AXIS2_PLACEMENT_3D('',#68,#69,#70);
#68 = CARTESIAN_POINT('',(1.45E+03,-420.,705.));
#69 = DIRECTION('',(0.,0.,1.));
#70 = DIRECTION('',(1.,0.,-0.));
#71 = DEFINITIONAL_REPRESENTATION('',(#72),#76);
#72 = CIRCLE('',#73,12.);
#73 = AXIS2_PLACEMENT_2D('',#74,#75);
#74 = CARTESIAN_POINT('',(0.,0.));
#75 = DIRECTION('',(1.,0.));
#76 = ( GEOMETRIC_REPRESENTATION_CONTEXT(2) 
PARAMETRIC_REPRESENTATION_CONTEXT() REPRESENTATION_CONTEXT('2D SPACE',''
  ) );
#77 = ORIENTED_EDGE('',*,*,#21,.F.);
#78 = ORIENTED_EDGE('',*,*,#79,.T.);
#79 = EDGE_CURVE('',#22,#22,#80,.T.);
#80 = SURFACE_CURVE('',#81,(#86,#93),.PCURVE_S1.);
#81 = CIRCLE('',#82,12.);
#82 = AXIS2_PLACEMENT_3D('',#83,#84,#85);
#83 = CARTESIAN_POINT('',(1.45E+03,-420.,543.));
#84 = DIRECTION('',(0.,0.,1.));
#85 = DIRECTION('',(1.,0.,-0.));
#86 = PCURVE('',#32,#87);
#87 = DEFINITIONAL_REPRESENTATION('',(#88),#92);
#88 = LINE('',#89,#90);
#89 = CARTESIAN_POINT('',(0.,23.));
#90 = VECTOR('',#91,1.);
#91 = DIRECTION('',(1.,0.));
#92 = ( GEOMETRIC_REPRESENTATION_CONTEXT(2) 
PARAMETRIC_REPRESENTATION_CONTEXT() REPRESENTATION_CONTEXT('2D SPACE',''
  ) );
#93 = PCURVE('',#94,#99);
#94 = PLANE('',#95);
#95 = AXIS2_PLACEMENT_3D('',#96,#97,#98);
#96 = CARTESIAN_POINT('',(1.43E+03,-485.,543.));
#97 = DIRECTION('',(0.,0.,1.));
#98 = DIRECTION('',(1.,0.,-0.));
#99 = DEFINITIONAL_REPRESENTATION('',(#100),#104);
#100 = CIRCLE('',#101,12.);
#101 = AXIS2_PLACEMENT_2D('',#102,#103);
#102 = CARTESIAN_POINT('',(20.,65.));
#103 = DIRECTION('',(1.,0.));
#104 = ( GEOMETRIC_REPRESENTATION_CONTEXT(2) 
PARAMETRIC_REPRESENTATION_CONTEXT() REPRESENTATION_CONTEXT('2D SPACE',''
  ) );
#105 = ADVANCED_FACE('',(#106,#220),#94,.T.);
#106 = FACE_BOUND('',#107,.T.);
#107 = EDGE_LOOP('',(#108,#138,#166,#194));
#108 = ORIENTED_EDGE('',*,*,#109,.F.);
#109 = EDGE_CURVE('',#110,#112,#114,.T.);
#110 = VERTEX_POINT('',#111);
#111 = CARTESIAN_POINT('',(1.43E+03,-485.,543.));
#112 = VERTEX_POINT('',#113);
#113 = CARTESIAN_POINT('',(1.43E+03,-355.,543.));
#114 = SURFACE_CURVE('',#115,(#119,#126),.PCURVE_S1.);
#115 = LINE('',#116,#117);
#116 = CARTESIAN_POINT('',(1.43E+03,-485.,543.));
#117 = VECTOR('',#118,1.);
#118 = DIRECTION('',(-0.,1.,0.));
#119 = PCURVE('',#94,#120);
#120 = DEFINITIONAL_REPRESENTATION('',(#121),#125);
#121 = LINE('',#122,#123);
#122 = CARTESIAN_POINT('',(0.,0.));
#123 = VECTOR('',#124,1.);
#124 = DIRECTION('',(0.,1.));
#125 = ( GEOMETRIC_REPRESENTATION_CONTEXT(2) 
PARAMETRIC_REPRESENTATION_CONTEXT() REPRESENTATION_CONTEXT('2D SPACE',''
  ) );
#126 = PCURVE('',#127,#132);
#127 = PLANE('',#128);
#128 = AXIS2_PLACEMENT_3D('',#129,#130,#131);
#129 = CARTESIAN_POINT('',(1.43E+03,-485.,517.));
#130 = DIRECTION('',(1.,0.,-0.));
#131 = DIRECTION('',(0.,0.,1.));
#132 = DEFINITIONAL_REPRESENTATION('',(#133),#137);
#133 = LINE('',#134,#135);
#134 = CARTESIAN_POINT('',(26.,0.));
#135 = VECTOR('',#136,1.);
#136 = DIRECTION('',(0.,-1.));
#137 = ( GEOMETRIC_REPRESENTATION_CONTEXT(2) 
PARAMETRIC_REPRESENTATION_CONTEXT() REPRESENTATION_CONTEXT('2D SPACE',''
  ) );
#138 = ORIENTED_EDGE('',*,*,#139,.T.);
#139 = EDGE_CURVE('',#110,#140,#142,.T.);
#140 = VERTEX_POINT('',#141);
#141 = CARTESIAN_POINT('',(1.47E+03,-485.,543.));
#142 = SURFACE_CURVE('',#143,(#147,#154),.PCURVE_S1.);
#143 = LINE('',#144,#145);
#144 = CARTESIAN_POINT('',(1.43E+03,-485.,543.));
#145 = VECTOR('',#146,1.);
#146 = DIRECTION('',(1.,0.,-0.));
#147 = PCURVE('',#94,#148);
#148 = DEFINITIONAL_REPRESENTATION('',(#149),#153);
#149 = LINE('',#150,#151);
#150 = CARTESIAN_POINT('',(0.,0.));
#151 = VECTOR('',#152,1.);
#152 = DIRECTION('',(1.,0.));
#153 = ( GEOMETRIC_REPRESENTATION_CONTEXT(2) 
PARAMETRIC_REPRESENTATION_CONTEXT() REPRESENTATION_CONTEXT('2D SPACE',''
  ) );
#154 = PCURVE('',#155,#160);
#155 = PLANE('',#156);
#156 = AXIS2_PLACEMENT_3D('',#157,#158,#159);
#157 = CARTESIAN_POINT('',(1.43E+03,-485.,517.));
#158 = DIRECTION('',(-0.,1.,0.));
#159 = DIRECTION('',(0.,0.,1.));
#160 = DEFINITIONAL_REPRESENTATION('',(#161),#165);
#161 = LINE('',#162,#163);
#162 = CARTESIAN_POINT('',(26.,0.));
#163 = VECTOR('',#164,1.);
#164 = DIRECTION('',(0.,1.));
#165 = ( GEOMETRIC_REPRESENTATION_CONTEXT(2) 
PARAMETRIC_REPRESENTATION_CONTEXT() REPRESENTATION_CONTEXT('2D SPACE',''
  ) );
#166 = ORIENTED_EDGE('',*,*,#167,.T.);
#167 = EDGE_CURVE('',#140,#168,#170,.T.);
#168 = VERTEX_POINT('',#169);
#169 = CARTESIAN_POINT('',(1.47E+03,-355.,543.));
#170 = SURFACE_CURVE('',#171,(#175,#182),.PCURVE_S1.);
#171 = LINE('',#172,#173);
#172 = CARTESIAN_POINT('',(1.47E+03,-485.,543.));
#173 = VECTOR('',#174,1.);
#174 = DIRECTION('',(-0.,1.,0.));
#175 = PCURVE('',#94,#176);
#176 = DEFINITIONAL_REPRESENTATION('',(#177),#181);
#177 = LINE('',#178,#179);
#178 = CARTESIAN_POINT('',(40.,0.));
#179 = VECTOR('',#180,1.);
#180 = DIRECTION('',(0.,1.));
#181 = ( GEOMETRIC_REPRESENTATION_CONTEXT(2) 
PARAMETRIC_REPRESENTATION_CONTEXT() REPRESENTATION_CONTEXT('2D SPACE',''
  ) );
#182 = PCURVE('',#183,#188);
#183 = PLANE('',#184);
#184 = AXIS2_PLACEMENT_3D('',#185,#186,#187);
#185 = CARTESIAN_POINT('',(1.47E+03,-485.,517.));
#186 = DIRECTION('',(1.,0.,-0.));
#187 = DIRECTION('',(0.,0.,1.));
#188 = DEFINITIONAL_REPRESENTATION('',(#189),#193);
#189 = LINE('',#190,#191);
#190 = CARTESIAN_POINT('',(26.,0.));
#191 = VECTOR('',#192,1.);
#192 = DIRECTION('',(0.,-1.));
#193 = ( GEOMETRIC_REPRESENTATION_CONTEXT(2) 
PARAMETRIC_REPRESENTATION_CONTEXT() REPRESENTATION_CONTEXT('2D SPACE',''
  ) );
#194 = ORIENTED_EDGE('',*,*,#195,.F.);
#195 = EDGE_CURVE('',#112,#168,#196,.T.);
#196 = SURFACE_CURVE('',#197,(#201,#208),.PCURVE_S1.);
#197 = LINE('',#198,#199);
#198 = CARTESIAN_POINT('',(1.43E+03,-355.,543.));
#199 = VECTOR('',#200,1.);
#200 = DIRECTION('',(1.,0.,-0.));
#201 = PCURVE('',#94,#202);
#202 = DEFINITIONAL_REPRESENTATION('',(#203),#207);
#203 = LINE('',#204,#205);
#204 = CARTESIAN_POINT('',(0.,130.));
#205 = VECTOR('',#206,1.);
#206 = DIRECTION('',(1.,0.));
#207 = ( GEOMETRIC_REPRESENTATION_CONTEXT(2) 
PARAMETRIC_REPRESENTATION_CONTEXT() REPRESENTATION_CONTEXT('2D SPACE',''
  ) );
#208 = PCURVE('',#209,#214);
#209 = PLANE('',#210);
#210 = AXIS2_PLACEMENT_3D('',#211,#212,#213);
#211 = CARTESIAN_POINT('',(1.43E+03,-355.,517.));
#212 = DIRECTION('',(-0.,1.,0.));
#213 = DIRECTION('',(0.,0.,1.));
#214 = DEFINITIONAL_REPRESENTATION('',(#215),#219);
#215 = LINE('',#216,#217);
#216 = CARTESIAN_POINT('',(26.,0.));
#217 = VECTOR('',#218,1.);
#218 = DIRECTION('',(0.,1.));
#219 = ( GEOMETRIC_REPRESENTATION_CONTEXT(2) 
PARAMETRIC_REPRESENTATION_CONTEXT() REPRESENTATION_CONTEXT('2D SPACE',''
  ) );
#220 = FACE_BOUND('',#221,.T.);
#221 = EDGE_LOOP('',(#222));
#222 = ORIENTED_EDGE('',*,*,#79,.F.);
#223 = ADVANCED_FACE('',(#224),#66,.T.);
#224 = FACE_BOUND('',#225,.T.);
#225 = EDGE_LOOP('',(#226));
#226 = ORIENTED_EDGE('',*,*,#51,.T.);
#227 = ADVANCED_FACE('',(#228),#127,.F.);
#228 = FACE_BOUND('',#229,.F.);
#229 = EDGE_LOOP('',(#230,#253,#281,#302));
#230 = ORIENTED_EDGE('',*,*,#231,.F.);
#231 = EDGE_CURVE('',#232,#110,#234,.T.);
#232 = VERTEX_POINT('',#233);
#233 = CARTESIAN_POINT('',(1.43E+03,-485.,517.));
#234 = SURFACE_CURVE('',#235,(#239,#246),.PCURVE_S1.);
#235 = LINE('',#236,#237);
#236 = CARTESIAN_POINT('',(1.43E+03,-485.,517.));
#237 = VECTOR('',#238,1.);
#238 = DIRECTION('',(0.,0.,1.));
#239 = PCURVE('',#127,#240);
#240 = DEFINITIONAL_REPRESENTATION('',(#241),#245);
#241 = LINE('',#242,#243);
#242 = CARTESIAN_POINT('',(0.,0.));
#243 = VECTOR('',#244,1.);
#244 = DIRECTION('',(1.,0.));
#245 = ( GEOMETRIC_REPRESENTATION_CONTEXT(2) 
PARAMETRIC_REPRESENTATION_CONTEXT() REPRESENTATION_CONTEXT('2D SPACE',''
  ) );
#246 = PCURVE('',#155,#247);
#247 = DEFINITIONAL_REPRESENTATION('',(#248),#252);
#248 = LINE('',#249,#250);
#249 = CARTESIAN_POINT('',(0.,0.));
#250 = VECTOR('',#251,1.);
#251 = DIRECTION('',(1.,0.));
#252 = ( GEOMETRIC_REPRESENTATION_CONTEXT(2) 
PARAMETRIC_REPRESENTATION_CONTEXT() REPRESENTATION_CONTEXT('2D SPACE',''
  ) );
#253 = ORIENTED_EDGE('',*,*,#254,.T.);
#254 = EDGE_CURVE('',#232,#255,#257,.T.);
#255 = VERTEX_POINT('',#256);
#256 = CARTESIAN_POINT('',(1.43E+03,-355.,517.));
#257 = SURFACE_CURVE('',#258,(#262,#269),.PCURVE_S1.);
#258 = LINE('',#259,#260);
#259 = CARTESIAN_POINT('',(1.43E+03,-485.,517.));
#260 = VECTOR('',#261,1.);
#261 = DIRECTION('',(-0.,1.,0.));
#262 = PCURVE('',#127,#263);
#263 = DEFINITIONAL_REPRESENTATION('',(#264),#268);
#264 = LINE('',#265,#266);
#265 = CARTESIAN_POINT('',(0.,0.));
#266 = VECTOR('',#267,1.);
#267 = DIRECTION('',(0.,-1.));
#268 = ( GEOMETRIC_REPRESENTATION_CONTEXT(2) 
PARAMETRIC_REPRESENTATION_CONTEXT() REPRESENTATION_CONTEXT('2D SPACE',''
  ) );
#269 = PCURVE('',#270,#275);
#270 = PLANE('',#271);
#271 = AXIS2_PLACEMENT_3D('',#272,#273,#274);
#272 = CARTESIAN_POINT('',(1.43E+03,-485.,517.));
#273 = DIRECTION('',(0.,0.,1.));
#274 = DIRECTION('',(1.,0.,-0.));
#275 = DEFINITIONAL_REPRESENTATION('',(#276),#280);
#276 = LINE('',#277,#278);
#277 = CARTESIAN_POINT('',(0.,0.));
#278 = VECTOR('',#279,1.);
#279 = DIRECTION('',(0.,1.));
#280 = ( GEOMETRIC_REPRESENTATION_CONTEXT(2) 
PARAMETRIC_REPRESENTATION_CONTEXT() REPRESENTATION_CONTEXT('2D SPACE',''
  ) );
#281 = ORIENTED_EDGE('',*,*,#282,.T.);
#282 = EDGE_CURVE('',#255,#112,#283,.T.);
#283 = SURFACE_CURVE('',#284,(#288,#295),.PCURVE_S1.);
#284 = LINE('',#285,#286);
#285 = CARTESIAN_POINT('',(1.43E+03,-355.,517.));
#286 = VECTOR('',#287,1.);
#287 = DIRECTION('',(0.,0.,1.));
#288 = PCURVE('',#127,#289);
#289 = DEFINITIONAL_REPRESENTATION('',(#290),#294);
#290 = LINE('',#291,#292);
#291 = CARTESIAN_POINT('',(0.,-130.));
#292 = VECTOR('',#293,1.);
#293 = DIRECTION('',(1.,0.));
#294 = ( GEOMETRIC_REPRESENTATION_CONTEXT(2) 
PARAMETRIC_REPRESENTATION_CONTEXT() REPRESENTATION_CONTEXT('2D SPACE',''
  ) );
#295 = PCURVE('',#209,#296);
#296 = DEFINITIONAL_REPRESENTATION('',(#297),#301);
#297 = LINE('',#298,#299);
#298 = CARTESIAN_POINT('',(0.,0.));
#299 = VECTOR('',#300,1.);
#300 = DIRECTION('',(1.,0.));
#301 = ( GEOMETRIC_REPRESENTATION_CONTEXT(2) 
PARAMETRIC_REPRESENTATION_CONTEXT() REPRESENTATION_CONTEXT('2D SPACE',''
  ) );
#302 = ORIENTED_EDGE('',*,*,#109,.F.);
#303 = ADVANCED_FACE('',(#304),#209,.T.);
#304 = FACE_BOUND('',#305,.T.);
#305 = EDGE_LOOP('',(#306,#329,#330,#331));
#306 = ORIENTED_EDGE('',*,*,#307,.F.);
#307 = EDGE_CURVE('',#255,#308,#310,.T.);
#308 = VERTEX_POINT('',#309);
#309 = CARTESIAN_POINT('',(1.47E+03,-355.,517.));
#310 = SURFACE_CURVE('',#311,(#315,#322),.PCURVE_S1.);
#311 = LINE('',#312,#313);
#312 = CARTESIAN_POINT('',(1.43E+03,-355.,517.));
#313 = VECTOR('',#314,1.);
#314 = DIRECTION('',(1.,0.,-0.));
#315 = PCURVE('',#209,#316);
#316 = DEFINITIONAL_REPRESENTATION('',(#317),#321);
#317 = LINE('',#318,#319);
#318 = CARTESIAN_POINT('',(0.,0.));
#319 = VECTOR('',#320,1.);
#320 = DIRECTION('',(0.,1.));
#321 = ( GEOMETRIC_REPRESENTATION_CONTEXT(2) 
PARAMETRIC_REPRESENTATION_CONTEXT() REPRESENTATION_CONTEXT('2D SPACE',''
  ) );
#322 = PCURVE('',#270,#323);
#323 = DEFINITIONAL_REPRESENTATION('',(#324),#328);
#324 = LINE('',#325,#326);
#325 = CARTESIAN_POINT('',(0.,130.));
#326 = VECTOR('',#327,1.);
#327 = DIRECTION('',(1.,0.));
#328 = ( GEOMETRIC_REPRESENTATION_CONTEXT(2) 
PARAMETRIC_REPRESENTATION_CONTEXT() REPRESENTATION_CONTEXT('2D SPACE',''
  ) );
#329 = ORIENTED_EDGE('',*,*,#282,.T.);
#330 = ORIENTED_EDGE('',*,*,#195,.T.);
#331 = ORIENTED_EDGE('',*,*,#332,.F.);
#332 = EDGE_CURVE('',#308,#168,#333,.T.);
#333 = SURFACE_CURVE('',#334,(#338,#345),.PCURVE_S1.);
#334 = LINE('',#335,#336);
#335 = CARTESIAN_POINT('',(1.47E+03,-355.,517.));
#336 = VECTOR('',#337,1.);
#337 = DIRECTION('',(0.,0.,1.));
#338 = PCURVE('',#209,#339);
#339 = DEFINITIONAL_REPRESENTATION('',(#340),#344);
#340 = LINE('',#341,#342);
#341 = CARTESIAN_POINT('',(0.,40.));
#342 = VECTOR('',#343,1.);
#343 = DIRECTION('',(1.,0.));
#344 = ( GEOMETRIC_REPRESENTATION_CONTEXT(2) 
PARAMETRIC_REPRESENTATION_CONTEXT() REPRESENTATION_CONTEXT('2D SPACE',''
  ) );
#345 = PCURVE('',#183,#346);
#346 = DEFINITIONAL_REPRESENTATION('',(#347),#351);
#347 = LINE('',#348,#349);
#348 = CARTESIAN_POINT('',(0.,-130.));
#349 = VECTOR('',#350,1.);
#350 = DIRECTION('',(1.,0.));
#351 = ( GEOMETRIC_REPRESENTATION_CONTEXT(2) 
PARAMETRIC_REPRESENTATION_CONTEXT() REPRESENTATION_CONTEXT('2D SPACE',''
  ) );
#352 = ADVANCED_FACE('',(#353),#155,.F.);
#353 = FACE_BOUND('',#354,.F.);
#354 = EDGE_LOOP('',(#355,#378,#379,#380));
#355 = ORIENTED_EDGE('',*,*,#356,.F.);
#356 = EDGE_CURVE('',#232,#357,#359,.T.);
#357 = VERTEX_POINT('',#358);
#358 = CARTESIAN_POINT('',(1.47E+03,-485.,517.));
#359 = SURFACE_CURVE('',#360,(#364,#371),.PCURVE_S1.);
#360 = LINE('',#361,#362);
#361 = CARTESIAN_POINT('',(1.43E+03,-485.,517.));
#362 = VECTOR('',#363,1.);
#363 = DIRECTION('',(1.,0.,-0.));
#364 = PCURVE('',#155,#365);
#365 = DEFINITIONAL_REPRESENTATION('',(#366),#370);
#366 = LINE('',#367,#368);
#367 = CARTESIAN_POINT('',(0.,0.));
#368 = VECTOR('',#369,1.);
#369 = DIRECTION('',(0.,1.));
#370 = ( GEOMETRIC_REPRESENTATION_CONTEXT(2) 
PARAMETRIC_REPRESENTATION_CONTEXT() REPRESENTATION_CONTEXT('2D SPACE',''
  ) );
#371 = PCURVE('',#270,#372);
#372 = DEFINITIONAL_REPRESENTATION('',(#373),#377);
#373 = LINE('',#374,#375);
#374 = CARTESIAN_POINT('',(0.,0.));
#375 = VECTOR('',#376,1.);
#376 = DIRECTION('',(1.,0.));
#377 = ( GEOMETRIC_REPRESENTATION_CONTEXT(2) 
PARAMETRIC_REPRESENTATION_CONTEXT() REPRESENTATION_CONTEXT('2D SPACE',''
  ) );
#378 = ORIENTED_EDGE('',*,*,#231,.T.);
#379 = ORIENTED_EDGE('',*,*,#139,.T.);
#380 = ORIENTED_EDGE('',*,*,#381,.F.);
#381 = EDGE_CURVE('',#357,#140,#382,.T.);
#382 = SURFACE_CURVE('',#383,(#387,#394),.PCURVE_S1.);
#383 = LINE('',#384,#385);
#384 = CARTESIAN_POINT('',(1.47E+03,-485.,517.));
#385 = VECTOR('',#386,1.);
#386 = DIRECTION('',(0.,0.,1.));
#387 = PCURVE('',#155,#388);
#388 = DEFINITIONAL_REPRESENTATION('',(#389),#393);
#389 = LINE('',#390,#391);
#390 = CARTESIAN_POINT('',(0.,40.));
#391 = VECTOR('',#392,1.);
#392 = DIRECTION('',(1.,0.));
#393 = ( GEOMETRIC_REPRESENTATION_CONTEXT(2) 
PARAMETRIC_REPRESENTATION_CONTEXT() REPRESENTATION_CONTEXT('2D SPACE',''
  ) );
#394 = PCURVE('',#183,#395);
#395 = DEFINITIONAL_REPRESENTATION('',(#396),#400);
#396 = LINE('',#397,#398);
#397 = CARTESIAN_POINT('',(0.,0.));
#398 = VECTOR('',#399,1.);
#399 = DIRECTION('',(1.,0.));
#400 = ( GEOMETRIC_REPRESENTATION_CONTEXT(2) 
PARAMETRIC_REPRESENTATION_CONTEXT() REPRESENTATION_CONTEXT('2D SPACE',''
  ) );
#401 = ADVANCED_FACE('',(#402),#183,.T.);
#402 = FACE_BOUND('',#403,.T.);
#403 = EDGE_LOOP('',(#404,#405,#426,#427));
#404 = ORIENTED_EDGE('',*,*,#381,.F.);
#405 = ORIENTED_EDGE('',*,*,#406,.T.);
#406 = EDGE_CURVE('',#357,#308,#407,.T.);
#407 = SURFACE_CURVE('',#408,(#412,#419),.PCURVE_S1.);
#408 = LINE('',#409,#410);
#409 = CARTESIAN_POINT('',(1.47E+03,-485.,517.));
#410 = VECTOR('',#411,1.);
#411 = DIRECTION('',(-0.,1.,0.));
#412 = PCURVE('',#183,#413);
#413 = DEFINITIONAL_REPRESENTATION('',(#414),#418);
#414 = LINE('',#415,#416);
#415 = CARTESIAN_POINT('',(0.,0.));
#416 = VECTOR('',#417,1.);
#417 = DIRECTION('',(0.,-1.));
#418 = ( GEOMETRIC_REPRESENTATION_CONTEXT(2) 
PARAMETRIC_REPRESENTATION_CONTEXT() REPRESENTATION_CONTEXT('2D SPACE',''
  ) );
#419 = PCURVE('',#270,#420);
#420 = DEFINITIONAL_REPRESENTATION('',(#421),#425);
#421 = LINE('',#422,#423);
#422 = CARTESIAN_POINT('',(40.,0.));
#423 = VECTOR('',#424,1.);
#424 = DIRECTION('',(0.,1.));
#425 = ( GEOMETRIC_REPRESENTATION_CONTEXT(2) 
PARAMETRIC_REPRESENTATION_CONTEXT() REPRESENTATION_CONTEXT('2D SPACE',''
  ) );
#426 = ORIENTED_EDGE('',*,*,#332,.T.);
#427 = ORIENTED_EDGE('',*,*,#167,.F.);
#428 = ADVANCED_FACE('',(#429,#435,#470),#270,.F.);
#429 = FACE_BOUND('',#430,.F.);
#430 = EDGE_LOOP('',(#431,#432,#433,#434));
#431 = ORIENTED_EDGE('',*,*,#254,.F.);
#432 = ORIENTED_EDGE('',*,*,#356,.T.);
#433 = ORIENTED_EDGE('',*,*,#406,.T.);
#434 = ORIENTED_EDGE('',*,*,#307,.F.);
#435 = FACE_BOUND('',#436,.F.);
#436 = EDGE_LOOP('',(#437));
#437 = ORIENTED_EDGE('',*,*,#438,.T.);
#438 = EDGE_CURVE('',#439,#439,#441,.T.);
#439 = VERTEX_POINT('',#440);
#440 = CARTESIAN_POINT('',(1.441E+03,-475.,517.));
#441 = SURFACE_CURVE('',#442,(#447,#458),.PCURVE_S1.);
#442 = CIRCLE('',#443,9.);
#443 = AXIS2_PLACEMENT_3D('',#444,#445,#446);
#444 = CARTESIAN_POINT('',(1.45E+03,-475.,517.));
#445 = DIRECTION('',(0.,0.,-1.));
#446 = DIRECTION('',(-1.,0.,-0.));
#447 = PCURVE('',#270,#448);
#448 = DEFINITIONAL_REPRESENTATION('',(#449),#457);
#449 = ( BOUNDED_CURVE() B_SPLINE_CURVE(2,(#450,#451,#452,#453,#454,#455
,#456),.UNSPECIFIED.,.T.,.F.) B_SPLINE_CURVE_WITH_KNOTS((1,2,2,2,2,1),(
    -2.094395102393,0.,2.094395102393,4.188790204786,6.28318530718,
8.377580409573),.UNSPECIFIED.) CURVE() GEOMETRIC_REPRESENTATION_ITEM() 
RATIONAL_B_SPLINE_CURVE((1.,0.5,1.,0.5,1.,0.5,1.)) REPRESENTATION_ITEM(
  '') );
#450 = CARTESIAN_POINT('',(11.,10.));
#451 = CARTESIAN_POINT('',(11.,25.58845726812));
#452 = CARTESIAN_POINT('',(24.5,17.79422863406));
#453 = CARTESIAN_POINT('',(38.,10.));
#454 = CARTESIAN_POINT('',(24.5,2.20577136594));
#455 = CARTESIAN_POINT('',(11.,-5.58845726812));
#456 = CARTESIAN_POINT('',(11.,10.));
#457 = ( GEOMETRIC_REPRESENTATION_CONTEXT(2) 
PARAMETRIC_REPRESENTATION_CONTEXT() REPRESENTATION_CONTEXT('2D SPACE',''
  ) );
#458 = PCURVE('',#459,#464);
#459 = CYLINDRICAL_SURFACE('',#460,9.);
#460 = AXIS2_PLACEMENT_3D('',#461,#462,#463);
#461 = CARTESIAN_POINT('',(1.45E+03,-475.,520.));
#462 = DIRECTION('',(0.,0.,-1.));
#463 = DIRECTION('',(-1.,0.,-0.));
#464 = DEFINITIONAL_REPRESENTATION('',(#465),#469);
#465 = LINE('',#466,#467);
#466 = CARTESIAN_POINT('',(0.,3.));
#467 = VECTOR('',#468,1.);
#468 = DIRECTION('',(1.,0.));
#469 = ( GEOMETRIC_REPRESENTATION_CONTEXT(2) 
PARAMETRIC_REPRESENTATION_CONTEXT() REPRESENTATION_CONTEXT('2D SPACE',''
  ) );
#470 = FACE_BOUND('',#471,.F.);
#471 = EDGE_LOOP('',(#472));
#472 = ORIENTED_EDGE('',*,*,#473,.T.);
#473 = EDGE_CURVE('',#474,#474,#476,.T.);
#474 = VERTEX_POINT('',#475);
#475 = CARTESIAN_POINT('',(1.441E+03,-365.,517.));
#476 = SURFACE_CURVE('',#477,(#482,#493),.PCURVE_S1.);
#477 = CIRCLE('',#478,9.);
#478 = AXIS2_PLACEMENT_3D('',#479,#480,#481);
#479 = CARTESIAN_POINT('',(1.45E+03,-365.,517.));
#480 = DIRECTION('',(0.,0.,-1.));
#481 = DIRECTION('',(-1.,0.,-0.));
#482 = PCURVE('',#270,#483);
#483 = DEFINITIONAL_REPRESENTATION('',(#484),#492);
#484 = ( BOUNDED_CURVE() B_SPLINE_CURVE(2,(#485,#486,#487,#488,#489,#490
,#491),.UNSPECIFIED.,.T.,.F.) B_SPLINE_CURVE_WITH_KNOTS((1,2,2,2,2,1),(
    -2.094395102393,0.,2.094395102393,4.188790204786,6.28318530718,
8.377580409573),.UNSPECIFIED.) CURVE() GEOMETRIC_REPRESENTATION_ITEM() 
RATIONAL_B_SPLINE_CURVE((1.,0.5,1.,0.5,1.,0.5,1.)) REPRESENTATION_ITEM(
  '') );
#485 = CARTESIAN_POINT('',(11.,120.));
#486 = CARTESIAN_POINT('',(11.,135.58845726812));
#487 = CARTESIAN_POINT('',(24.5,127.79422863406));
#488 = CARTESIAN_POINT('',(38.,120.));
#489 = CARTESIAN_POINT('',(24.5,112.20577136594));
#490 = CARTESIAN_POINT('',(11.,104.41154273188));
#491 = CARTESIAN_POINT('',(11.,120.));
#492 = ( GEOMETRIC_REPRESENTATION_CONTEXT(2) 
PARAMETRIC_REPRESENTATION_CONTEXT() REPRESENTATION_CONTEXT('2D SPACE',''
  ) );
#493 = PCURVE('',#494,#499);
#494 = CYLINDRICAL_SURFACE('',#495,9.);
#495 = AXIS2_PLACEMENT_3D('',#496,#497,#498);
#496 = CARTESIAN_POINT('',(1.45E+03,-365.,520.));
#497 = DIRECTION('',(0.,0.,-1.));
#498 = DIRECTION('',(-1.,0.,-0.));
#499 = DEFINITIONAL_REPRESENTATION('',(#500),#504);
#500 = LINE('',#501,#502);
#501 = CARTESIAN_POINT('',(0.,3.));
#502 = VECTOR('',#503,1.);
#503 = DIRECTION('',(1.,0.));
#504 = ( GEOMETRIC_REPRESENTATION_CONTEXT(2) 
PARAMETRIC_REPRESENTATION_CONTEXT() REPRESENTATION_CONTEXT('2D SPACE',''
  ) );
#505 = ADVANCED_FACE('',(#506),#459,.T.);
#506 = FACE_BOUND('',#507,.T.);
#507 = EDGE_LOOP('',(#508,#531,#558,#559));
#508 = ORIENTED_EDGE('',*,*,#509,.T.);
#509 = EDGE_CURVE('',#439,#510,#512,.T.);
#510 = VERTEX_POINT('',#511);
#511 = CARTESIAN_POINT('',(1.441E+03,-475.,254.));
#512 = SEAM_CURVE('',#513,(#517,#524),.PCURVE_S1.);
#513 = LINE('',#514,#515);
#514 = CARTESIAN_POINT('',(1.441E+03,-475.,520.));
#515 = VECTOR('',#516,1.);
#516 = DIRECTION('',(0.,0.,-1.));
#517 = PCURVE('',#459,#518);
#518 = DEFINITIONAL_REPRESENTATION('',(#519),#523);
#519 = LINE('',#520,#521);
#520 = CARTESIAN_POINT('',(6.28318530718,-0.));
#521 = VECTOR('',#522,1.);
#522 = DIRECTION('',(0.,1.));
#523 = ( GEOMETRIC_REPRESENTATION_CONTEXT(2) 
PARAMETRIC_REPRESENTATION_CONTEXT() REPRESENTATION_CONTEXT('2D SPACE',''
  ) );
#524 = PCURVE('',#459,#525);
#525 = DEFINITIONAL_REPRESENTATION('',(#526),#530);
#526 = LINE('',#527,#528);
#527 = CARTESIAN_POINT('',(0.,-0.));
#528 = VECTOR('',#529,1.);
#529 = DIRECTION('',(0.,1.));
#530 = ( GEOMETRIC_REPRESENTATION_CONTEXT(2) 
PARAMETRIC_REPRESENTATION_CONTEXT() REPRESENTATION_CONTEXT('2D SPACE',''
  ) );
#531 = ORIENTED_EDGE('',*,*,#532,.F.);
#532 = EDGE_CURVE('',#510,#510,#533,.T.);
#533 = SURFACE_CURVE('',#534,(#539,#546),.PCURVE_S1.);
#534 = CIRCLE('',#535,9.);
#535 = AXIS2_PLACEMENT_3D('',#536,#537,#538);
#536 = CARTESIAN_POINT('',(1.45E+03,-475.,254.));
#537 = DIRECTION('',(0.,0.,-1.));
#538 = DIRECTION('',(-1.,0.,-0.));
#539 = PCURVE('',#459,#540);
#540 = DEFINITIONAL_REPRESENTATION('',(#541),#545);
#541 = LINE('',#542,#543);
#542 = CARTESIAN_POINT('',(0.,266.));
#543 = VECTOR('',#544,1.);
#544 = DIRECTION('',(1.,0.));
#545 = ( GEOMETRIC_REPRESENTATION_CONTEXT(2) 
PARAMETRIC_REPRESENTATION_CONTEXT() REPRESENTATION_CONTEXT('2D SPACE',''
  ) );
#546 = PCURVE('',#547,#552);
#547 = PLANE('',#548);
#548 = AXIS2_PLACEMENT_3D('',#549,#550,#551);
#549 = CARTESIAN_POINT('',(1.45E+03,-475.,254.));
#550 = DIRECTION('',(0.,0.,-1.));
#551 = DIRECTION('',(-1.,0.,-0.));
#552 = DEFINITIONAL_REPRESENTATION('',(#553),#557);
#553 = CIRCLE('',#554,9.);
#554 = AXIS2_PLACEMENT_2D('',#555,#556);
#555 = CARTESIAN_POINT('',(0.,0.));
#556 = DIRECTION('',(1.,0.));
#557 = ( GEOMETRIC_REPRESENTATION_CONTEXT(2) 
PARAMETRIC_REPRESENTATION_CONTEXT() REPRESENTATION_CONTEXT('2D SPACE',''
  ) );
#558 = ORIENTED_EDGE('',*,*,#509,.F.);
#559 = ORIENTED_EDGE('',*,*,#438,.T.);
#560 = ADVANCED_FACE('',(#561),#494,.T.);
#561 = FACE_BOUND('',#562,.T.);
#562 = EDGE_LOOP('',(#563,#564,#587,#614));
#563 = ORIENTED_EDGE('',*,*,#473,.T.);
#564 = ORIENTED_EDGE('',*,*,#565,.T.);
#565 = EDGE_CURVE('',#474,#566,#568,.T.);
#566 = VERTEX_POINT('',#567);
#567 = CARTESIAN_POINT('',(1.441E+03,-365.,401.5));
#568 = SEAM_CURVE('',#569,(#573,#580),.PCURVE_S1.);
#569 = LINE('',#570,#571);
#570 = CARTESIAN_POINT('',(1.441E+03,-365.,520.));
#571 = VECTOR('',#572,1.);
#572 = DIRECTION('',(0.,0.,-1.));
#573 = PCURVE('',#494,#574);
#574 = DEFINITIONAL_REPRESENTATION('',(#575),#579);
#575 = LINE('',#576,#577);
#576 = CARTESIAN_POINT('',(0.,-0.));
#577 = VECTOR('',#578,1.);
#578 = DIRECTION('',(0.,1.));
#579 = ( GEOMETRIC_REPRESENTATION_CONTEXT(2) 
PARAMETRIC_REPRESENTATION_CONTEXT() REPRESENTATION_CONTEXT('2D SPACE',''
  ) );
#580 = PCURVE('',#494,#581);
#581 = DEFINITIONAL_REPRESENTATION('',(#582),#586);
#582 = LINE('',#583,#584);
#583 = CARTESIAN_POINT('',(6.28318530718,-0.));
#584 = VECTOR('',#585,1.);
#585 = DIRECTION('',(0.,1.));
#586 = ( GEOMETRIC_REPRESENTATION_CONTEXT(2) 
PARAMETRIC_REPRESENTATION_CONTEXT() REPRESENTATION_CONTEXT('2D SPACE',''
  ) );
#587 = ORIENTED_EDGE('',*,*,#588,.F.);
#588 = EDGE_CURVE('',#566,#566,#589,.T.);
#589 = SURFACE_CURVE('',#590,(#595,#602),.PCURVE_S1.);
#590 = CIRCLE('',#591,9.);
#591 = AXIS2_PLACEMENT_3D('',#592,#593,#594);
#592 = CARTESIAN_POINT('',(1.45E+03,-365.,401.5));
#593 = DIRECTION('',(0.,0.,-1.));
#594 = DIRECTION('',(-1.,0.,-0.));
#595 = PCURVE('',#494,#596);
#596 = DEFINITIONAL_REPRESENTATION('',(#597),#601);
#597 = LINE('',#598,#599);
#598 = CARTESIAN_POINT('',(0.,118.5));
#599 = VECTOR('',#600,1.);
#600 = DIRECTION('',(1.,0.));
#601 = ( GEOMETRIC_REPRESENTATION_CONTEXT(2) 
PARAMETRIC_REPRESENTATION_CONTEXT() REPRESENTATION_CONTEXT('2D SPACE',''
  ) );
#602 = PCURVE('',#603,#608);
#603 = PLANE('',#604);
#604 = AXIS2_PLACEMENT_3D('',#605,#606,#607);
#605 = CARTESIAN_POINT('',(1.392368938561E+03,-375.8068649624,401.5));
#606 = DIRECTION('',(-0.,-0.,-1.));
#607 = DIRECTION('',(-1.,0.,0.));
#608 = DEFINITIONAL_REPRESENTATION('',(#609),#613);
#609 = CIRCLE('',#610,9.);
#610 = AXIS2_PLACEMENT_2D('',#611,#612);
#611 = CARTESIAN_POINT('',(-57.63106143927,10.806864962418));
#612 = DIRECTION('',(1.,0.));
#613 = ( GEOMETRIC_REPRESENTATION_CONTEXT(2) 
PARAMETRIC_REPRESENTATION_CONTEXT() REPRESENTATION_CONTEXT('2D SPACE',''
  ) );
#614 = ORIENTED_EDGE('',*,*,#565,.F.);
#615 = ADVANCED_FACE('',(#616),#547,.T.);
#616 = FACE_BOUND('',#617,.T.);
#617 = EDGE_LOOP('',(#618));
#618 = ORIENTED_EDGE('',*,*,#532,.T.);
#619 = ADVANCED_FACE('',(#620,#835),#603,.F.);
#620 = FACE_BOUND('',#621,.F.);
#621 = EDGE_LOOP('',(#622,#652,#680,#708,#734,#760,#781,#809));
#622 = ORIENTED_EDGE('',*,*,#623,.T.);
#623 = EDGE_CURVE('',#624,#626,#628,.T.);
#624 = VERTEX_POINT('',#625);
#625 = CARTESIAN_POINT('',(1.46E+03,-376.,401.5));
#626 = VERTEX_POINT('',#627);
#627 = CARTESIAN_POINT('',(1.324737877121E+03,-397.6137299248,401.5));
#628 = SURFACE_CURVE('',#629,(#633,#640),.PCURVE_S1.);
#629 = LINE('',#630,#631);
#630 = CARTESIAN_POINT('',(1.46E+03,-376.,401.5));
#631 = VECTOR('',#632,1.);
#632 = DIRECTION('',(-0.987472739959,-0.157789694967,0.));
#633 = PCURVE('',#603,#634);
#634 = DEFINITIONAL_REPRESENTATION('',(#635),#639);
#635 = LINE('',#636,#637);
#636 = CARTESIAN_POINT('',(-67.63106143927,-0.193135037582));
#637 = VECTOR('',#638,1.);
#638 = DIRECTION('',(0.987472739959,-0.157789694967));
#639 = ( GEOMETRIC_REPRESENTATION_CONTEXT(2) 
PARAMETRIC_REPRESENTATION_CONTEXT() REPRESENTATION_CONTEXT('2D SPACE',''
  ) );
#640 = PCURVE('',#641,#646);
#641 = PLANE('',#642);
#642 = AXIS2_PLACEMENT_3D('',#643,#644,#645);
#643 = CARTESIAN_POINT('',(1.46E+03,-376.,398.5));
#644 = DIRECTION('',(0.157789694967,-0.987472739959,0.));
#645 = DIRECTION('',(-0.987472739959,-0.157789694967,0.));
#646 = DEFINITIONAL_REPRESENTATION('',(#647),#651);
#647 = LINE('',#648,#649);
#648 = CARTESIAN_POINT('',(0.,-3.));
#649 = VECTOR('',#650,1.);
#650 = DIRECTION('',(1.,0.));
#651 = ( GEOMETRIC_REPRESENTATION_CONTEXT(2) 
PARAMETRIC_REPRESENTATION_CONTEXT() REPRESENTATION_CONTEXT('2D SPACE',''
  ) );
#652 = ORIENTED_EDGE('',*,*,#653,.T.);
#653 = EDGE_CURVE('',#626,#654,#656,.T.);
#654 = VERTEX_POINT('',#655);
#655 = CARTESIAN_POINT('',(1.324737877121E+03,-375.6137299248,401.5));
#656 = SURFACE_CURVE('',#657,(#661,#668),.PCURVE_S1.);
#657 = LINE('',#658,#659);
#658 = CARTESIAN_POINT('',(1.324737877121E+03,-397.6137299248,401.5));
#659 = VECTOR('',#660,1.);
#660 = DIRECTION('',(0.,1.,0.));
#661 = PCURVE('',#603,#662);
#662 = DEFINITIONAL_REPRESENTATION('',(#663),#667);
#663 = LINE('',#664,#665);
#664 = CARTESIAN_POINT('',(67.631061439271,-21.80686496241));
#665 = VECTOR('',#666,1.);
#666 = DIRECTION('',(0.,1.));
#667 = ( GEOMETRIC_REPRESENTATION_CONTEXT(2) 
PARAMETRIC_REPRESENTATION_CONTEXT() REPRESENTATION_CONTEXT('2D SPACE',''
  ) );
#668 = PCURVE('',#669,#674);
#669 = PLANE('',#670);
#670 = AXIS2_PLACEMENT_3D('',#671,#672,#673);
#671 = CARTESIAN_POINT('',(1.324737877121E+03,-397.6137299248,398.5));
#672 = DIRECTION('',(-1.,0.,0.));
#673 = DIRECTION('',(0.,1.,0.));
#674 = DEFINITIONAL_REPRESENTATION('',(#675),#679);
#675 = LINE('',#676,#677);
#676 = CARTESIAN_POINT('',(0.,-3.));
#677 = VECTOR('',#678,1.);
#678 = DIRECTION('',(1.,0.));
#679 = ( GEOMETRIC_REPRESENTATION_CONTEXT(2) 
PARAMETRIC_REPRESENTATION_CONTEXT() REPRESENTATION_CONTEXT('2D SPACE',''
  ) );
#680 = ORIENTED_EDGE('',*,*,#681,.T.);
#681 = EDGE_CURVE('',#654,#682,#684,.T.);
#682 = VERTEX_POINT('',#683);
#683 = CARTESIAN_POINT('',(1.328928402102E+03,-374.9441198873,401.5));
#684 = SURFACE_CURVE('',#685,(#689,#696),.PCURVE_S1.);
#685 = LINE('',#686,#687);
#686 = CARTESIAN_POINT('',(1.324737877121E+03,-375.6137299248,401.5));
#687 = VECTOR('',#688,1.);
#688 = DIRECTION('',(0.987472739959,0.157789694967,0.));
#689 = PCURVE('',#603,#690);
#690 = DEFINITIONAL_REPRESENTATION('',(#691),#695);
#691 = LINE('',#692,#693);
#692 = CARTESIAN_POINT('',(67.631061439271,0.193135037582));
#693 = VECTOR('',#694,1.);
#694 = DIRECTION('',(-0.987472739959,0.157789694967));
#695 = ( GEOMETRIC_REPRESENTATION_CONTEXT(2) 
PARAMETRIC_REPRESENTATION_CONTEXT() REPRESENTATION_CONTEXT('2D SPACE',''
  ) );
#696 = PCURVE('',#697,#702);
#697 = PLANE('',#698);
#698 = AXIS2_PLACEMENT_3D('',#699,#700,#701);
#699 = CARTESIAN_POINT('',(1.324737877121E+03,-375.6137299248,398.5));
#700 = DIRECTION('',(-0.157789694967,0.987472739959,0.));
#701 = DIRECTION('',(0.987472739959,0.157789694967,0.));
#702 = DEFINITIONAL_REPRESENTATION('',(#703),#707);
#703 = LINE('',#704,#705);
#704 = CARTESIAN_POINT('',(0.,-3.));
#705 = VECTOR('',#706,1.);
#706 = DIRECTION('',(1.,0.));
#707 = ( GEOMETRIC_REPRESENTATION_CONTEXT(2) 
PARAMETRIC_REPRESENTATION_CONTEXT() REPRESENTATION_CONTEXT('2D SPACE',''
  ) );
#708 = ORIENTED_EDGE('',*,*,#709,.T.);
#709 = EDGE_CURVE('',#682,#710,#712,.T.);
#710 = VERTEX_POINT('',#711);
#711 = CARTESIAN_POINT('',(1.328928402102E+03,-386.6137299248,401.5));
#712 = SURFACE_CURVE('',#713,(#717,#723),.PCURVE_S1.);
#713 = LINE('',#714,#715);
#714 = CARTESIAN_POINT('',(1.328928402102E+03,386.61372992483,401.5));
#715 = VECTOR('',#716,1.);
#716 = DIRECTION('',(0.,-1.,0.));
#717 = PCURVE('',#603,#718);
#718 = DEFINITIONAL_REPRESENTATION('',(#719),#722);
#719 = B_SPLINE_CURVE_WITH_KNOTS('',1,(#720,#721),.UNSPECIFIED.,.F.,.F.,
  (2,2),(736.25235693235,773.22746224967),.PIECEWISE_BEZIER_KNOTS.);
#720 = CARTESIAN_POINT('',(63.440536458582,26.168237954902));
#721 = CARTESIAN_POINT('',(63.440536458582,-10.80686736241));
#722 = ( GEOMETRIC_REPRESENTATION_CONTEXT(2) 
PARAMETRIC_REPRESENTATION_CONTEXT() REPRESENTATION_CONTEXT('2D SPACE',''
  ) );
#723 = PCURVE('',#724,#729);
#724 = CYLINDRICAL_SURFACE('',#725,6.);
#725 = AXIS2_PLACEMENT_3D('',#726,#727,#728);
#726 = CARTESIAN_POINT('',(1.334737877121E+03,386.61372992483,400.));
#727 = DIRECTION('',(0.,-1.,0.));
#728 = DIRECTION('',(0.,-0.,-1.));
#729 = DEFINITIONAL_REPRESENTATION('',(#730),#733);
#730 = B_SPLINE_CURVE_WITH_KNOTS('',1,(#731,#732),.UNSPECIFIED.,.F.,.F.,
  (2,2),(736.25235693235,773.22746224967),.PIECEWISE_BEZIER_KNOTS.);
#731 = CARTESIAN_POINT('',(4.459708725243,736.25235693235));
#732 = CARTESIAN_POINT('',(4.459708725243,773.22746224967));
#733 = ( GEOMETRIC_REPRESENTATION_CONTEXT(2) 
PARAMETRIC_REPRESENTATION_CONTEXT() REPRESENTATION_CONTEXT('2D SPACE',''
  ) );
#734 = ORIENTED_EDGE('',*,*,#735,.T.);
#735 = EDGE_CURVE('',#710,#736,#738,.T.);
#736 = VERTEX_POINT('',#737);
#737 = CARTESIAN_POINT('',(1.340547352141E+03,-386.6137299248,401.5));
#738 = SURFACE_CURVE('',#739,(#743,#749),.PCURVE_S1.);
#739 = LINE('',#740,#741);
#740 = CARTESIAN_POINT('',(1.363553407841E+03,-386.6137299248,401.5));
#741 = VECTOR('',#742,1.);
#742 = DIRECTION('',(1.,0.,-0.));
#743 = PCURVE('',#603,#744);
#744 = DEFINITIONAL_REPRESENTATION('',(#745),#748);
#745 = B_SPLINE_CURVE_WITH_KNOTS('',1,(#746,#747),.UNSPECIFIED.,.F.,.F.,
  (2,2),(-34.81553071963,-22.81553071963),.PIECEWISE_BEZIER_KNOTS.);
#746 = CARTESIAN_POINT('',(63.631061439271,-10.80686496241));
#747 = CARTESIAN_POINT('',(51.631061439271,-10.80686496241));
#748 = ( GEOMETRIC_REPRESENTATION_CONTEXT(2) 
PARAMETRIC_REPRESENTATION_CONTEXT() REPRESENTATION_CONTEXT('2D SPACE',''
  ) );
#749 = PCURVE('',#750,#755);
#750 = PLANE('',#751);
#751 = AXIS2_PLACEMENT_3D('',#752,#753,#754);
#752 = CARTESIAN_POINT('',(1.334737877121E+03,-386.6137299248,400.));
#753 = DIRECTION('',(0.,-1.,0.));
#754 = DIRECTION('',(0.,-0.,-1.));
#755 = DEFINITIONAL_REPRESENTATION('',(#756),#759);
#756 = B_SPLINE_CURVE_WITH_KNOTS('',1,(#757,#758),.UNSPECIFIED.,.F.,.F.,
  (2,2),(-34.81553071963,-22.81553071963),.PIECEWISE_BEZIER_KNOTS.);
#757 = CARTESIAN_POINT('',(-1.5,-6.));
#758 = CARTESIAN_POINT('',(-1.5,6.));
#759 = ( GEOMETRIC_REPRESENTATION_CONTEXT(2) 
PARAMETRIC_REPRESENTATION_CONTEXT() REPRESENTATION_CONTEXT('2D SPACE',''
  ) );
#760 = ORIENTED_EDGE('',*,*,#761,.F.);
#761 = EDGE_CURVE('',#762,#736,#764,.T.);
#762 = VERTEX_POINT('',#763);
#763 = CARTESIAN_POINT('',(1.340547352141E+03,-373.0875110836,401.5));
#764 = SURFACE_CURVE('',#765,(#769,#775),.PCURVE_S1.);
#765 = LINE('',#766,#767);
#766 = CARTESIAN_POINT('',(1.340547352141E+03,386.61372992483,401.5));
#767 = VECTOR('',#768,1.);
#768 = DIRECTION('',(0.,-1.,0.));
#769 = PCURVE('',#603,#770);
#770 = DEFINITIONAL_REPRESENTATION('',(#771),#774);
#771 = B_SPLINE_CURVE_WITH_KNOTS('',1,(#772,#773),.UNSPECIFIED.,.F.,.F.,
  (2,2),(736.25235693235,773.22746224967),.PIECEWISE_BEZIER_KNOTS.);
#772 = CARTESIAN_POINT('',(51.82158641996,26.168237954902));
#773 = CARTESIAN_POINT('',(51.82158641996,-10.80686736241));
#774 = ( GEOMETRIC_REPRESENTATION_CONTEXT(2) 
PARAMETRIC_REPRESENTATION_CONTEXT() REPRESENTATION_CONTEXT('2D SPACE',''
  ) );
#775 = PCURVE('',#724,#776);
#776 = DEFINITIONAL_REPRESENTATION('',(#777),#780);
#777 = B_SPLINE_CURVE_WITH_KNOTS('',1,(#778,#779),.UNSPECIFIED.,.F.,.F.,
  (2,2),(736.25235693235,773.22746224967),.PIECEWISE_BEZIER_KNOTS.);
#778 = CARTESIAN_POINT('',(1.823476581937,736.25235693235));
#779 = CARTESIAN_POINT('',(1.823476581937,773.22746224967));
#780 = ( GEOMETRIC_REPRESENTATION_CONTEXT(2) 
PARAMETRIC_REPRESENTATION_CONTEXT() REPRESENTATION_CONTEXT('2D SPACE',''
  ) );
#781 = ORIENTED_EDGE('',*,*,#782,.T.);
#782 = EDGE_CURVE('',#762,#783,#785,.T.);
#783 = VERTEX_POINT('',#784);
#784 = CARTESIAN_POINT('',(1.46E+03,-354.,401.5));
#785 = SURFACE_CURVE('',#786,(#790,#797),.PCURVE_S1.);
#786 = LINE('',#787,#788);
#787 = CARTESIAN_POINT('',(1.324737877121E+03,-375.6137299248,401.5));
#788 = VECTOR('',#789,1.);
#789 = DIRECTION('',(0.987472739959,0.157789694967,0.));
#790 = PCURVE('',#603,#791);
#791 = DEFINITIONAL_REPRESENTATION('',(#792),#796);
#792 = LINE('',#793,#794);
#793 = CARTESIAN_POINT('',(67.631061439271,0.193135037582));
#794 = VECTOR('',#795,1.);
#795 = DIRECTION('',(-0.987472739959,0.157789694967));
#796 = ( GEOMETRIC_REPRESENTATION_CONTEXT(2) 
PARAMETRIC_REPRESENTATION_CONTEXT() REPRESENTATION_CONTEXT('2D SPACE',''
  ) );
#797 = PCURVE('',#798,#803);
#798 = PLANE('',#799);
#799 = AXIS2_PLACEMENT_3D('',#800,#801,#802);
#800 = CARTESIAN_POINT('',(1.324737877121E+03,-375.6137299248,398.5));
#801 = DIRECTION('',(-0.157789694967,0.987472739959,0.));
#802 = DIRECTION('',(0.987472739959,0.157789694967,0.));
#803 = DEFINITIONAL_REPRESENTATION('',(#804),#808);
#804 = LINE('',#805,#806);
#805 = CARTESIAN_POINT('',(0.,-3.));
#806 = VECTOR('',#807,1.);
#807 = DIRECTION('',(1.,0.));
#808 = ( GEOMETRIC_REPRESENTATION_CONTEXT(2) 
PARAMETRIC_REPRESENTATION_CONTEXT() REPRESENTATION_CONTEXT('2D SPACE',''
  ) );
#809 = ORIENTED_EDGE('',*,*,#810,.T.);
#810 = EDGE_CURVE('',#783,#624,#811,.T.);
#811 = SURFACE_CURVE('',#812,(#816,#823),.PCURVE_S1.);
#812 = LINE('',#813,#814);
#813 = CARTESIAN_POINT('',(1.46E+03,-354.,401.5));
#814 = VECTOR('',#815,1.);
#815 = DIRECTION('',(0.,-1.,0.));
#816 = PCURVE('',#603,#817);
#817 = DEFINITIONAL_REPRESENTATION('',(#818),#822);
#818 = LINE('',#819,#820);
#819 = CARTESIAN_POINT('',(-67.63106143927,21.806864962418));
#820 = VECTOR('',#821,1.);
#821 = DIRECTION('',(0.,-1.));
#822 = ( GEOMETRIC_REPRESENTATION_CONTEXT(2) 
PARAMETRIC_REPRESENTATION_CONTEXT() REPRESENTATION_CONTEXT('2D SPACE',''
  ) );
#823 = PCURVE('',#824,#829);
#824 = PLANE('',#825);
#825 = AXIS2_PLACEMENT_3D('',#826,#827,#828);
#826 = CARTESIAN_POINT('',(1.46E+03,-354.,398.5));
#827 = DIRECTION('',(1.,0.,-0.));
#828 = DIRECTION('',(0.,-1.,0.));
#829 = DEFINITIONAL_REPRESENTATION('',(#830),#834);
#830 = LINE('',#831,#832);
#831 = CARTESIAN_POINT('',(0.,-3.));
#832 = VECTOR('',#833,1.);
#833 = DIRECTION('',(1.,0.));
#834 = ( GEOMETRIC_REPRESENTATION_CONTEXT(2) 
PARAMETRIC_REPRESENTATION_CONTEXT() REPRESENTATION_CONTEXT('2D SPACE',''
  ) );
#835 = FACE_BOUND('',#836,.F.);
#836 = EDGE_LOOP('',(#837));
#837 = ORIENTED_EDGE('',*,*,#588,.F.);
#838 = ADVANCED_FACE('',(#839),#641,.T.);
#839 = FACE_BOUND('',#840,.T.);
#840 = EDGE_LOOP('',(#841,#864,#865,#888));
#841 = ORIENTED_EDGE('',*,*,#842,.T.);
#842 = EDGE_CURVE('',#843,#624,#845,.T.);
#843 = VERTEX_POINT('',#844);
#844 = CARTESIAN_POINT('',(1.46E+03,-376.,398.5));
#845 = SURFACE_CURVE('',#846,(#850,#857),.PCURVE_S1.);
#846 = LINE('',#847,#848);
#847 = CARTESIAN_POINT('',(1.46E+03,-376.,398.5));
#848 = VECTOR('',#849,1.);
#849 = DIRECTION('',(0.,0.,1.));
#850 = PCURVE('',#641,#851);
#851 = DEFINITIONAL_REPRESENTATION('',(#852),#856);
#852 = LINE('',#853,#854);
#853 = CARTESIAN_POINT('',(0.,0.));
#854 = VECTOR('',#855,1.);
#855 = DIRECTION('',(0.,-1.));
#856 = ( GEOMETRIC_REPRESENTATION_CONTEXT(2) 
PARAMETRIC_REPRESENTATION_CONTEXT() REPRESENTATION_CONTEXT('2D SPACE',''
  ) );
#857 = PCURVE('',#824,#858);
#858 = DEFINITIONAL_REPRESENTATION('',(#859),#863);
#859 = LINE('',#860,#861);
#860 = CARTESIAN_POINT('',(22.,0.));
#861 = VECTOR('',#862,1.);
#862 = DIRECTION('',(0.,-1.));
#863 = ( GEOMETRIC_REPRESENTATION_CONTEXT(2) 
PARAMETRIC_REPRESENTATION_CONTEXT() REPRESENTATION_CONTEXT('2D SPACE',''
  ) );
#864 = ORIENTED_EDGE('',*,*,#623,.T.);
#865 = ORIENTED_EDGE('',*,*,#866,.F.);
#866 = EDGE_CURVE('',#867,#626,#869,.T.);
#867 = VERTEX_POINT('',#868);
#868 = CARTESIAN_POINT('',(1.324737877121E+03,-397.6137299248,398.5));
#869 = SURFACE_CURVE('',#870,(#874,#881),.PCURVE_S1.);
#870 = LINE('',#871,#872);
#871 = CARTESIAN_POINT('',(1.324737877121E+03,-397.6137299248,398.5));
#872 = VECTOR('',#873,1.);
#873 = DIRECTION('',(0.,0.,1.));
#874 = PCURVE('',#641,#875);
#875 = DEFINITIONAL_REPRESENTATION('',(#876),#880);
#876 = LINE('',#877,#878);
#877 = CARTESIAN_POINT('',(136.97808294349,0.));
#878 = VECTOR('',#879,1.);
#879 = DIRECTION('',(0.,-1.));
#880 = ( GEOMETRIC_REPRESENTATION_CONTEXT(2) 
PARAMETRIC_REPRESENTATION_CONTEXT() REPRESENTATION_CONTEXT('2D SPACE',''
  ) );
#881 = PCURVE('',#669,#882);
#882 = DEFINITIONAL_REPRESENTATION('',(#883),#887);
#883 = LINE('',#884,#885);
#884 = CARTESIAN_POINT('',(0.,0.));
#885 = VECTOR('',#886,1.);
#886 = DIRECTION('',(0.,-1.));
#887 = ( GEOMETRIC_REPRESENTATION_CONTEXT(2) 
PARAMETRIC_REPRESENTATION_CONTEXT() REPRESENTATION_CONTEXT('2D SPACE',''
  ) );
#888 = ORIENTED_EDGE('',*,*,#889,.F.);
#889 = EDGE_CURVE('',#843,#867,#890,.T.);
#890 = SURFACE_CURVE('',#891,(#895,#902),.PCURVE_S1.);
#891 = LINE('',#892,#893);
#892 = CARTESIAN_POINT('',(1.46E+03,-376.,398.5));
#893 = VECTOR('',#894,1.);
#894 = DIRECTION('',(-0.987472739959,-0.157789694967,0.));
#895 = PCURVE('',#641,#896);
#896 = DEFINITIONAL_REPRESENTATION('',(#897),#901);
#897 = LINE('',#898,#899);
#898 = CARTESIAN_POINT('',(0.,0.));
#899 = VECTOR('',#900,1.);
#900 = DIRECTION('',(1.,0.));
#901 = ( GEOMETRIC_REPRESENTATION_CONTEXT(2) 
PARAMETRIC_REPRESENTATION_CONTEXT() REPRESENTATION_CONTEXT('2D SPACE',''
  ) );
#902 = PCURVE('',#903,#908);
#903 = PLANE('',#904);
#904 = AXIS2_PLACEMENT_3D('',#905,#906,#907);
#905 = CARTESIAN_POINT('',(1.392368938561E+03,-375.8068649624,398.5));
#906 = DIRECTION('',(-0.,-0.,-1.));
#907 = DIRECTION('',(-1.,0.,0.));
#908 = DEFINITIONAL_REPRESENTATION('',(#909),#913);
#909 = LINE('',#910,#911);
#910 = CARTESIAN_POINT('',(-67.63106143927,-0.193135037582));
#911 = VECTOR('',#912,1.);
#912 = DIRECTION('',(0.987472739959,-0.157789694967));
#913 = ( GEOMETRIC_REPRESENTATION_CONTEXT(2) 
PARAMETRIC_REPRESENTATION_CONTEXT() REPRESENTATION_CONTEXT('2D SPACE',''
  ) );
#914 = ADVANCED_FACE('',(#915),#824,.T.);
#915 = FACE_BOUND('',#916,.T.);
#916 = EDGE_LOOP('',(#917,#940,#941,#942));
#917 = ORIENTED_EDGE('',*,*,#918,.T.);
#918 = EDGE_CURVE('',#919,#783,#921,.T.);
#919 = VERTEX_POINT('',#920);
#920 = CARTESIAN_POINT('',(1.46E+03,-354.,398.5));
#921 = SURFACE_CURVE('',#922,(#926,#933),.PCURVE_S1.);
#922 = LINE('',#923,#924);
#923 = CARTESIAN_POINT('',(1.46E+03,-354.,398.5));
#924 = VECTOR('',#925,1.);
#925 = DIRECTION('',(0.,0.,1.));
#926 = PCURVE('',#824,#927);
#927 = DEFINITIONAL_REPRESENTATION('',(#928),#932);
#928 = LINE('',#929,#930);
#929 = CARTESIAN_POINT('',(0.,0.));
#930 = VECTOR('',#931,1.);
#931 = DIRECTION('',(0.,-1.));
#932 = ( GEOMETRIC_REPRESENTATION_CONTEXT(2) 
PARAMETRIC_REPRESENTATION_CONTEXT() REPRESENTATION_CONTEXT('2D SPACE',''
  ) );
#933 = PCURVE('',#798,#934);
#934 = DEFINITIONAL_REPRESENTATION('',(#935),#939);
#935 = LINE('',#936,#937);
#936 = CARTESIAN_POINT('',(136.97808294349,0.));
#937 = VECTOR('',#938,1.);
#938 = DIRECTION('',(0.,-1.));
#939 = ( GEOMETRIC_REPRESENTATION_CONTEXT(2) 
PARAMETRIC_REPRESENTATION_CONTEXT() REPRESENTATION_CONTEXT('2D SPACE',''
  ) );
#940 = ORIENTED_EDGE('',*,*,#810,.T.);
#941 = ORIENTED_EDGE('',*,*,#842,.F.);
#942 = ORIENTED_EDGE('',*,*,#943,.F.);
#943 = EDGE_CURVE('',#919,#843,#944,.T.);
#944 = SURFACE_CURVE('',#945,(#949,#956),.PCURVE_S1.);
#945 = LINE('',#946,#947);
#946 = CARTESIAN_POINT('',(1.46E+03,-354.,398.5));
#947 = VECTOR('',#948,1.);
#948 = DIRECTION('',(0.,-1.,0.));
#949 = PCURVE('',#824,#950);
#950 = DEFINITIONAL_REPRESENTATION('',(#951),#955);
#951 = LINE('',#952,#953);
#952 = CARTESIAN_POINT('',(0.,0.));
#953 = VECTOR('',#954,1.);
#954 = DIRECTION('',(1.,0.));
#955 = ( GEOMETRIC_REPRESENTATION_CONTEXT(2) 
PARAMETRIC_REPRESENTATION_CONTEXT() REPRESENTATION_CONTEXT('2D SPACE',''
  ) );
#956 = PCURVE('',#903,#957);
#957 = DEFINITIONAL_REPRESENTATION('',(#958),#962);
#958 = LINE('',#959,#960);
#959 = CARTESIAN_POINT('',(-67.63106143927,21.806864962418));
#960 = VECTOR('',#961,1.);
#961 = DIRECTION('',(0.,-1.));
#962 = ( GEOMETRIC_REPRESENTATION_CONTEXT(2) 
PARAMETRIC_REPRESENTATION_CONTEXT() REPRESENTATION_CONTEXT('2D SPACE',''
  ) );
#963 = ADVANCED_FACE('',(#964),#798,.T.);
#964 = FACE_BOUND('',#965,.T.);
#965 = EDGE_LOOP('',(#966,#989,#1015,#1016));
#966 = ORIENTED_EDGE('',*,*,#967,.F.);
#967 = EDGE_CURVE('',#968,#919,#970,.T.);
#968 = VERTEX_POINT('',#969);
#969 = CARTESIAN_POINT('',(1.340547352141E+03,-373.0875110836,398.5));
#970 = SURFACE_CURVE('',#971,(#975,#982),.PCURVE_S1.);
#971 = LINE('',#972,#973);
#972 = CARTESIAN_POINT('',(1.324737877121E+03,-375.6137299248,398.5));
#973 = VECTOR('',#974,1.);
#974 = DIRECTION('',(0.987472739959,0.157789694967,0.));
#975 = PCURVE('',#798,#976);
#976 = DEFINITIONAL_REPRESENTATION('',(#977),#981);
#977 = LINE('',#978,#979);
#978 = CARTESIAN_POINT('',(0.,0.));
#979 = VECTOR('',#980,1.);
#980 = DIRECTION('',(1.,0.));
#981 = ( GEOMETRIC_REPRESENTATION_CONTEXT(2) 
PARAMETRIC_REPRESENTATION_CONTEXT() REPRESENTATION_CONTEXT('2D SPACE',''
  ) );
#982 = PCURVE('',#903,#983);
#983 = DEFINITIONAL_REPRESENTATION('',(#984),#988);
#984 = LINE('',#985,#986);
#985 = CARTESIAN_POINT('',(67.631061439271,0.193135037582));
#986 = VECTOR('',#987,1.);
#987 = DIRECTION('',(-0.987472739959,0.157789694967));
#988 = ( GEOMETRIC_REPRESENTATION_CONTEXT(2) 
PARAMETRIC_REPRESENTATION_CONTEXT() REPRESENTATION_CONTEXT('2D SPACE',''
  ) );
#989 = ORIENTED_EDGE('',*,*,#990,.F.);
#990 = EDGE_CURVE('',#762,#968,#991,.T.);
#991 = SURFACE_CURVE('',#992,(#997,#1004),.PCURVE_S1.);
#992 = ELLIPSE('',#993,6.076117098938,6.);
#993 = AXIS2_PLACEMENT_3D('',#994,#995,#996);
#994 = CARTESIAN_POINT('',(1.334737877121E+03,-374.0158154854,400.));
#995 = DIRECTION('',(-0.157789694967,0.987472739959,0.));
#996 = DIRECTION('',(-0.987472739959,-0.157789694967,0.));
#997 = PCURVE('',#798,#998);
#998 = DEFINITIONAL_REPRESENTATION('',(#999),#1003);
#999 = ELLIPSE('',#1000,6.076117098938,6.);
#1000 = AXIS2_PLACEMENT_2D('',#1001,#1002);
#1001 = CARTESIAN_POINT('',(10.126861831563,-1.5));
#1002 = DIRECTION('',(-1.,-0.));
#1003 = ( GEOMETRIC_REPRESENTATION_CONTEXT(2) 
PARAMETRIC_REPRESENTATION_CONTEXT() REPRESENTATION_CONTEXT('2D SPACE',''
  ) );
#1004 = PCURVE('',#724,#1005);
#1005 = DEFINITIONAL_REPRESENTATION('',(#1006),#1014);
#1006 = B_SPLINE_CURVE_WITH_KNOTS('',6,(#1007,#1008,#1009,#1010,#1011,
    #1012,#1013),.UNSPECIFIED.,.F.,.F.,(7,7),(2.836899999571,
    3.446285307608),.PIECEWISE_BEZIER_KNOTS.);
#1007 = CARTESIAN_POINT('',(1.875488980813,759.71495747575));
#1008 = CARTESIAN_POINT('',(1.773924762807,759.68574510827));
#1009 = CARTESIAN_POINT('',(1.672360544801,759.66785382988));
#1010 = CARTESIAN_POINT('',(1.570796326795,759.66182603211));
#1011 = CARTESIAN_POINT('',(1.469232108789,759.66785382988));
#1012 = CARTESIAN_POINT('',(1.367667890783,759.68574510827));
#1013 = CARTESIAN_POINT('',(1.266103672776,759.71495747575));
#1014 = ( GEOMETRIC_REPRESENTATION_CONTEXT(2) 
PARAMETRIC_REPRESENTATION_CONTEXT() REPRESENTATION_CONTEXT('2D SPACE',''
  ) );
#1015 = ORIENTED_EDGE('',*,*,#782,.T.);
#1016 = ORIENTED_EDGE('',*,*,#918,.F.);
#1017 = ADVANCED_FACE('',(#1018),#724,.T.);
#1018 = FACE_BOUND('',#1019,.T.);
#1019 = EDGE_LOOP('',(#1020,#1045,#1074,#1095,#1121,#1122,#1144,#1145,
    #1146,#1167,#1189,#1190,#1219,#1245,#1278,#1304,#1333,#1715,#1736,
    #1769,#2151));
#1020 = ORIENTED_EDGE('',*,*,#1021,.T.);
#1021 = EDGE_CURVE('',#1022,#1024,#1026,.T.);
#1022 = VERTEX_POINT('',#1023);
#1023 = CARTESIAN_POINT('',(1.334737877121E+03,386.61372992483,394.));
#1024 = VERTEX_POINT('',#1025);
#1025 = CARTESIAN_POINT('',(1.334737877121E+03,-386.6137299248,394.));
#1026 = SEAM_CURVE('',#1027,(#1031,#1038),.PCURVE_S1.);
#1027 = LINE('',#1028,#1029);
#1028 = CARTESIAN_POINT('',(1.334737877121E+03,386.61372992483,394.));
#1029 = VECTOR('',#1030,1.);
#1030 = DIRECTION('',(0.,-1.,0.));
#1031 = PCURVE('',#724,#1032);
#1032 = DEFINITIONAL_REPRESENTATION('',(#1033),#1037);
#1033 = LINE('',#1034,#1035);
#1034 = CARTESIAN_POINT('',(6.28318530718,-0.));
#1035 = VECTOR('',#1036,1.);
#1036 = DIRECTION('',(0.,1.));
#1037 = ( GEOMETRIC_REPRESENTATION_CONTEXT(2) 
PARAMETRIC_REPRESENTATION_CONTEXT() REPRESENTATION_CONTEXT('2D SPACE',''
  ) );
#1038 = PCURVE('',#724,#1039);
#1039 = DEFINITIONAL_REPRESENTATION('',(#1040),#1044);
#1040 = LINE('',#1041,#1042);
#1041 = CARTESIAN_POINT('',(0.,-0.));
#1042 = VECTOR('',#1043,1.);
#1043 = DIRECTION('',(0.,1.));
#1044 = ( GEOMETRIC_REPRESENTATION_CONTEXT(2) 
PARAMETRIC_REPRESENTATION_CONTEXT() REPRESENTATION_CONTEXT('2D SPACE',''
  ) );
#1045 = ORIENTED_EDGE('',*,*,#1046,.F.);
#1046 = EDGE_CURVE('',#1047,#1024,#1049,.T.);
#1047 = VERTEX_POINT('',#1048);
#1048 = CARTESIAN_POINT('',(1.328928402102E+03,-386.6137299248,398.5));
#1049 = SURFACE_CURVE('',#1050,(#1055,#1062),.PCURVE_S1.);
#1050 = CIRCLE('',#1051,6.);
#1051 = AXIS2_PLACEMENT_3D('',#1052,#1053,#1054);
#1052 = CARTESIAN_POINT('',(1.334737877121E+03,-386.6137299248,400.));
#1053 = DIRECTION('',(0.,-1.,0.));
#1054 = DIRECTION('',(0.,-0.,-1.));
#1055 = PCURVE('',#724,#1056);
#1056 = DEFINITIONAL_REPRESENTATION('',(#1057),#1061);
#1057 = LINE('',#1058,#1059);
#1058 = CARTESIAN_POINT('',(0.,773.22745984967));
#1059 = VECTOR('',#1060,1.);
#1060 = DIRECTION('',(1.,0.));
#1061 = ( GEOMETRIC_REPRESENTATION_CONTEXT(2) 
PARAMETRIC_REPRESENTATION_CONTEXT() REPRESENTATION_CONTEXT('2D SPACE',''
  ) );
#1062 = PCURVE('',#1063,#1068);
#1063 = PLANE('',#1064);
#1064 = AXIS2_PLACEMENT_3D('',#1065,#1066,#1067);
#1065 = CARTESIAN_POINT('',(1.334737877121E+03,-386.6137299248,400.));
#1066 = DIRECTION('',(0.,-1.,0.));
#1067 = DIRECTION('',(0.,-0.,-1.));
#1068 = DEFINITIONAL_REPRESENTATION('',(#1069),#1073);
#1069 = CIRCLE('',#1070,6.);
#1070 = AXIS2_PLACEMENT_2D('',#1071,#1072);
#1071 = CARTESIAN_POINT('',(0.,0.));
#1072 = DIRECTION('',(1.,0.));
#1073 = ( GEOMETRIC_REPRESENTATION_CONTEXT(2) 
PARAMETRIC_REPRESENTATION_CONTEXT() REPRESENTATION_CONTEXT('2D SPACE',''
  ) );
#1074 = ORIENTED_EDGE('',*,*,#1075,.F.);
#1075 = EDGE_CURVE('',#1076,#1047,#1078,.T.);
#1076 = VERTEX_POINT('',#1077);
#1077 = CARTESIAN_POINT('',(1.328928402102E+03,-374.9441198873,398.5));
#1078 = SURFACE_CURVE('',#1079,(#1083,#1089),.PCURVE_S1.);
#1079 = LINE('',#1080,#1081);
#1080 = CARTESIAN_POINT('',(1.328928402102E+03,386.61372992483,398.5));
#1081 = VECTOR('',#1082,1.);
#1082 = DIRECTION('',(0.,-1.,0.));
#1083 = PCURVE('',#724,#1084);
#1084 = DEFINITIONAL_REPRESENTATION('',(#1085),#1088);
#1085 = B_SPLINE_CURVE_WITH_KNOTS('',1,(#1086,#1087),.UNSPECIFIED.,.F.,
  .F.,(2,2),(736.25235693235,773.22746224967),.PIECEWISE_BEZIER_KNOTS.);
#1086 = CARTESIAN_POINT('',(4.965069235527,736.25235693235));
#1087 = CARTESIAN_POINT('',(4.965069235527,773.22746224967));
#1088 = ( GEOMETRIC_REPRESENTATION_CONTEXT(2) 
PARAMETRIC_REPRESENTATION_CONTEXT() REPRESENTATION_CONTEXT('2D SPACE',''
  ) );
#1089 = PCURVE('',#903,#1090);
#1090 = DEFINITIONAL_REPRESENTATION('',(#1091),#1094);
#1091 = B_SPLINE_CURVE_WITH_KNOTS('',1,(#1092,#1093),.UNSPECIFIED.,.F.,
  .F.,(2,2),(736.25235693235,773.22746224967),.PIECEWISE_BEZIER_KNOTS.);
#1092 = CARTESIAN_POINT('',(63.440536458582,26.168237954902));
#1093 = CARTESIAN_POINT('',(63.440536458582,-10.80686736241));
#1094 = ( GEOMETRIC_REPRESENTATION_CONTEXT(2) 
PARAMETRIC_REPRESENTATION_CONTEXT() REPRESENTATION_CONTEXT('2D SPACE',''
  ) );
#1095 = ORIENTED_EDGE('',*,*,#1096,.T.);
#1096 = EDGE_CURVE('',#1076,#682,#1097,.T.);
#1097 = SURFACE_CURVE('',#1098,(#1103,#1114),.PCURVE_S1.);
#1098 = ELLIPSE('',#1099,6.076117098938,6.);
#1099 = AXIS2_PLACEMENT_3D('',#1100,#1101,#1102);
#1100 = CARTESIAN_POINT('',(1.334737877121E+03,-374.0158154854,400.));
#1101 = DIRECTION('',(-0.157789694967,0.987472739959,0.));
#1102 = DIRECTION('',(-0.987472739959,-0.157789694967,0.));
#1103 = PCURVE('',#724,#1104);
#1104 = DEFINITIONAL_REPRESENTATION('',(#1105),#1113);
#1105 = B_SPLINE_CURVE_WITH_KNOTS('',6,(#1106,#1107,#1108,#1109,#1110,
    #1111,#1112),.UNSPECIFIED.,.F.,.F.,(7,7),(5.978492653161,
    6.587877961198),.PIECEWISE_BEZIER_KNOTS.);
#1106 = CARTESIAN_POINT('',(5.017081634403,761.54413334483));
#1107 = CARTESIAN_POINT('',(4.915517416397,761.57334571231));
#1108 = CARTESIAN_POINT('',(4.813953198391,761.5912369907));
#1109 = CARTESIAN_POINT('',(4.712388980385,761.59726478843));
#1110 = CARTESIAN_POINT('',(4.610824762378,761.5912369907));
#1111 = CARTESIAN_POINT('',(4.509260544372,761.57334571231));
#1112 = CARTESIAN_POINT('',(4.407696326366,761.54413334483));
#1113 = ( GEOMETRIC_REPRESENTATION_CONTEXT(2) 
PARAMETRIC_REPRESENTATION_CONTEXT() REPRESENTATION_CONTEXT('2D SPACE',''
  ) );
#1114 = PCURVE('',#697,#1115);
#1115 = DEFINITIONAL_REPRESENTATION('',(#1116),#1120);
#1116 = ELLIPSE('',#1117,6.076117098938,6.);
#1117 = AXIS2_PLACEMENT_2D('',#1118,#1119);
#1118 = CARTESIAN_POINT('',(10.126861831563,-1.5));
#1119 = DIRECTION('',(-1.,-0.));
#1120 = ( GEOMETRIC_REPRESENTATION_CONTEXT(2) 
PARAMETRIC_REPRESENTATION_CONTEXT() REPRESENTATION_CONTEXT('2D SPACE',''
  ) );
#1121 = ORIENTED_EDGE('',*,*,#709,.T.);
#1122 = ORIENTED_EDGE('',*,*,#1123,.F.);
#1123 = EDGE_CURVE('',#736,#710,#1124,.T.);
#1124 = SURFACE_CURVE('',#1125,(#1130,#1137),.PCURVE_S1.);
#1125 = CIRCLE('',#1126,6.);
#1126 = AXIS2_PLACEMENT_3D('',#1127,#1128,#1129);
#1127 = CARTESIAN_POINT('',(1.334737877121E+03,-386.6137299248,400.));
#1128 = DIRECTION('',(0.,-1.,0.));
#1129 = DIRECTION('',(0.,-0.,-1.));
#1130 = PCURVE('',#724,#1131);
#1131 = DEFINITIONAL_REPRESENTATION('',(#1132),#1136);
#1132 = LINE('',#1133,#1134);
#1133 = CARTESIAN_POINT('',(0.,773.22745984967));
#1134 = VECTOR('',#1135,1.);
#1135 = DIRECTION('',(1.,0.));
#1136 = ( GEOMETRIC_REPRESENTATION_CONTEXT(2) 
PARAMETRIC_REPRESENTATION_CONTEXT() REPRESENTATION_CONTEXT('2D SPACE',''
  ) );
#1137 = PCURVE('',#750,#1138);
#1138 = DEFINITIONAL_REPRESENTATION('',(#1139),#1143);
#1139 = CIRCLE('',#1140,6.);
#1140 = AXIS2_PLACEMENT_2D('',#1141,#1142);
#1141 = CARTESIAN_POINT('',(0.,0.));
#1142 = DIRECTION('',(1.,0.));
#1143 = ( GEOMETRIC_REPRESENTATION_CONTEXT(2) 
PARAMETRIC_REPRESENTATION_CONTEXT() REPRESENTATION_CONTEXT('2D SPACE',''
  ) );
#1144 = ORIENTED_EDGE('',*,*,#761,.F.);
#1145 = ORIENTED_EDGE('',*,*,#990,.T.);
#1146 = ORIENTED_EDGE('',*,*,#1147,.T.);
#1147 = EDGE_CURVE('',#968,#1148,#1150,.T.);
#1148 = VERTEX_POINT('',#1149);
#1149 = CARTESIAN_POINT('',(1.340547352141E+03,-386.6137299248,398.5));
#1150 = SURFACE_CURVE('',#1151,(#1155,#1161),.PCURVE_S1.);
#1151 = LINE('',#1152,#1153);
#1152 = CARTESIAN_POINT('',(1.340547352141E+03,386.61372992483,398.5));
#1153 = VECTOR('',#1154,1.);
#1154 = DIRECTION('',(0.,-1.,0.));
#1155 = PCURVE('',#724,#1156);
#1156 = DEFINITIONAL_REPRESENTATION('',(#1157),#1160);
#1157 = B_SPLINE_CURVE_WITH_KNOTS('',1,(#1158,#1159),.UNSPECIFIED.,.F.,
  .F.,(2,2),(736.25235693235,773.22746224967),.PIECEWISE_BEZIER_KNOTS.);
#1158 = CARTESIAN_POINT('',(1.318116071653,736.25235693235));
#1159 = CARTESIAN_POINT('',(1.318116071653,773.22746224967));
#1160 = ( GEOMETRIC_REPRESENTATION_CONTEXT(2) 
PARAMETRIC_REPRESENTATION_CONTEXT() REPRESENTATION_CONTEXT('2D SPACE',''
  ) );
#1161 = PCURVE('',#903,#1162);
#1162 = DEFINITIONAL_REPRESENTATION('',(#1163),#1166);
#1163 = B_SPLINE_CURVE_WITH_KNOTS('',1,(#1164,#1165),.UNSPECIFIED.,.F.,
  .F.,(2,2),(736.25235693235,773.22746224967),.PIECEWISE_BEZIER_KNOTS.);
#1164 = CARTESIAN_POINT('',(51.82158641996,26.168237954902));
#1165 = CARTESIAN_POINT('',(51.82158641996,-10.80686736241));
#1166 = ( GEOMETRIC_REPRESENTATION_CONTEXT(2) 
PARAMETRIC_REPRESENTATION_CONTEXT() REPRESENTATION_CONTEXT('2D SPACE',''
  ) );
#1167 = ORIENTED_EDGE('',*,*,#1168,.F.);
#1168 = EDGE_CURVE('',#1024,#1148,#1169,.T.);
#1169 = SURFACE_CURVE('',#1170,(#1175,#1182),.PCURVE_S1.);
#1170 = CIRCLE('',#1171,6.);
#1171 = AXIS2_PLACEMENT_3D('',#1172,#1173,#1174);
#1172 = CARTESIAN_POINT('',(1.334737877121E+03,-386.6137299248,400.));
#1173 = DIRECTION('',(0.,-1.,0.));
#1174 = DIRECTION('',(0.,-0.,-1.));
#1175 = PCURVE('',#724,#1176);
#1176 = DEFINITIONAL_REPRESENTATION('',(#1177),#1181);
#1177 = LINE('',#1178,#1179);
#1178 = CARTESIAN_POINT('',(0.,773.22745984967));
#1179 = VECTOR('',#1180,1.);
#1180 = DIRECTION('',(1.,0.));
#1181 = ( GEOMETRIC_REPRESENTATION_CONTEXT(2) 
PARAMETRIC_REPRESENTATION_CONTEXT() REPRESENTATION_CONTEXT('2D SPACE',''
  ) );
#1182 = PCURVE('',#1063,#1183);
#1183 = DEFINITIONAL_REPRESENTATION('',(#1184),#1188);
#1184 = CIRCLE('',#1185,6.);
#1185 = AXIS2_PLACEMENT_2D('',#1186,#1187);
#1186 = CARTESIAN_POINT('',(0.,0.));
#1187 = DIRECTION('',(1.,0.));
#1188 = ( GEOMETRIC_REPRESENTATION_CONTEXT(2) 
PARAMETRIC_REPRESENTATION_CONTEXT() REPRESENTATION_CONTEXT('2D SPACE',''
  ) );
#1189 = ORIENTED_EDGE('',*,*,#1021,.F.);
#1190 = ORIENTED_EDGE('',*,*,#1191,.T.);
#1191 = EDGE_CURVE('',#1022,#1192,#1194,.T.);
#1192 = VERTEX_POINT('',#1193);
#1193 = CARTESIAN_POINT('',(1.340547352141E+03,386.61372992483,398.5));
#1194 = SURFACE_CURVE('',#1195,(#1200,#1207),.PCURVE_S1.);
#1195 = CIRCLE('',#1196,6.);
#1196 = AXIS2_PLACEMENT_3D('',#1197,#1198,#1199);
#1197 = CARTESIAN_POINT('',(1.334737877121E+03,386.61372992483,400.));
#1198 = DIRECTION('',(0.,-1.,0.));
#1199 = DIRECTION('',(0.,-0.,-1.));
#1200 = PCURVE('',#724,#1201);
#1201 = DEFINITIONAL_REPRESENTATION('',(#1202),#1206);
#1202 = LINE('',#1203,#1204);
#1203 = CARTESIAN_POINT('',(0.,0.));
#1204 = VECTOR('',#1205,1.);
#1205 = DIRECTION('',(1.,0.));
#1206 = ( GEOMETRIC_REPRESENTATION_CONTEXT(2) 
PARAMETRIC_REPRESENTATION_CONTEXT() REPRESENTATION_CONTEXT('2D SPACE',''
  ) );
#1207 = PCURVE('',#1208,#1213);
#1208 = PLANE('',#1209);
#1209 = AXIS2_PLACEMENT_3D('',#1210,#1211,#1212);
#1210 = CARTESIAN_POINT('',(1.334737877121E+03,386.61372992483,400.));
#1211 = DIRECTION('',(0.,-1.,0.));
#1212 = DIRECTION('',(0.,-0.,-1.));
#1213 = DEFINITIONAL_REPRESENTATION('',(#1214),#1218);
#1214 = CIRCLE('',#1215,6.);
#1215 = AXIS2_PLACEMENT_2D('',#1216,#1217);
#1216 = CARTESIAN_POINT('',(0.,0.));
#1217 = DIRECTION('',(1.,0.));
#1218 = ( GEOMETRIC_REPRESENTATION_CONTEXT(2) 
PARAMETRIC_REPRESENTATION_CONTEXT() REPRESENTATION_CONTEXT('2D SPACE',''
  ) );
#1219 = ORIENTED_EDGE('',*,*,#1220,.T.);
#1220 = EDGE_CURVE('',#1192,#1221,#1223,.T.);
#1221 = VERTEX_POINT('',#1222);
#1222 = CARTESIAN_POINT('',(1.340547352141E+03,373.08751108361,398.5));
#1223 = SURFACE_CURVE('',#1224,(#1228,#1234),.PCURVE_S1.);
#1224 = LINE('',#1225,#1226);
#1225 = CARTESIAN_POINT('',(1.340547352141E+03,386.61372992483,398.5));
#1226 = VECTOR('',#1227,1.);
#1227 = DIRECTION('',(0.,-1.,0.));
#1228 = PCURVE('',#724,#1229);
#1229 = DEFINITIONAL_REPRESENTATION('',(#1230),#1233);
#1230 = B_SPLINE_CURVE_WITH_KNOTS('',1,(#1231,#1232),.UNSPECIFIED.,.F.,
  .F.,(2,2),(-2.400000028047E-06,36.97510291732),
  .PIECEWISE_BEZIER_KNOTS.);
#1231 = CARTESIAN_POINT('',(1.318116071653,-2.400000028047E-06));
#1232 = CARTESIAN_POINT('',(1.318116071653,36.97510291732));
#1233 = ( GEOMETRIC_REPRESENTATION_CONTEXT(2) 
PARAMETRIC_REPRESENTATION_CONTEXT() REPRESENTATION_CONTEXT('2D SPACE',''
  ) );
#1234 = PCURVE('',#1235,#1240);
#1235 = PLANE('',#1236);
#1236 = AXIS2_PLACEMENT_3D('',#1237,#1238,#1239);
#1237 = CARTESIAN_POINT('',(1.392368938561E+03,375.80686496241,398.5));
#1238 = DIRECTION('',(0.,0.,1.));
#1239 = DIRECTION('',(1.,0.,-0.));
#1240 = DEFINITIONAL_REPRESENTATION('',(#1241),#1244);
#1241 = B_SPLINE_CURVE_WITH_KNOTS('',1,(#1242,#1243),.UNSPECIFIED.,.F.,
  .F.,(2,2),(-2.400000028047E-06,36.97510291732),
  .PIECEWISE_BEZIER_KNOTS.);
#1242 = CARTESIAN_POINT('',(-51.82158641996,10.806867362418));
#1243 = CARTESIAN_POINT('',(-51.82158641996,-26.1682379549));
#1244 = ( GEOMETRIC_REPRESENTATION_CONTEXT(2) 
PARAMETRIC_REPRESENTATION_CONTEXT() REPRESENTATION_CONTEXT('2D SPACE',''
  ) );
#1245 = ORIENTED_EDGE('',*,*,#1246,.F.);
#1246 = EDGE_CURVE('',#1247,#1221,#1249,.T.);
#1247 = VERTEX_POINT('',#1248);
#1248 = CARTESIAN_POINT('',(1.340547352141E+03,373.08751108361,401.5));
#1249 = SURFACE_CURVE('',#1250,(#1255,#1266),.PCURVE_S1.);
#1250 = ELLIPSE('',#1251,6.076117098938,6.);
#1251 = AXIS2_PLACEMENT_3D('',#1252,#1253,#1254);
#1252 = CARTESIAN_POINT('',(1.334737877121E+03,374.01581548545,400.));
#1253 = DIRECTION('',(0.157789694967,0.987472739959,0.));
#1254 = DIRECTION('',(0.987472739959,-0.157789694967,0.));
#1255 = PCURVE('',#724,#1256);
#1256 = DEFINITIONAL_REPRESENTATION('',(#1257),#1265);
#1257 = B_SPLINE_CURVE_WITH_KNOTS('',6,(#1258,#1259,#1260,#1261,#1262,
    #1263,#1264),.UNSPECIFIED.,.F.,.F.,(7,7),(5.978492653161,
    6.587877961198),.PIECEWISE_BEZIER_KNOTS.);
#1258 = CARTESIAN_POINT('',(1.875488980813,13.512502373915));
#1259 = CARTESIAN_POINT('',(1.773924762807,13.541714741401));
#1260 = CARTESIAN_POINT('',(1.672360544801,13.55960601979));
#1261 = CARTESIAN_POINT('',(1.570796326795,13.565633817537));
#1262 = CARTESIAN_POINT('',(1.469232108789,13.55960601979));
#1263 = CARTESIAN_POINT('',(1.367667890783,13.541714741401));
#1264 = CARTESIAN_POINT('',(1.266103672776,13.512502373915));
#1265 = ( GEOMETRIC_REPRESENTATION_CONTEXT(2) 
PARAMETRIC_REPRESENTATION_CONTEXT() REPRESENTATION_CONTEXT('2D SPACE',''
  ) );
#1266 = PCURVE('',#1267,#1272);
#1267 = PLANE('',#1268);
#1268 = AXIS2_PLACEMENT_3D('',#1269,#1270,#1271);
#1269 = CARTESIAN_POINT('',(1.324737877121E+03,375.61372992483,398.5));
#1270 = DIRECTION('',(0.157789694967,0.987472739959,-0.));
#1271 = DIRECTION('',(0.987472739959,-0.157789694967,0.));
#1272 = DEFINITIONAL_REPRESENTATION('',(#1273),#1277);
#1273 = ELLIPSE('',#1274,6.076117098938,6.);
#1274 = AXIS2_PLACEMENT_2D('',#1275,#1276);
#1275 = CARTESIAN_POINT('',(10.126861831563,-1.5));
#1276 = DIRECTION('',(1.,0.));
#1277 = ( GEOMETRIC_REPRESENTATION_CONTEXT(2) 
PARAMETRIC_REPRESENTATION_CONTEXT() REPRESENTATION_CONTEXT('2D SPACE',''
  ) );
#1278 = ORIENTED_EDGE('',*,*,#1279,.F.);
#1279 = EDGE_CURVE('',#1280,#1247,#1282,.T.);
#1280 = VERTEX_POINT('',#1281);
#1281 = CARTESIAN_POINT('',(1.340547352141E+03,386.61372992483,401.5));
#1282 = SURFACE_CURVE('',#1283,(#1287,#1293),.PCURVE_S1.);
#1283 = LINE('',#1284,#1285);
#1284 = CARTESIAN_POINT('',(1.340547352141E+03,386.61372992483,401.5));
#1285 = VECTOR('',#1286,1.);
#1286 = DIRECTION('',(0.,-1.,0.));
#1287 = PCURVE('',#724,#1288);
#1288 = DEFINITIONAL_REPRESENTATION('',(#1289),#1292);
#1289 = B_SPLINE_CURVE_WITH_KNOTS('',1,(#1290,#1291),.UNSPECIFIED.,.F.,
  .F.,(2,2),(-2.400000028047E-06,36.97510291732),
  .PIECEWISE_BEZIER_KNOTS.);
#1290 = CARTESIAN_POINT('',(1.823476581937,-2.400000028047E-06));
#1291 = CARTESIAN_POINT('',(1.823476581937,36.97510291732));
#1292 = ( GEOMETRIC_REPRESENTATION_CONTEXT(2) 
PARAMETRIC_REPRESENTATION_CONTEXT() REPRESENTATION_CONTEXT('2D SPACE',''
  ) );
#1293 = PCURVE('',#1294,#1299);
#1294 = PLANE('',#1295);
#1295 = AXIS2_PLACEMENT_3D('',#1296,#1297,#1298);
#1296 = CARTESIAN_POINT('',(1.392368938561E+03,375.80686496241,401.5));
#1297 = DIRECTION('',(0.,0.,1.));
#1298 = DIRECTION('',(1.,0.,-0.));
#1299 = DEFINITIONAL_REPRESENTATION('',(#1300),#1303);
#1300 = B_SPLINE_CURVE_WITH_KNOTS('',1,(#1301,#1302),.UNSPECIFIED.,.F.,
  .F.,(2,2),(-2.400000028047E-06,36.97510291732),
  .PIECEWISE_BEZIER_KNOTS.);
#1301 = CARTESIAN_POINT('',(-51.82158641996,10.806867362418));
#1302 = CARTESIAN_POINT('',(-51.82158641996,-26.1682379549));
#1303 = ( GEOMETRIC_REPRESENTATION_CONTEXT(2) 
PARAMETRIC_REPRESENTATION_CONTEXT() REPRESENTATION_CONTEXT('2D SPACE',''
  ) );
#1304 = ORIENTED_EDGE('',*,*,#1305,.T.);
#1305 = EDGE_CURVE('',#1280,#1306,#1308,.T.);
#1306 = VERTEX_POINT('',#1307);
#1307 = CARTESIAN_POINT('',(1.329089177215E+03,386.61372992483,
    402.02291605469));
#1308 = SURFACE_CURVE('',#1309,(#1314,#1321),.PCURVE_S1.);
#1309 = CIRCLE('',#1310,6.);
#1310 = AXIS2_PLACEMENT_3D('',#1311,#1312,#1313);
#1311 = CARTESIAN_POINT('',(1.334737877121E+03,386.61372992483,400.));
#1312 = DIRECTION('',(0.,-1.,0.));
#1313 = DIRECTION('',(0.,-0.,-1.));
#1314 = PCURVE('',#724,#1315);
#1315 = DEFINITIONAL_REPRESENTATION('',(#1316),#1320);
#1316 = LINE('',#1317,#1318);
#1317 = CARTESIAN_POINT('',(0.,0.));
#1318 = VECTOR('',#1319,1.);
#1319 = DIRECTION('',(1.,0.));
#1320 = ( GEOMETRIC_REPRESENTATION_CONTEXT(2) 
PARAMETRIC_REPRESENTATION_CONTEXT() REPRESENTATION_CONTEXT('2D SPACE',''
  ) );
#1321 = PCURVE('',#1322,#1327);
#1322 = PLANE('',#1323);
#1323 = AXIS2_PLACEMENT_3D('',#1324,#1325,#1326);
#1324 = CARTESIAN_POINT('',(1.334737877121E+03,386.61372992483,400.));
#1325 = DIRECTION('',(0.,-1.,0.));
#1326 = DIRECTION('',(0.,-0.,-1.));
#1327 = DEFINITIONAL_REPRESENTATION('',(#1328),#1332);
#1328 = CIRCLE('',#1329,6.);
#1329 = AXIS2_PLACEMENT_2D('',#1330,#1331);
#1330 = CARTESIAN_POINT('',(0.,0.));
#1331 = DIRECTION('',(1.,0.));
#1332 = ( GEOMETRIC_REPRESENTATION_CONTEXT(2) 
PARAMETRIC_REPRESENTATION_CONTEXT() REPRESENTATION_CONTEXT('2D SPACE',''
  ) );
#1333 = ORIENTED_EDGE('',*,*,#1334,.T.);
#1334 = EDGE_CURVE('',#1306,#1335,#1337,.T.);
#1335 = VERTEX_POINT('',#1336);
#1336 = CARTESIAN_POINT('',(1.3289284021E+03,377.98281545189,401.5));
#1337 = SURFACE_CURVE('',#1338,(#1460,#1585),.PCURVE_S1.);
#1338 = B_SPLINE_CURVE_WITH_KNOTS('',8,(#1339,#1340,#1341,#1342,#1343,
    #1344,#1345,#1346,#1347,#1348,#1349,#1350,#1351,#1352,#1353,#1354,
    #1355,#1356,#1357,#1358,#1359,#1360,#1361,#1362,#1363,#1364,#1365,
    #1366,#1367,#1368,#1369,#1370,#1371,#1372,#1373,#1374,#1375,#1376,
    #1377,#1378,#1379,#1380,#1381,#1382,#1383,#1384,#1385,#1386,#1387,
    #1388,#1389,#1390,#1391,#1392,#1393,#1394,#1395,#1396,#1397,#1398,
    #1399,#1400,#1401,#1402,#1403,#1404,#1405,#1406,#1407,#1408,#1409,
    #1410,#1411,#1412,#1413,#1414,#1415,#1416,#1417,#1418,#1419,#1420,
    #1421,#1422,#1423,#1424,#1425,#1426,#1427,#1428,#1429,#1430,#1431,
    #1432,#1433,#1434,#1435,#1436,#1437,#1438,#1439,#1440,#1441,#1442,
    #1443,#1444,#1445,#1446,#1447,#1448,#1449,#1450,#1451,#1452,#1453,
    #1454,#1455,#1456,#1457,#1458,#1459),.UNSPECIFIED.,.F.,.F.,(9,7,7,7,
    7,7,7,7,7,7,7,7,7,7,7,7,7,9),(0.,3.028318728829E-02,
    5.732885906216E-02,7.055470388857E-02,9.531672558782E-02,
    0.18069196923,0.264816991056,0.425497959174,0.47945823276,
    0.534779448169,0.568385449254,0.626633538481,0.754153958705,
    0.88333238319,0.924521639794,0.940702035338,0.971839396713,1.),
  .UNSPECIFIED.);
#1339 = CARTESIAN_POINT('',(1.329089176182E+03,386.61373232483,
    402.02291316957));
#1340 = CARTESIAN_POINT('',(1.32912402322E+03,386.53278849114,
    402.12021863078));
#1341 = CARTESIAN_POINT('',(1.329159623516E+03,386.44938909899,
    402.21359224874));
#1342 = CARTESIAN_POINT('',(1.329195627931E+03,386.3636607764,
    402.30276357919));
#1343 = CARTESIAN_POINT('',(1.329231684088E+03,386.2757293721,
    402.38753086474));
#1344 = CARTESIAN_POINT('',(1.329267449686E+03,386.18572134061,
    402.46775399786));
#1345 = CARTESIAN_POINT('',(1.329302603672E+03,386.09376526216,
    402.54334818569));
#1346 = CARTESIAN_POINT('',(1.329336855303E+03,385.99999349773,
    402.61427831677));
#1347 = CARTESIAN_POINT('',(1.329399508634E+03,385.81929877908,
    402.73974433723));
#1348 = CARTESIAN_POINT('',(1.329428112355E+03,385.73280733705,
    402.79515831815));
#1349 = CARTESIAN_POINT('',(1.329455578023E+03,385.64519308205,
    402.84680277137));
#1350 = CARTESIAN_POINT('',(1.329481746945E+03,385.55658606355,
    402.8947157525));
#1351 = CARTESIAN_POINT('',(1.329506488961E+03,385.46712670427,
    402.93896168846));
#1352 = CARTESIAN_POINT('',(1.329529704054E+03,385.37696968835,
    402.9796273858));
#1353 = CARTESIAN_POINT('',(1.329551322584E+03,385.28628798451,
    403.01681893276));
#1354 = CARTESIAN_POINT('',(1.329581075459E+03,385.15077091444,
    403.06720816956));
#1355 = CARTESIAN_POINT('',(1.32959045754E+03,385.10617587872,
    403.08295931665));
#1356 = CARTESIAN_POINT('',(1.329599447971E+03,385.06150289391,
    403.09793100716));
#1357 = CARTESIAN_POINT('',(1.329608045468E+03,385.01676382273,
    403.11214132962));
#1358 = CARTESIAN_POINT('',(1.329616249843E+03,384.97197139398,
    403.12560839012));
#1359 = CARTESIAN_POINT('',(1.329624062005E+03,384.92713920251,
    403.13835031225));
#1360 = CARTESIAN_POINT('',(1.329631483964E+03,384.88228170924,
    403.15038523714));
#1361 = CARTESIAN_POINT('',(1.329651689808E+03,384.75341134884,
    403.18297397667));
#1362 = CARTESIAN_POINT('',(1.329663499555E+03,384.66939996148,
    403.20179547798));
#1363 = CARTESIAN_POINT('',(1.329673980316E+03,384.58541221984,
    403.21833521179));
#1364 = CARTESIAN_POINT('',(1.329683171162E+03,384.50148443165,
    403.2327237364));
#1365 = CARTESIAN_POINT('',(1.329691116829E+03,384.41765720394,
    403.24508376184));
#1366 = CARTESIAN_POINT('',(1.329697866566E+03,384.33397557548,
    403.2555311278));
#1367 = CARTESIAN_POINT('',(1.329703472972E+03,384.25048914914,
    403.26417578147));
#1368 = CARTESIAN_POINT('',(1.329723567719E+03,383.88026544966,
    403.29507474138));
#1369 = CARTESIAN_POINT('',(1.329726258876E+03,383.59525523402,
    403.29892826979));
#1370 = CARTESIAN_POINT('',(1.329718244013E+03,383.31296031088,
    403.28686462192));
#1371 = CARTESIAN_POINT('',(1.329701777681E+03,383.03410712751,
    403.26196022552));
#1372 = CARTESIAN_POINT('',(1.329678768371E+03,382.75903910172,
    403.22651917278));
#1373 = CARTESIAN_POINT('',(1.329650647239E+03,382.48743554825,
    403.18216658045));
#1374 = CARTESIAN_POINT('',(1.329618390438E+03,382.21814144858,
    403.12981809332));
#1375 = CARTESIAN_POINT('',(1.329547252227E+03,381.68405640079,
    403.01034479592));
#1376 = CARTESIAN_POINT('',(1.329508623397E+03,381.42037555987,
    402.94369742739));
#1377 = CARTESIAN_POINT('',(1.329467583496E+03,381.1585366014,
    402.87050267542));
#1378 = CARTESIAN_POINT('',(1.329424877414E+03,380.89875238261,
    402.79134767601));
#1379 = CARTESIAN_POINT('',(1.329381085373E+03,380.64097922262,
    402.7065957948));
#1380 = CARTESIAN_POINT('',(1.329336645868E+03,380.3849399174,
    402.61638686344));
#1381 = CARTESIAN_POINT('',(1.329291900102E+03,380.13018927908,
    402.52064460897));
#1382 = CARTESIAN_POINT('',(1.329161699183E+03,379.39113850682,
    402.22512178385));
#1383 = CARTESIAN_POINT('',(1.329078721943E+03,378.9229303435,
    402.01555883783));
#1384 = CARTESIAN_POINT('',(1.328999382798E+03,378.46221411438,
    401.78838244591));
#1385 = CARTESIAN_POINT('',(1.328924271644E+03,378.00217567114,
    401.53890685724));
#1386 = CARTESIAN_POINT('',(1.32885559156E+03,377.54079047952,
    401.26209811504));
#1387 = CARTESIAN_POINT('',(1.328797501431E+03,377.0817907538,
    400.95330285771));
#1388 = CARTESIAN_POINT('',(1.328756617272E+03,376.6351408168,
    400.60880758449));
#1389 = CARTESIAN_POINT('',(1.328737313327E+03,376.07844519983,
    400.09855273959));
#1390 = CARTESIAN_POINT('',(1.328735446002E+03,375.94200046553,
    399.96617227482));
#1391 = CARTESIAN_POINT('',(1.328736843086E+03,375.80794794323,
    399.82801295385));
#1392 = CARTESIAN_POINT('',(1.328742039311E+03,375.67596946199,
    399.68255792999));
#1393 = CARTESIAN_POINT('',(1.328751832625E+03,375.54657959498,
    399.52850837945));
#1394 = CARTESIAN_POINT('',(1.328767288825E+03,375.42115201435,
    399.36482814209));
#1395 = CARTESIAN_POINT('',(1.328789743598E+03,375.30193623116,
    399.19077332185));
#1396 = CARTESIAN_POINT('',(1.328852643593E+03,375.07942212082,
    398.81637782152));
#1397 = CARTESIAN_POINT('',(1.328897371618E+03,374.96300337454,
    398.59260695611));
#1398 = CARTESIAN_POINT('',(1.328957579946E+03,374.86081213946,
    398.34693626804));
#1399 = CARTESIAN_POINT('',(1.329035257981E+03,374.78575680312,
    398.08820235824));
#1400 = CARTESIAN_POINT('',(1.329130656623E+03,374.74609611907,
    397.82466678639));
#1401 = CARTESIAN_POINT('',(1.329242387531E+03,374.74549625909,
    397.56345647647));
#1402 = CARTESIAN_POINT('',(1.32936725797E+03,374.78304390396,
    397.3109759441));
#1403 = CARTESIAN_POINT('',(1.329581163029E+03,374.89584874523,
    396.92823258635));
#1404 = CARTESIAN_POINT('',(1.32966231605E+03,374.94909030037,
    396.7937438636));
#1405 = CARTESIAN_POINT('',(1.329743072307E+03,375.01069066178,
    396.66871321265));
#1406 = CARTESIAN_POINT('',(1.329822902972E+03,375.07877583121,
    396.55240554719));
#1407 = CARTESIAN_POINT('',(1.329901460852E+03,375.1518464025,
    396.44405444084));
#1408 = CARTESIAN_POINT('',(1.329978575601E+03,375.22877367228,
    396.34287095873));
#1409 = CARTESIAN_POINT('',(1.330054247778E+03,375.30879655544,
    396.24805124189));
#1410 = CARTESIAN_POINT('',(1.330257586165E+03,375.53489971215,
    396.00405709927));
#1411 = CARTESIAN_POINT('',(1.330383945943E+03,375.68778663589,
    395.86450228647));
#1412 = CARTESIAN_POINT('',(1.330506847366E+03,375.84661807279,
    395.73837606507));
#1413 = CARTESIAN_POINT('',(1.330625908387E+03,376.00892285399,
    395.62394995945));
#1414 = CARTESIAN_POINT('',(1.330741218565E+03,376.1733034297,
    395.51952621038));
#1415 = CARTESIAN_POINT('',(1.33085330149E+03,376.33940512885,
    395.42346339268));
#1416 = CARTESIAN_POINT('',(1.330963059688E+03,376.50787189401,
    395.33421079997));
#1417 = CARTESIAN_POINT('',(1.331309548649E+03,377.05775386881,
    395.06676169589));
#1418 = CARTESIAN_POINT('',(1.331539408515E+03,377.44996299838,
    394.91105977978));
#1419 = CARTESIAN_POINT('',(1.33175926814E+03,377.84917369487,
    394.77888277735));
#1420 = CARTESIAN_POINT('',(1.331968439691E+03,378.25099947568,
    394.66629148551));
#1421 = CARTESIAN_POINT('',(1.332167152798E+03,378.65387978525,
    394.56990248183));
#1422 = CARTESIAN_POINT('',(1.332356268174E+03,379.05873543604,
    394.48695716957));
#1423 = CARTESIAN_POINT('',(1.332536749798E+03,379.46847576361,
    394.41534606595));
#1424 = CARTESIAN_POINT('',(1.332882548584E+03,380.3110141339,
    394.29106409372));
#1425 = CARTESIAN_POINT('',(1.333042130444E+03,380.73062576097,
    394.24063010751));
#1426 = CARTESIAN_POINT('',(1.333189653363E+03,381.15249399239,
    394.19913684059));
#1427 = CARTESIAN_POINT('',(1.333325239582E+03,381.58199807156,
    394.16526251542));
#1428 = CARTESIAN_POINT('',(1.333446144694E+03,382.02143017891,
    394.13852575974));
#1429 = CARTESIAN_POINT('',(1.333546501919E+03,382.46949802305,
    394.11875587069));
#1430 = CARTESIAN_POINT('',(1.333617367015E+03,382.92235042173,
    394.10547729758));
#1431 = CARTESIAN_POINT('',(1.333657145737E+03,383.52055386227,
    394.09812611771));
#1432 = CARTESIAN_POINT('',(1.333662678891E+03,383.6660698669,
    394.09712222898));
#1433 = CARTESIAN_POINT('',(1.333663690035E+03,383.81245870222,
    394.09694457639));
#1434 = CARTESIAN_POINT('',(1.333659679903E+03,383.95966712275,
    394.09767041873));
#1435 = CARTESIAN_POINT('',(1.333650087696E+03,384.10761776428,
    394.09940657463));
#1436 = CARTESIAN_POINT('',(1.333634291153E+03,384.25622011539,
    394.10230288761));
#1437 = CARTESIAN_POINT('',(1.33361160695E+03,384.4053807496,
    394.10657400158));
#1438 = CARTESIAN_POINT('',(1.333569382554E+03,384.61379285603,
    394.11486892749));
#1439 = CARTESIAN_POINT('',(1.333556298651E+03,384.6726328628,
    394.11746783154));
#1440 = CARTESIAN_POINT('',(1.333542000066E+03,384.73150501636,
    394.12034387761));
#1441 = CARTESIAN_POINT('',(1.333526447945E+03,384.79038352142,
    394.12351654552));
#1442 = CARTESIAN_POINT('',(1.333509604244E+03,384.84924458509,
    394.12700732815));
#1443 = CARTESIAN_POINT('',(1.333491431755E+03,384.90806639223,
    394.13083998322));
#1444 = CARTESIAN_POINT('',(1.333471894121E+03,384.96682908085,
    394.13504078496));
#1445 = CARTESIAN_POINT('',(1.33341066253E+03,385.13844866103,
    394.14848709524));
#1446 = CARTESIAN_POINT('',(1.333365132693E+03,385.25123625713,
    394.15881718395));
#1447 = CARTESIAN_POINT('',(1.333314185491E+03,385.36348370033,
    394.1708218998));
#1448 = CARTESIAN_POINT('',(1.333257706426E+03,385.47485528223,
    394.18471717758));
#1449 = CARTESIAN_POINT('',(1.333195654159E+03,385.58506173283,
    394.20074316051));
#1450 = CARTESIAN_POINT('',(1.333128066409E+03,385.69384897321,
    394.21916023277));
#1451 = CARTESIAN_POINT('',(1.333055064958E+03,385.80098727964,
    394.24023995283));
#1452 = CARTESIAN_POINT('',(1.332906131057E+03,386.00147019497,
    394.28596635749));
#1453 = CARTESIAN_POINT('',(1.332831255584E+03,386.09500689447,
    394.31004572155));
#1454 = CARTESIAN_POINT('',(1.332752400641E+03,386.18673420705,
    394.33667790825));
#1455 = CARTESIAN_POINT('',(1.332669791053E+03,386.27652086083,
    394.36604792811));
#1456 = CARTESIAN_POINT('',(1.332583707965E+03,386.36423930189,
    394.39832854135));
#1457 = CARTESIAN_POINT('',(1.332494486695E+03,386.44976406654,
    394.43366993365));
#1458 = CARTESIAN_POINT('',(1.332402513638E+03,386.53297028618,
    394.47218740023));
#1459 = CARTESIAN_POINT('',(1.332308222228E+03,386.61373232484,
    394.51394703846));
#1460 = PCURVE('',#724,#1461);
#1461 = DEFINITIONAL_REPRESENTATION('',(#1462),#1584);
#1462 = B_SPLINE_CURVE_WITH_KNOTS('',8,(#1463,#1464,#1465,#1466,#1467,
    #1468,#1469,#1470,#1471,#1472,#1473,#1474,#1475,#1476,#1477,#1478,
    #1479,#1480,#1481,#1482,#1483,#1484,#1485,#1486,#1487,#1488,#1489,
    #1490,#1491,#1492,#1493,#1494,#1495,#1496,#1497,#1498,#1499,#1500,
    #1501,#1502,#1503,#1504,#1505,#1506,#1507,#1508,#1509,#1510,#1511,
    #1512,#1513,#1514,#1515,#1516,#1517,#1518,#1519,#1520,#1521,#1522,
    #1523,#1524,#1525,#1526,#1527,#1528,#1529,#1530,#1531,#1532,#1533,
    #1534,#1535,#1536,#1537,#1538,#1539,#1540,#1541,#1542,#1543,#1544,
    #1545,#1546,#1547,#1548,#1549,#1550,#1551,#1552,#1553,#1554,#1555,
    #1556,#1557,#1558,#1559,#1560,#1561,#1562,#1563,#1564,#1565,#1566,
    #1567,#1568,#1569,#1570,#1571,#1572,#1573,#1574,#1575,#1576,#1577,
    #1578,#1579,#1580,#1581,#1582,#1583),.UNSPECIFIED.,.F.,.F.,(9,7,7,7,
    7,7,7,7,7,7,7,7,7,7,7,7,7,9),(0.,3.028318728829E-02,
    5.732885906216E-02,7.055470388857E-02,9.531672558782E-02,
    0.18069196923,0.264816991056,0.425497959174,0.47945823276,
    0.534779448169,0.568385449254,0.626633538481,0.754153958705,
    0.88333238319,0.924521639794,0.940702035338,0.971839396713,1.),
  .UNSPECIFIED.);
#1463 = CARTESIAN_POINT('',(4.368498640946,-2.4E-06));
#1464 = CARTESIAN_POINT('',(4.351272474745,8.094143368948E-02));
#1465 = CARTESIAN_POINT('',(4.334620925919,0.164340825837));
#1466 = CARTESIAN_POINT('',(4.31859823446,0.250069148434));
#1467 = CARTESIAN_POINT('',(4.303250292845,0.338000552728));
#1468 = CARTESIAN_POINT('',(4.288615078748,0.428008584219));
#1469 = CARTESIAN_POINT('',(4.274722859587,0.519964662668));
#1470 = CARTESIAN_POINT('',(4.2615961689,0.613736427104));
#1471 = CARTESIAN_POINT('',(4.238222892282,0.794431145754));
#1472 = CARTESIAN_POINT('',(4.227830339162,0.880922587781));
#1473 = CARTESIAN_POINT('',(4.218082546903,0.968536842778));
#1474 = CARTESIAN_POINT('',(4.208984615139,1.057143861286));
#1475 = CARTESIAN_POINT('',(4.200536344265,1.146603220561));
#1476 = CARTESIAN_POINT('',(4.192732477826,1.236760236478));
#1477 = CARTESIAN_POINT('',(4.185562934482,1.327441940321));
#1478 = CARTESIAN_POINT('',(4.175810002176,1.462959010389));
#1479 = CARTESIAN_POINT('',(4.172754415623,1.507554046108));
#1480 = CARTESIAN_POINT('',(4.169843835844,1.552227030925));
#1481 = CARTESIAN_POINT('',(4.167075744628,1.596966102105));
#1482 = CARTESIAN_POINT('',(4.164447539579,1.641758530856));
#1483 = CARTESIAN_POINT('',(4.161956534117,1.686590722323));
#1484 = CARTESIAN_POINT('',(4.159599957479,1.731448215591));
#1485 = CARTESIAN_POINT('',(4.153209204439,1.860318575996));
#1486 = CARTESIAN_POINT('',(4.149505954768,1.944329963354));
#1487 = CARTESIAN_POINT('',(4.14624253442,2.028317704989));
#1488 = CARTESIAN_POINT('',(4.143396997941,2.112245493185));
#1489 = CARTESIAN_POINT('',(4.140948062835,2.196072720894));
#1490 = CARTESIAN_POINT('',(4.138875046699,2.279754349352));
#1491 = CARTESIAN_POINT('',(4.137157804354,2.363240775691));
#1492 = CARTESIAN_POINT('',(4.131014731084,2.733464475169));
#1493 = CARTESIAN_POINT('',(4.130231750014,3.018474690817));
#1494 = CARTESIAN_POINT('',(4.132645577529,3.300769613956));
#1495 = CARTESIAN_POINT('',(4.137621570124,3.579622797326));
#1496 = CARTESIAN_POINT('',(4.144663771803,3.854690823109));
#1497 = CARTESIAN_POINT('',(4.153415325196,4.126294376577));
#1498 = CARTESIAN_POINT('',(4.163662302799,4.395588476255));
#1499 = CARTESIAN_POINT('',(4.186837069916,4.929673524037));
#1500 = CARTESIAN_POINT('',(4.199675013429,5.193354364964));
#1501 = CARTESIAN_POINT('',(4.213658372386,5.455193323434));
#1502 = CARTESIAN_POINT('',(4.228644350164,5.714977542223));
#1503 = CARTESIAN_POINT('',(4.244538484787,5.972750702213));
#1504 = CARTESIAN_POINT('',(4.261292905423,6.228790007427));
#1505 = CARTESIAN_POINT('',(4.278902326312,6.483540645756));
#1506 = CARTESIAN_POINT('',(4.332724569636,7.222591418013));
#1507 = CARTESIAN_POINT('',(4.370262909604,7.690799581335));
#1508 = CARTESIAN_POINT('',(4.410310480005,8.151515810453));
#1509 = CARTESIAN_POINT('',(4.453644260032,8.611554253687));
#1510 = CARTESIAN_POINT('',(4.501044807526,9.072939445311));
#1511 = CARTESIAN_POINT('',(4.553234084909,9.53193917103));
#1512 = CARTESIAN_POINT('',(4.610866495832,9.978589108028));
#1513 = CARTESIAN_POINT('',(4.695969807072,10.535284724997));
#1514 = CARTESIAN_POINT('',(4.71802924702,10.671729459299));
#1515 = CARTESIAN_POINT('',(4.741045367255,10.805781981602));
#1516 = CARTESIAN_POINT('',(4.765286523557,10.937760462842));
#1517 = CARTESIAN_POINT('',(4.790991329312,11.067150329847));
#1518 = CARTESIAN_POINT('',(4.818367526281,11.192577910486));
#1519 = CARTESIAN_POINT('',(4.847595823499,11.311793693669));
#1520 = CARTESIAN_POINT('',(4.910869567422,11.534307804016));
#1521 = CARTESIAN_POINT('',(4.948884386071,11.650726550289));
#1522 = CARTESIAN_POINT('',(4.990976158277,11.752917785371));
#1523 = CARTESIAN_POINT('',(5.035876590661,11.827973121705));
#1524 = CARTESIAN_POINT('',(5.082441924218,11.867633805766));
#1525 = CARTESIAN_POINT('',(5.129672587924,11.868233665742));
#1526 = CARTESIAN_POINT('',(5.176558461314,11.830686020872));
#1527 = CARTESIAN_POINT('',(5.249635257344,11.717881179606));
#1528 = CARTESIAN_POINT('',(5.275800168592,11.664639624462));
#1529 = CARTESIAN_POINT('',(5.300588858604,11.603039263052));
#1530 = CARTESIAN_POINT('',(5.324083252695,11.534954093626));
#1531 = CARTESIAN_POINT('',(5.346375363069,11.461883522336));
#1532 = CARTESIAN_POINT('',(5.367569555104,11.384956252547));
#1533 = CARTESIAN_POINT('',(5.387783995999,11.304933369394));
#1534 = CARTESIAN_POINT('',(5.440719921948,11.07883021268));
#1535 = CARTESIAN_POINT('',(5.472070421255,10.925943288944));
#1536 = CARTESIAN_POINT('',(5.501390065983,10.767111852041));
#1537 = CARTESIAN_POINT('',(5.528885410219,10.604807070845));
#1538 = CARTESIAN_POINT('',(5.554792602994,10.440426495135));
#1539 = CARTESIAN_POINT('',(5.579381203293,10.274324795977));
#1540 = CARTESIAN_POINT('',(5.602951486919,10.105858030817));
#1541 = CARTESIAN_POINT('',(5.67590193119,9.555976056026));
#1542 = CARTESIAN_POINT('',(5.722084883947,9.163766926449));
#1543 = CARTESIAN_POINT('',(5.764743757564,8.764556229958));
#1544 = CARTESIAN_POINT('',(5.804256354258,8.362730449155));
#1545 = CARTESIAN_POINT('',(5.841008085803,7.959850139583));
#1546 = CARTESIAN_POINT('',(5.875388483471,7.554994488791));
#1547 = CARTESIAN_POINT('',(5.907732725786,7.145254161219));
#1548 = CARTESIAN_POINT('',(5.96897514239,6.302715790928));
#1549 = CARTESIAN_POINT('',(5.996847629697,5.883104163858));
#1550 = CARTESIAN_POINT('',(6.022369394773,5.461235932447));
#1551 = CARTESIAN_POINT('',(6.045642893341,5.031731853272));
#1552 = CARTESIAN_POINT('',(6.06626984452,4.592299745926));
#1553 = CARTESIAN_POINT('',(6.083316804183,4.144231901786));
#1554 = CARTESIAN_POINT('',(6.09533313195,3.6913795031));
#1555 = CARTESIAN_POINT('',(6.102075177687,3.093176062565));
#1556 = CARTESIAN_POINT('',(6.10301241195,2.947660057933));
#1557 = CARTESIAN_POINT('',(6.103183536095,2.801271222614));
#1558 = CARTESIAN_POINT('',(6.102504315376,2.654062802087));
#1559 = CARTESIAN_POINT('',(6.100879613494,2.506112160552));
#1560 = CARTESIAN_POINT('',(6.098203000682,2.357509809442));
#1561 = CARTESIAN_POINT('',(6.094355977947,2.208349175231));
#1562 = CARTESIAN_POINT('',(6.087184070242,1.999937068805));
#1563 = CARTESIAN_POINT('',(6.084960822371,1.941097062027));
#1564 = CARTESIAN_POINT('',(6.082530006367,1.88222490847));
#1565 = CARTESIAN_POINT('',(6.079884620684,1.823346403409));
#1566 = CARTESIAN_POINT('',(6.07701771542,1.764485339742));
#1567 = CARTESIAN_POINT('',(6.073922378037,1.705663532603));
#1568 = CARTESIAN_POINT('',(6.070591719087,1.646900843977));
#1569 = CARTESIAN_POINT('',(6.060143286287,1.475281263804));
#1570 = CARTESIAN_POINT('',(6.05236231121,1.362493667706));
#1571 = CARTESIAN_POINT('',(6.043639077342,1.250246224499));
#1572 = CARTESIAN_POINT('',(6.033946218819,1.138874642597));
#1573 = CARTESIAN_POINT('',(6.02326645061,1.028668192006));
#1574 = CARTESIAN_POINT('',(6.011593151931,0.919880951622));
#1575 = CARTESIAN_POINT('',(5.99893094175,0.81274264519));
#1576 = CARTESIAN_POINT('',(5.972965039411,0.612259729864));
#1577 = CARTESIAN_POINT('',(5.959857513581,0.518723030362));
#1578 = CARTESIAN_POINT('',(5.945988201431,0.42699571778));
#1579 = CARTESIAN_POINT('',(5.931379543681,0.337209064009));
#1580 = CARTESIAN_POINT('',(5.91606163959,0.249490622943));
#1581 = CARTESIAN_POINT('',(5.900072222532,0.163965858284));
#1582 = CARTESIAN_POINT('',(5.883456860785,8.075963865208E-02));
#1583 = CARTESIAN_POINT('',(5.866269383529,-2.4E-06));
#1584 = ( GEOMETRIC_REPRESENTATION_CONTEXT(2) 
PARAMETRIC_REPRESENTATION_CONTEXT() REPRESENTATION_CONTEXT('2D SPACE',''
  ) );
#1585 = PCURVE('',#1586,#1591);
#1586 = CYLINDRICAL_SURFACE('',#1587,5.);
#1587 = AXIS2_PLACEMENT_3D('',#1588,#1589,#1590);
#1588 = CARTESIAN_POINT('',(1.E+03,70.,256.5));
#1589 = DIRECTION('',(0.693638536152,0.656081964907,0.297358431002));
#1590 = DIRECTION('',(-0.687165252359,0.726501146558,-2.775557561563E-17
    ));
#1591 = DEFINITIONAL_REPRESENTATION('',(#1592),#1714);
#1592 = B_SPLINE_CURVE_WITH_KNOTS('',8,(#1593,#1594,#1595,#1596,#1597,
    #1598,#1599,#1600,#1601,#1602,#1603,#1604,#1605,#1606,#1607,#1608,
    #1609,#1610,#1611,#1612,#1613,#1614,#1615,#1616,#1617,#1618,#1619,
    #1620,#1621,#1622,#1623,#1624,#1625,#1626,#1627,#1628,#1629,#1630,
    #1631,#1632,#1633,#1634,#1635,#1636,#1637,#1638,#1639,#1640,#1641,
    #1642,#1643,#1644,#1645,#1646,#1647,#1648,#1649,#1650,#1651,#1652,
    #1653,#1654,#1655,#1656,#1657,#1658,#1659,#1660,#1661,#1662,#1663,
    #1664,#1665,#1666,#1667,#1668,#1669,#1670,#1671,#1672,#1673,#1674,
    #1675,#1676,#1677,#1678,#1679,#1680,#1681,#1682,#1683,#1684,#1685,
    #1686,#1687,#1688,#1689,#1690,#1691,#1692,#1693,#1694,#1695,#1696,
    #1697,#1698,#1699,#1700,#1701,#1702,#1703,#1704,#1705,#1706,#1707,
    #1708,#1709,#1710,#1711,#1712,#1713),.UNSPECIFIED.,.F.,.F.,(9,7,7,7,
    7,7,7,7,7,7,7,7,7,7,7,7,7,9),(0.,3.028318728829E-02,
    5.732885906216E-02,7.055470388857E-02,9.531672558782E-02,
    0.18069196923,0.264816991056,0.425497959174,0.47945823276,
    0.534779448169,0.568385449254,0.626633538481,0.754153958705,
    0.88333238319,0.924521639794,0.940702035338,0.971839396713,1.),
  .UNSPECIFIED.);
#1593 = CARTESIAN_POINT('',(0.681992112721,479.26595918537));
#1594 = CARTESIAN_POINT('',(0.708248215314,479.26595924395));
#1595 = CARTESIAN_POINT('',(0.73426424897,479.26370157665));
#1596 = CARTESIAN_POINT('',(0.759993577693,479.25894666657));
#1597 = CARTESIAN_POINT('',(0.785397490411,479.25147266563));
#1598 = CARTESIAN_POINT('',(0.810443815405,479.24108344123));
#1599 = CARTESIAN_POINT('',(0.835105899715,479.22761544526));
#1600 = CARTESIAN_POINT('',(0.859361953535,479.21094340537));
#1601 = CARTESIAN_POINT('',(0.904479647628,479.17316000297));
#1602 = CARTESIAN_POINT('',(0.925403972049,479.15273298555));
#1603 = CARTESIAN_POINT('',(0.945951690191,479.12965901209));
#1604 = CARTESIAN_POINT('',(0.966109518415,479.10392464722));
#1605 = CARTESIAN_POINT('',(0.98586602827,479.07555089229));
#1606 = CARTESIAN_POINT('',(1.005210774072,479.04459567151));
#1607 = CARTESIAN_POINT('',(1.024133451898,479.01115570651));
#1608 = CARTESIAN_POINT('',(1.051664872629,478.95786680634));
#1609 = CARTESIAN_POINT('',(1.060605176438,478.93980031657));
#1610 = CARTESIAN_POINT('',(1.069445016547,478.92117924501));
#1611 = CARTESIAN_POINT('',(1.078185296745,478.9020158616));
#1612 = CARTESIAN_POINT('',(1.086826809508,478.88232377128));
#1613 = CARTESIAN_POINT('',(1.095370236005,478.86211791397));
#1614 = CARTESIAN_POINT('',(1.103816146092,478.84141456459));
#1615 = CARTESIAN_POINT('',(1.127796095057,478.78057113387));
#1616 = CARTESIAN_POINT('',(1.143082074205,478.73924120578));
#1617 = CARTESIAN_POINT('',(1.158039089261,478.6963264522));
#1618 = CARTESIAN_POINT('',(1.172681630088,478.65191661781));
#1619 = CARTESIAN_POINT('',(1.187022603538,478.6061058644));
#1620 = CARTESIAN_POINT('',(1.20107341409,478.55899234673));
#1621 = CARTESIAN_POINT('',(1.214844044472,478.51067778838));
#1622 = CARTESIAN_POINT('',(1.274885711359,478.29090725314));
#1623 = CARTESIAN_POINT('',(1.318360840857,478.10692976056));
#1624 = CARTESIAN_POINT('',(1.359328953402,477.91257450692));
#1625 = CARTESIAN_POINT('',(1.398207674116,477.71079674829));
#1626 = CARTESIAN_POINT('',(1.435353978653,477.50383073732));
#1627 = CARTESIAN_POINT('',(1.471115979396,477.29294202599));
#1628 = CARTESIAN_POINT('',(1.505868667261,477.0783222001));
#1629 = CARTESIAN_POINT('',(1.573726681897,476.64304803544));
#1630 = CARTESIAN_POINT('',(1.606706460431,476.42343918952));
#1631 = CARTESIAN_POINT('',(1.639108079796,476.20141943734));
#1632 = CARTESIAN_POINT('',(1.671053473424,475.97781970586));
#1633 = CARTESIAN_POINT('',(1.702672912582,475.75312185116));
#1634 = CARTESIAN_POINT('',(1.734109463515,475.52748974136));
#1635 = CARTESIAN_POINT('',(1.76552068564,475.30084528756));
#1636 = CARTESIAN_POINT('',(1.857352037837,474.63777882606));
#1637 = CARTESIAN_POINT('',(1.91641624584,474.21072437459));
#1638 = CARTESIAN_POINT('',(1.976098498504,473.78587126191));
#1639 = CARTESIAN_POINT('',(2.037866935496,473.35776467548));
#1640 = CARTESIAN_POINT('',(2.102947485052,472.92510760621));
#1641 = CARTESIAN_POINT('',(2.172312658552,472.49184973901));
#1642 = CARTESIAN_POINT('',(2.246833524059,472.06801336863));
#1643 = CARTESIAN_POINT('',(2.354418773602,471.53765687438));
#1644 = CARTESIAN_POINT('',(2.382118158476,471.40747824868));
#1645 = CARTESIAN_POINT('',(2.410842302626,471.27941503863));
#1646 = CARTESIAN_POINT('',(2.44092087128,471.15317836205));
#1647 = CARTESIAN_POINT('',(2.472638891798,471.02927309074));
#1648 = CARTESIAN_POINT('',(2.506240333765,470.90903163499));
#1649 = CARTESIAN_POINT('',(2.541937534083,470.79463513694));
#1650 = CARTESIAN_POINT('',(2.618873525785,470.58094784451));
#1651 = CARTESIAN_POINT('',(2.66493077796,470.46905253276));
#1652 = CARTESIAN_POINT('',(2.715707340182,470.37071727274));
#1653 = CARTESIAN_POINT('',(2.769670764692,470.29841858886));
#1654 = CARTESIAN_POINT('',(2.825515026298,470.26020557987));
#1655 = CARTESIAN_POINT('',(2.882128882784,470.25963979803));
#1656 = CARTESIAN_POINT('',(2.938395601283,470.29581186429));
#1657 = CARTESIAN_POINT('',(3.026301307302,470.40438191399));
#1658 = CARTESIAN_POINT('',(3.057824893885,470.45561224509));
#1659 = CARTESIAN_POINT('',(3.087751203142,470.51486386467));
#1660 = CARTESIAN_POINT('',(3.116182335935,470.58032187739));
#1661 = CARTESIAN_POINT('',(3.143229225935,470.65053381946));
#1662 = CARTESIAN_POINT('',(3.169016210671,470.72440641402));
#1663 = CARTESIAN_POINT('',(3.193684337981,470.80120168011));
#1664 = CARTESIAN_POINT('',(3.258487497367,471.01803350904));
#1665 = CARTESIAN_POINT('',(3.29710060507,471.16449007334));
#1666 = CARTESIAN_POINT('',(3.333456866516,471.31644098263));
#1667 = CARTESIAN_POINT('',(3.367797964214,471.47148596751));
#1668 = CARTESIAN_POINT('',(3.400401395144,471.62826539951));
#1669 = CARTESIAN_POINT('',(3.431591770207,471.78642167622));
#1670 = CARTESIAN_POINT('',(3.461745145599,471.94654218688));
#1671 = CARTESIAN_POINT('',(3.555959948044,472.46811968323));
#1672 = CARTESIAN_POINT('',(3.616982364937,472.83858140299));
#1673 = CARTESIAN_POINT('',(3.674879208691,473.21369550391));
#1674 = CARTESIAN_POINT('',(3.730191099339,473.58893563033));
#1675 = CARTESIAN_POINT('',(3.783520349981,473.96243112091));
#1676 = CARTESIAN_POINT('',(3.835558754063,474.33456283636));
#1677 = CARTESIAN_POINT('',(3.887107436557,474.70728091969));
#1678 = CARTESIAN_POINT('',(3.991767941261,475.46295822092));
#1679 = CARTESIAN_POINT('',(4.043225043815,475.83395299821));
#1680 = CARTESIAN_POINT('',(4.094832469705,476.20072234538));
#1681 = CARTESIAN_POINT('',(4.147654742974,476.56648723594));
#1682 = CARTESIAN_POINT('',(4.202495959824,476.93070476179));
#1683 = CARTESIAN_POINT('',(4.259991893697,477.2884068888));
#1684 = CARTESIAN_POINT('',(4.320821009857,477.63072144606));
#1685 = CARTESIAN_POINT('',(4.406812377758,478.04859805338));
#1686 = CARTESIAN_POINT('',(4.428164188247,478.14760797373));
#1687 = CARTESIAN_POINT('',(4.450136611469,478.24429959058));
#1688 = CARTESIAN_POINT('',(4.472791951286,478.33831463378));
#1689 = CARTESIAN_POINT('',(4.49619825173,478.42924511762));
#1690 = CARTESIAN_POINT('',(4.520431870521,478.51664459238));
#1691 = CARTESIAN_POINT('',(4.545580525911,478.60004160823));
#1692 = CARTESIAN_POINT('',(4.58202573356,478.70995513085));
#1693 = CARTESIAN_POINT('',(4.592459453568,478.74025630474));
#1694 = CARTESIAN_POINT('',(4.603050154375,478.76981842987));
#1695 = CARTESIAN_POINT('',(4.613800368515,478.79860342413));
#1696 = CARTESIAN_POINT('',(4.624712999439,478.82657568041));
#1697 = CARTESIAN_POINT('',(4.635791337382,478.85370214039));
#1698 = CARTESIAN_POINT('',(4.647039075234,478.87995236852));
#1699 = CARTESIAN_POINT('',(4.680439240927,478.95407466287));
#1700 = CARTESIAN_POINT('',(4.703087766215,478.99956305947));
#1701 = CARTESIAN_POINT('',(4.726386535613,479.04143734347));
#1702 = CARTESIAN_POINT('',(4.750319572771,479.07946205223));
#1703 = CARTESIAN_POINT('',(4.774872088956,479.11349013441));
#1704 = CARTESIAN_POINT('',(4.800028249881,479.14345848421));
#1705 = CARTESIAN_POINT('',(4.825768910074,479.16938160813));
#1706 = CARTESIAN_POINT('',(4.875855378533,479.21120567183));
#1707 = CARTESIAN_POINT('',(4.900062429146,479.22779710161));
#1708 = CARTESIAN_POINT('',(4.924673346971,479.24120021525));
#1709 = CARTESIAN_POINT('',(4.949666476873,479.25153984857));
#1710 = CARTESIAN_POINT('',(4.975015341884,479.25897870124));
#1711 = CARTESIAN_POINT('',(5.000687996756,479.26371170694));
#1712 = CARTESIAN_POINT('',(5.026646021425,479.26595924382));
#1713 = CARTESIAN_POINT('',(5.052843154372,479.26595918537));
#1714 = ( GEOMETRIC_REPRESENTATION_CONTEXT(2) 
PARAMETRIC_REPRESENTATION_CONTEXT() REPRESENTATION_CONTEXT('2D SPACE',''
  ) );
#1715 = ORIENTED_EDGE('',*,*,#1716,.T.);
#1716 = EDGE_CURVE('',#1335,#1717,#1719,.T.);
#1717 = VERTEX_POINT('',#1718);
#1718 = CARTESIAN_POINT('',(1.328928402102E+03,374.9441198873,401.5));
#1719 = SURFACE_CURVE('',#1720,(#1724,#1730),.PCURVE_S1.);
#1720 = LINE('',#1721,#1722);
#1721 = CARTESIAN_POINT('',(1.328928402102E+03,386.61372992483,401.5));
#1722 = VECTOR('',#1723,1.);
#1723 = DIRECTION('',(0.,-1.,0.));
#1724 = PCURVE('',#724,#1725);
#1725 = DEFINITIONAL_REPRESENTATION('',(#1726),#1729);
#1726 = B_SPLINE_CURVE_WITH_KNOTS('',1,(#1727,#1728),.UNSPECIFIED.,.F.,
  .F.,(2,2),(-2.400000028047E-06,36.97510291732),
  .PIECEWISE_BEZIER_KNOTS.);
#1727 = CARTESIAN_POINT('',(4.459708725243,-2.400000028047E-06));
#1728 = CARTESIAN_POINT('',(4.459708725243,36.97510291732));
#1729 = ( GEOMETRIC_REPRESENTATION_CONTEXT(2) 
PARAMETRIC_REPRESENTATION_CONTEXT() REPRESENTATION_CONTEXT('2D SPACE',''
  ) );
#1730 = PCURVE('',#1294,#1731);
#1731 = DEFINITIONAL_REPRESENTATION('',(#1732),#1735);
#1732 = B_SPLINE_CURVE_WITH_KNOTS('',1,(#1733,#1734),.UNSPECIFIED.,.F.,
  .F.,(2,2),(-2.400000028047E-06,36.97510291732),
  .PIECEWISE_BEZIER_KNOTS.);
#1733 = CARTESIAN_POINT('',(-63.44053645858,10.806867362418));
#1734 = CARTESIAN_POINT('',(-63.44053645858,-26.1682379549));
#1735 = ( GEOMETRIC_REPRESENTATION_CONTEXT(2) 
PARAMETRIC_REPRESENTATION_CONTEXT() REPRESENTATION_CONTEXT('2D SPACE',''
  ) );
#1736 = ORIENTED_EDGE('',*,*,#1737,.F.);
#1737 = EDGE_CURVE('',#1738,#1717,#1740,.T.);
#1738 = VERTEX_POINT('',#1739);
#1739 = CARTESIAN_POINT('',(1.328927997193E+03,374.94418458838,
    398.50156906718));
#1740 = SURFACE_CURVE('',#1741,(#1746,#1757),.PCURVE_S1.);
#1741 = ELLIPSE('',#1742,6.076117098938,6.);
#1742 = AXIS2_PLACEMENT_3D('',#1743,#1744,#1745);
#1743 = CARTESIAN_POINT('',(1.334737877121E+03,374.01581548545,400.));
#1744 = DIRECTION('',(0.157789694967,0.987472739959,0.));
#1745 = DIRECTION('',(0.987472739959,-0.157789694967,0.));
#1746 = PCURVE('',#724,#1747);
#1747 = DEFINITIONAL_REPRESENTATION('',(#1748),#1756);
#1748 = B_SPLINE_CURVE_WITH_KNOTS('',6,(#1749,#1750,#1751,#1752,#1753,
    #1754,#1755),.UNSPECIFIED.,.F.,.F.,(7,7),(2.836899999571,
    3.446285307608),.PIECEWISE_BEZIER_KNOTS.);
#1749 = CARTESIAN_POINT('',(5.017081634403,11.683326504839));
#1750 = CARTESIAN_POINT('',(4.915517416397,11.654114137353));
#1751 = CARTESIAN_POINT('',(4.813953198391,11.636222858963));
#1752 = CARTESIAN_POINT('',(4.712388980385,11.630195061216));
#1753 = CARTESIAN_POINT('',(4.610824762378,11.636222858963));
#1754 = CARTESIAN_POINT('',(4.509260544372,11.654114137353));
#1755 = CARTESIAN_POINT('',(4.407696326366,11.683326504839));
#1756 = ( GEOMETRIC_REPRESENTATION_CONTEXT(2) 
PARAMETRIC_REPRESENTATION_CONTEXT() REPRESENTATION_CONTEXT('2D SPACE',''
  ) );
#1757 = PCURVE('',#1758,#1763);
#1758 = PLANE('',#1759);
#1759 = AXIS2_PLACEMENT_3D('',#1760,#1761,#1762);
#1760 = CARTESIAN_POINT('',(1.324737877121E+03,375.61372992483,398.5));
#1761 = DIRECTION('',(0.157789694967,0.987472739959,-0.));
#1762 = DIRECTION('',(0.987472739959,-0.157789694967,0.));
#1763 = DEFINITIONAL_REPRESENTATION('',(#1764),#1768);
#1764 = ELLIPSE('',#1765,6.076117098938,6.);
#1765 = AXIS2_PLACEMENT_2D('',#1766,#1767);
#1766 = CARTESIAN_POINT('',(10.126861831563,-1.5));
#1767 = DIRECTION('',(1.,0.));
#1768 = ( GEOMETRIC_REPRESENTATION_CONTEXT(2) 
PARAMETRIC_REPRESENTATION_CONTEXT() REPRESENTATION_CONTEXT('2D SPACE',''
  ) );
#1769 = ORIENTED_EDGE('',*,*,#1770,.T.);
#1770 = EDGE_CURVE('',#1738,#1771,#1773,.T.);
#1771 = VERTEX_POINT('',#1772);
#1772 = CARTESIAN_POINT('',(1.33230822503E+03,386.61372992483,
    394.51394579748));
#1773 = SURFACE_CURVE('',#1774,(#1896,#2021),.PCURVE_S1.);
#1774 = B_SPLINE_CURVE_WITH_KNOTS('',8,(#1775,#1776,#1777,#1778,#1779,
    #1780,#1781,#1782,#1783,#1784,#1785,#1786,#1787,#1788,#1789,#1790,
    #1791,#1792,#1793,#1794,#1795,#1796,#1797,#1798,#1799,#1800,#1801,
    #1802,#1803,#1804,#1805,#1806,#1807,#1808,#1809,#1810,#1811,#1812,
    #1813,#1814,#1815,#1816,#1817,#1818,#1819,#1820,#1821,#1822,#1823,
    #1824,#1825,#1826,#1827,#1828,#1829,#1830,#1831,#1832,#1833,#1834,
    #1835,#1836,#1837,#1838,#1839,#1840,#1841,#1842,#1843,#1844,#1845,
    #1846,#1847,#1848,#1849,#1850,#1851,#1852,#1853,#1854,#1855,#1856,
    #1857,#1858,#1859,#1860,#1861,#1862,#1863,#1864,#1865,#1866,#1867,
    #1868,#1869,#1870,#1871,#1872,#1873,#1874,#1875,#1876,#1877,#1878,
    #1879,#1880,#1881,#1882,#1883,#1884,#1885,#1886,#1887,#1888,#1889,
    #1890,#1891,#1892,#1893,#1894,#1895),.UNSPECIFIED.,.F.,.F.,(9,7,7,7,
    7,7,7,7,7,7,7,7,7,7,7,7,7,9),(0.,3.028318728829E-02,
    5.732885906216E-02,7.055470388857E-02,9.531672558782E-02,
    0.18069196923,0.264816991056,0.425497959174,0.47945823276,
    0.534779448169,0.568385449254,0.626633538481,0.754153958705,
    0.88333238319,0.924521639794,0.940702035338,0.971839396713,1.),
  .UNSPECIFIED.);
#1775 = CARTESIAN_POINT('',(1.329089176182E+03,386.61373232483,
    402.02291316957));
#1776 = CARTESIAN_POINT('',(1.32912402322E+03,386.53278849114,
    402.12021863078));
#1777 = CARTESIAN_POINT('',(1.329159623516E+03,386.44938909899,
    402.21359224874));
#1778 = CARTESIAN_POINT('',(1.329195627931E+03,386.3636607764,
    402.30276357919));
#1779 = CARTESIAN_POINT('',(1.329231684088E+03,386.2757293721,
    402.38753086474));
#1780 = CARTESIAN_POINT('',(1.329267449686E+03,386.18572134061,
    402.46775399786));
#1781 = CARTESIAN_POINT('',(1.329302603672E+03,386.09376526216,
    402.54334818569));
#1782 = CARTESIAN_POINT('',(1.329336855303E+03,385.99999349773,
    402.61427831677));
#1783 = CARTESIAN_POINT('',(1.329399508634E+03,385.81929877908,
    402.73974433723));
#1784 = CARTESIAN_POINT('',(1.329428112355E+03,385.73280733705,
    402.79515831815));
#1785 = CARTESIAN_POINT('',(1.329455578023E+03,385.64519308205,
    402.84680277137));
#1786 = CARTESIAN_POINT('',(1.329481746945E+03,385.55658606355,
    402.8947157525));
#1787 = CARTESIAN_POINT('',(1.329506488961E+03,385.46712670427,
    402.93896168846));
#1788 = CARTESIAN_POINT('',(1.329529704054E+03,385.37696968835,
    402.9796273858));
#1789 = CARTESIAN_POINT('',(1.329551322584E+03,385.28628798451,
    403.01681893276));
#1790 = CARTESIAN_POINT('',(1.329581075459E+03,385.15077091444,
    403.06720816956));
#1791 = CARTESIAN_POINT('',(1.32959045754E+03,385.10617587872,
    403.08295931665));
#1792 = CARTESIAN_POINT('',(1.329599447971E+03,385.06150289391,
    403.09793100716));
#1793 = CARTESIAN_POINT('',(1.329608045468E+03,385.01676382273,
    403.11214132962));
#1794 = CARTESIAN_POINT('',(1.329616249843E+03,384.97197139398,
    403.12560839012));
#1795 = CARTESIAN_POINT('',(1.329624062005E+03,384.92713920251,
    403.13835031225));
#1796 = CARTESIAN_POINT('',(1.329631483964E+03,384.88228170924,
    403.15038523714));
#1797 = CARTESIAN_POINT('',(1.329651689808E+03,384.75341134884,
    403.18297397667));
#1798 = CARTESIAN_POINT('',(1.329663499555E+03,384.66939996148,
    403.20179547798));
#1799 = CARTESIAN_POINT('',(1.329673980316E+03,384.58541221984,
    403.21833521179));
#1800 = CARTESIAN_POINT('',(1.329683171162E+03,384.50148443165,
    403.2327237364));
#1801 = CARTESIAN_POINT('',(1.329691116829E+03,384.41765720394,
    403.24508376184));
#1802 = CARTESIAN_POINT('',(1.329697866566E+03,384.33397557548,
    403.2555311278));
#1803 = CARTESIAN_POINT('',(1.329703472972E+03,384.25048914914,
    403.26417578147));
#1804 = CARTESIAN_POINT('',(1.329723567719E+03,383.88026544966,
    403.29507474138));
#1805 = CARTESIAN_POINT('',(1.329726258876E+03,383.59525523402,
    403.29892826979));
#1806 = CARTESIAN_POINT('',(1.329718244013E+03,383.31296031088,
    403.28686462192));
#1807 = CARTESIAN_POINT('',(1.329701777681E+03,383.03410712751,
    403.26196022552));
#1808 = CARTESIAN_POINT('',(1.329678768371E+03,382.75903910172,
    403.22651917278));
#1809 = CARTESIAN_POINT('',(1.329650647239E+03,382.48743554825,
    403.18216658045));
#1810 = CARTESIAN_POINT('',(1.329618390438E+03,382.21814144858,
    403.12981809332));
#1811 = CARTESIAN_POINT('',(1.329547252227E+03,381.68405640079,
    403.01034479592));
#1812 = CARTESIAN_POINT('',(1.329508623397E+03,381.42037555987,
    402.94369742739));
#1813 = CARTESIAN_POINT('',(1.329467583496E+03,381.1585366014,
    402.87050267542));
#1814 = CARTESIAN_POINT('',(1.329424877414E+03,380.89875238261,
    402.79134767601));
#1815 = CARTESIAN_POINT('',(1.329381085373E+03,380.64097922262,
    402.7065957948));
#1816 = CARTESIAN_POINT('',(1.329336645868E+03,380.3849399174,
    402.61638686344));
#1817 = CARTESIAN_POINT('',(1.329291900102E+03,380.13018927908,
    402.52064460897));
#1818 = CARTESIAN_POINT('',(1.329161699183E+03,379.39113850682,
    402.22512178385));
#1819 = CARTESIAN_POINT('',(1.329078721943E+03,378.9229303435,
    402.01555883783));
#1820 = CARTESIAN_POINT('',(1.328999382798E+03,378.46221411438,
    401.78838244591));
#1821 = CARTESIAN_POINT('',(1.328924271644E+03,378.00217567114,
    401.53890685724));
#1822 = CARTESIAN_POINT('',(1.32885559156E+03,377.54079047952,
    401.26209811504));
#1823 = CARTESIAN_POINT('',(1.328797501431E+03,377.0817907538,
    400.95330285771));
#1824 = CARTESIAN_POINT('',(1.328756617272E+03,376.6351408168,
    400.60880758449));
#1825 = CARTESIAN_POINT('',(1.328737313327E+03,376.07844519983,
    400.09855273959));
#1826 = CARTESIAN_POINT('',(1.328735446002E+03,375.94200046553,
    399.96617227482));
#1827 = CARTESIAN_POINT('',(1.328736843086E+03,375.80794794323,
    399.82801295385));
#1828 = CARTESIAN_POINT('',(1.328742039311E+03,375.67596946199,
    399.68255792999));
#1829 = CARTESIAN_POINT('',(1.328751832625E+03,375.54657959498,
    399.52850837945));
#1830 = CARTESIAN_POINT('',(1.328767288825E+03,375.42115201435,
    399.36482814209));
#1831 = CARTESIAN_POINT('',(1.328789743598E+03,375.30193623116,
    399.19077332185));
#1832 = CARTESIAN_POINT('',(1.328852643593E+03,375.07942212082,
    398.81637782152));
#1833 = CARTESIAN_POINT('',(1.328897371618E+03,374.96300337454,
    398.59260695611));
#1834 = CARTESIAN_POINT('',(1.328957579946E+03,374.86081213946,
    398.34693626804));
#1835 = CARTESIAN_POINT('',(1.329035257981E+03,374.78575680312,
    398.08820235824));
#1836 = CARTESIAN_POINT('',(1.329130656623E+03,374.74609611907,
    397.82466678639));
#1837 = CARTESIAN_POINT('',(1.329242387531E+03,374.74549625909,
    397.56345647647));
#1838 = CARTESIAN_POINT('',(1.32936725797E+03,374.78304390396,
    397.3109759441));
#1839 = CARTESIAN_POINT('',(1.329581163029E+03,374.89584874523,
    396.92823258635));
#1840 = CARTESIAN_POINT('',(1.32966231605E+03,374.94909030037,
    396.7937438636));
#1841 = CARTESIAN_POINT('',(1.329743072307E+03,375.01069066178,
    396.66871321265));
#1842 = CARTESIAN_POINT('',(1.329822902972E+03,375.07877583121,
    396.55240554719));
#1843 = CARTESIAN_POINT('',(1.329901460852E+03,375.1518464025,
    396.44405444084));
#1844 = CARTESIAN_POINT('',(1.329978575601E+03,375.22877367228,
    396.34287095873));
#1845 = CARTESIAN_POINT('',(1.330054247778E+03,375.30879655544,
    396.24805124189));
#1846 = CARTESIAN_POINT('',(1.330257586165E+03,375.53489971215,
    396.00405709927));
#1847 = CARTESIAN_POINT('',(1.330383945943E+03,375.68778663589,
    395.86450228647));
#1848 = CARTESIAN_POINT('',(1.330506847366E+03,375.84661807279,
    395.73837606507));
#1849 = CARTESIAN_POINT('',(1.330625908387E+03,376.00892285399,
    395.62394995945));
#1850 = CARTESIAN_POINT('',(1.330741218565E+03,376.1733034297,
    395.51952621038));
#1851 = CARTESIAN_POINT('',(1.33085330149E+03,376.33940512885,
    395.42346339268));
#1852 = CARTESIAN_POINT('',(1.330963059688E+03,376.50787189401,
    395.33421079997));
#1853 = CARTESIAN_POINT('',(1.331309548649E+03,377.05775386881,
    395.06676169589));
#1854 = CARTESIAN_POINT('',(1.331539408515E+03,377.44996299838,
    394.91105977978));
#1855 = CARTESIAN_POINT('',(1.33175926814E+03,377.84917369487,
    394.77888277735));
#1856 = CARTESIAN_POINT('',(1.331968439691E+03,378.25099947568,
    394.66629148551));
#1857 = CARTESIAN_POINT('',(1.332167152798E+03,378.65387978525,
    394.56990248183));
#1858 = CARTESIAN_POINT('',(1.332356268174E+03,379.05873543604,
    394.48695716957));
#1859 = CARTESIAN_POINT('',(1.332536749798E+03,379.46847576361,
    394.41534606595));
#1860 = CARTESIAN_POINT('',(1.332882548584E+03,380.3110141339,
    394.29106409372));
#1861 = CARTESIAN_POINT('',(1.333042130444E+03,380.73062576097,
    394.24063010751));
#1862 = CARTESIAN_POINT('',(1.333189653363E+03,381.15249399239,
    394.19913684059));
#1863 = CARTESIAN_POINT('',(1.333325239582E+03,381.58199807156,
    394.16526251542));
#1864 = CARTESIAN_POINT('',(1.333446144694E+03,382.02143017891,
    394.13852575974));
#1865 = CARTESIAN_POINT('',(1.333546501919E+03,382.46949802305,
    394.11875587069));
#1866 = CARTESIAN_POINT('',(1.333617367015E+03,382.92235042173,
    394.10547729758));
#1867 = CARTESIAN_POINT('',(1.333657145737E+03,383.52055386227,
    394.09812611771));
#1868 = CARTESIAN_POINT('',(1.333662678891E+03,383.6660698669,
    394.09712222898));
#1869 = CARTESIAN_POINT('',(1.333663690035E+03,383.81245870222,
    394.09694457639));
#1870 = CARTESIAN_POINT('',(1.333659679903E+03,383.95966712275,
    394.09767041873));
#1871 = CARTESIAN_POINT('',(1.333650087696E+03,384.10761776428,
    394.09940657463));
#1872 = CARTESIAN_POINT('',(1.333634291153E+03,384.25622011539,
    394.10230288761));
#1873 = CARTESIAN_POINT('',(1.33361160695E+03,384.4053807496,
    394.10657400158));
#1874 = CARTESIAN_POINT('',(1.333569382554E+03,384.61379285603,
    394.11486892749));
#1875 = CARTESIAN_POINT('',(1.333556298651E+03,384.6726328628,
    394.11746783154));
#1876 = CARTESIAN_POINT('',(1.333542000066E+03,384.73150501636,
    394.12034387761));
#1877 = CARTESIAN_POINT('',(1.333526447945E+03,384.79038352142,
    394.12351654552));
#1878 = CARTESIAN_POINT('',(1.333509604244E+03,384.84924458509,
    394.12700732815));
#1879 = CARTESIAN_POINT('',(1.333491431755E+03,384.90806639223,
    394.13083998322));
#1880 = CARTESIAN_POINT('',(1.333471894121E+03,384.96682908085,
    394.13504078496));
#1881 = CARTESIAN_POINT('',(1.33341066253E+03,385.13844866103,
    394.14848709524));
#1882 = CARTESIAN_POINT('',(1.333365132693E+03,385.25123625713,
    394.15881718395));
#1883 = CARTESIAN_POINT('',(1.333314185491E+03,385.36348370033,
    394.1708218998));
#1884 = CARTESIAN_POINT('',(1.333257706426E+03,385.47485528223,
    394.18471717758));
#1885 = CARTESIAN_POINT('',(1.333195654159E+03,385.58506173283,
    394.20074316051));
#1886 = CARTESIAN_POINT('',(1.333128066409E+03,385.69384897321,
    394.21916023277));
#1887 = CARTESIAN_POINT('',(1.333055064958E+03,385.80098727964,
    394.24023995283));
#1888 = CARTESIAN_POINT('',(1.332906131057E+03,386.00147019497,
    394.28596635749));
#1889 = CARTESIAN_POINT('',(1.332831255584E+03,386.09500689447,
    394.31004572155));
#1890 = CARTESIAN_POINT('',(1.332752400641E+03,386.18673420705,
    394.33667790825));
#1891 = CARTESIAN_POINT('',(1.332669791053E+03,386.27652086083,
    394.36604792811));
#1892 = CARTESIAN_POINT('',(1.332583707965E+03,386.36423930189,
    394.39832854135));
#1893 = CARTESIAN_POINT('',(1.332494486695E+03,386.44976406654,
    394.43366993365));
#1894 = CARTESIAN_POINT('',(1.332402513638E+03,386.53297028618,
    394.47218740023));
#1895 = CARTESIAN_POINT('',(1.332308222228E+03,386.61373232484,
    394.51394703846));
#1896 = PCURVE('',#724,#1897);
#1897 = DEFINITIONAL_REPRESENTATION('',(#1898),#2020);
#1898 = B_SPLINE_CURVE_WITH_KNOTS('',8,(#1899,#1900,#1901,#1902,#1903,
    #1904,#1905,#1906,#1907,#1908,#1909,#1910,#1911,#1912,#1913,#1914,
    #1915,#1916,#1917,#1918,#1919,#1920,#1921,#1922,#1923,#1924,#1925,
    #1926,#1927,#1928,#1929,#1930,#1931,#1932,#1933,#1934,#1935,#1936,
    #1937,#1938,#1939,#1940,#1941,#1942,#1943,#1944,#1945,#1946,#1947,
    #1948,#1949,#1950,#1951,#1952,#1953,#1954,#1955,#1956,#1957,#1958,
    #1959,#1960,#1961,#1962,#1963,#1964,#1965,#1966,#1967,#1968,#1969,
    #1970,#1971,#1972,#1973,#1974,#1975,#1976,#1977,#1978,#1979,#1980,
    #1981,#1982,#1983,#1984,#1985,#1986,#1987,#1988,#1989,#1990,#1991,
    #1992,#1993,#1994,#1995,#1996,#1997,#1998,#1999,#2000,#2001,#2002,
    #2003,#2004,#2005,#2006,#2007,#2008,#2009,#2010,#2011,#2012,#2013,
    #2014,#2015,#2016,#2017,#2018,#2019),.UNSPECIFIED.,.F.,.F.,(9,7,7,7,
    7,7,7,7,7,7,7,7,7,7,7,7,7,9),(0.,3.028318728829E-02,
    5.732885906216E-02,7.055470388857E-02,9.531672558782E-02,
    0.18069196923,0.264816991056,0.425497959174,0.47945823276,
    0.534779448169,0.568385449254,0.626633538481,0.754153958705,
    0.88333238319,0.924521639794,0.940702035338,0.971839396713,1.),
  .UNSPECIFIED.);
#1899 = CARTESIAN_POINT('',(4.368498640946,-2.4E-06));
#1900 = CARTESIAN_POINT('',(4.351272474745,8.094143368948E-02));
#1901 = CARTESIAN_POINT('',(4.334620925919,0.164340825837));
#1902 = CARTESIAN_POINT('',(4.31859823446,0.250069148434));
#1903 = CARTESIAN_POINT('',(4.303250292845,0.338000552728));
#1904 = CARTESIAN_POINT('',(4.288615078748,0.428008584219));
#1905 = CARTESIAN_POINT('',(4.274722859587,0.519964662668));
#1906 = CARTESIAN_POINT('',(4.2615961689,0.613736427104));
#1907 = CARTESIAN_POINT('',(4.238222892282,0.794431145754));
#1908 = CARTESIAN_POINT('',(4.227830339162,0.880922587781));
#1909 = CARTESIAN_POINT('',(4.218082546903,0.968536842778));
#1910 = CARTESIAN_POINT('',(4.208984615139,1.057143861286));
#1911 = CARTESIAN_POINT('',(4.200536344265,1.146603220561));
#1912 = CARTESIAN_POINT('',(4.192732477826,1.236760236478));
#1913 = CARTESIAN_POINT('',(4.185562934482,1.327441940321));
#1914 = CARTESIAN_POINT('',(4.175810002176,1.462959010389));
#1915 = CARTESIAN_POINT('',(4.172754415623,1.507554046108));
#1916 = CARTESIAN_POINT('',(4.169843835844,1.552227030925));
#1917 = CARTESIAN_POINT('',(4.167075744628,1.596966102105));
#1918 = CARTESIAN_POINT('',(4.164447539579,1.641758530856));
#1919 = CARTESIAN_POINT('',(4.161956534117,1.686590722323));
#1920 = CARTESIAN_POINT('',(4.159599957479,1.731448215591));
#1921 = CARTESIAN_POINT('',(4.153209204439,1.860318575996));
#1922 = CARTESIAN_POINT('',(4.149505954768,1.944329963354));
#1923 = CARTESIAN_POINT('',(4.14624253442,2.028317704989));
#1924 = CARTESIAN_POINT('',(4.143396997941,2.112245493185));
#1925 = CARTESIAN_POINT('',(4.140948062835,2.196072720894));
#1926 = CARTESIAN_POINT('',(4.138875046699,2.279754349352));
#1927 = CARTESIAN_POINT('',(4.137157804354,2.363240775691));
#1928 = CARTESIAN_POINT('',(4.131014731084,2.733464475169));
#1929 = CARTESIAN_POINT('',(4.130231750014,3.018474690817));
#1930 = CARTESIAN_POINT('',(4.132645577529,3.300769613956));
#1931 = CARTESIAN_POINT('',(4.137621570124,3.579622797326));
#1932 = CARTESIAN_POINT('',(4.144663771803,3.854690823109));
#1933 = CARTESIAN_POINT('',(4.153415325196,4.126294376577));
#1934 = CARTESIAN_POINT('',(4.163662302799,4.395588476255));
#1935 = CARTESIAN_POINT('',(4.186837069916,4.929673524037));
#1936 = CARTESIAN_POINT('',(4.199675013429,5.193354364964));
#1937 = CARTESIAN_POINT('',(4.213658372386,5.455193323434));
#1938 = CARTESIAN_POINT('',(4.228644350164,5.714977542223));
#1939 = CARTESIAN_POINT('',(4.244538484787,5.972750702213));
#1940 = CARTESIAN_POINT('',(4.261292905423,6.228790007427));
#1941 = CARTESIAN_POINT('',(4.278902326312,6.483540645756));
#1942 = CARTESIAN_POINT('',(4.332724569636,7.222591418013));
#1943 = CARTESIAN_POINT('',(4.370262909604,7.690799581335));
#1944 = CARTESIAN_POINT('',(4.410310480005,8.151515810453));
#1945 = CARTESIAN_POINT('',(4.453644260032,8.611554253687));
#1946 = CARTESIAN_POINT('',(4.501044807526,9.072939445311));
#1947 = CARTESIAN_POINT('',(4.553234084909,9.53193917103));
#1948 = CARTESIAN_POINT('',(4.610866495832,9.978589108028));
#1949 = CARTESIAN_POINT('',(4.695969807072,10.535284724997));
#1950 = CARTESIAN_POINT('',(4.71802924702,10.671729459299));
#1951 = CARTESIAN_POINT('',(4.741045367255,10.805781981602));
#1952 = CARTESIAN_POINT('',(4.765286523557,10.937760462842));
#1953 = CARTESIAN_POINT('',(4.790991329312,11.067150329847));
#1954 = CARTESIAN_POINT('',(4.818367526281,11.192577910486));
#1955 = CARTESIAN_POINT('',(4.847595823499,11.311793693669));
#1956 = CARTESIAN_POINT('',(4.910869567422,11.534307804016));
#1957 = CARTESIAN_POINT('',(4.948884386071,11.650726550289));
#1958 = CARTESIAN_POINT('',(4.990976158277,11.752917785371));
#1959 = CARTESIAN_POINT('',(5.035876590661,11.827973121705));
#1960 = CARTESIAN_POINT('',(5.082441924218,11.867633805766));
#1961 = CARTESIAN_POINT('',(5.129672587924,11.868233665742));
#1962 = CARTESIAN_POINT('',(5.176558461314,11.830686020872));
#1963 = CARTESIAN_POINT('',(5.249635257344,11.717881179606));
#1964 = CARTESIAN_POINT('',(5.275800168592,11.664639624462));
#1965 = CARTESIAN_POINT('',(5.300588858604,11.603039263052));
#1966 = CARTESIAN_POINT('',(5.324083252695,11.534954093626));
#1967 = CARTESIAN_POINT('',(5.346375363069,11.461883522336));
#1968 = CARTESIAN_POINT('',(5.367569555104,11.384956252547));
#1969 = CARTESIAN_POINT('',(5.387783995999,11.304933369394));
#1970 = CARTESIAN_POINT('',(5.440719921948,11.07883021268));
#1971 = CARTESIAN_POINT('',(5.472070421255,10.925943288944));
#1972 = CARTESIAN_POINT('',(5.501390065983,10.767111852041));
#1973 = CARTESIAN_POINT('',(5.528885410219,10.604807070845));
#1974 = CARTESIAN_POINT('',(5.554792602994,10.440426495135));
#1975 = CARTESIAN_POINT('',(5.579381203293,10.274324795977));
#1976 = CARTESIAN_POINT('',(5.602951486919,10.105858030817));
#1977 = CARTESIAN_POINT('',(5.67590193119,9.555976056026));
#1978 = CARTESIAN_POINT('',(5.722084883947,9.163766926449));
#1979 = CARTESIAN_POINT('',(5.764743757564,8.764556229958));
#1980 = CARTESIAN_POINT('',(5.804256354258,8.362730449155));
#1981 = CARTESIAN_POINT('',(5.841008085803,7.959850139583));
#1982 = CARTESIAN_POINT('',(5.875388483471,7.554994488791));
#1983 = CARTESIAN_POINT('',(5.907732725786,7.145254161219));
#1984 = CARTESIAN_POINT('',(5.96897514239,6.302715790928));
#1985 = CARTESIAN_POINT('',(5.996847629697,5.883104163858));
#1986 = CARTESIAN_POINT('',(6.022369394773,5.461235932447));
#1987 = CARTESIAN_POINT('',(6.045642893341,5.031731853272));
#1988 = CARTESIAN_POINT('',(6.06626984452,4.592299745926));
#1989 = CARTESIAN_POINT('',(6.083316804183,4.144231901786));
#1990 = CARTESIAN_POINT('',(6.09533313195,3.6913795031));
#1991 = CARTESIAN_POINT('',(6.102075177687,3.093176062565));
#1992 = CARTESIAN_POINT('',(6.10301241195,2.947660057933));
#1993 = CARTESIAN_POINT('',(6.103183536095,2.801271222614));
#1994 = CARTESIAN_POINT('',(6.102504315376,2.654062802087));
#1995 = CARTESIAN_POINT('',(6.100879613494,2.506112160552));
#1996 = CARTESIAN_POINT('',(6.098203000682,2.357509809442));
#1997 = CARTESIAN_POINT('',(6.094355977947,2.208349175231));
#1998 = CARTESIAN_POINT('',(6.087184070242,1.999937068805));
#1999 = CARTESIAN_POINT('',(6.084960822371,1.941097062027));
#2000 = CARTESIAN_POINT('',(6.082530006367,1.88222490847));
#2001 = CARTESIAN_POINT('',(6.079884620684,1.823346403409));
#2002 = CARTESIAN_POINT('',(6.07701771542,1.764485339742));
#2003 = CARTESIAN_POINT('',(6.073922378037,1.705663532603));
#2004 = CARTESIAN_POINT('',(6.070591719087,1.646900843977));
#2005 = CARTESIAN_POINT('',(6.060143286287,1.475281263804));
#2006 = CARTESIAN_POINT('',(6.05236231121,1.362493667706));
#2007 = CARTESIAN_POINT('',(6.043639077342,1.250246224499));
#2008 = CARTESIAN_POINT('',(6.033946218819,1.138874642597));
#2009 = CARTESIAN_POINT('',(6.02326645061,1.028668192006));
#2010 = CARTESIAN_POINT('',(6.011593151931,0.919880951622));
#2011 = CARTESIAN_POINT('',(5.99893094175,0.81274264519));
#2012 = CARTESIAN_POINT('',(5.972965039411,0.612259729864));
#2013 = CARTESIAN_POINT('',(5.959857513581,0.518723030362));
#2014 = CARTESIAN_POINT('',(5.945988201431,0.42699571778));
#2015 = CARTESIAN_POINT('',(5.931379543681,0.337209064009));
#2016 = CARTESIAN_POINT('',(5.91606163959,0.249490622943));
#2017 = CARTESIAN_POINT('',(5.900072222532,0.163965858284));
#2018 = CARTESIAN_POINT('',(5.883456860785,8.075963865208E-02));
#2019 = CARTESIAN_POINT('',(5.866269383529,-2.4E-06));
#2020 = ( GEOMETRIC_REPRESENTATION_CONTEXT(2) 
PARAMETRIC_REPRESENTATION_CONTEXT() REPRESENTATION_CONTEXT('2D SPACE',''
  ) );
#2021 = PCURVE('',#2022,#2027);
#2022 = CYLINDRICAL_SURFACE('',#2023,5.);
#2023 = AXIS2_PLACEMENT_3D('',#2024,#2025,#2026);
#2024 = CARTESIAN_POINT('',(1.E+03,70.,256.5));
#2025 = DIRECTION('',(0.693638536152,0.656081964907,0.297358431002));
#2026 = DIRECTION('',(-0.687165252359,0.726501146558,-2.775557561563E-17
    ));
#2027 = DEFINITIONAL_REPRESENTATION('',(#2028),#2150);
#2028 = B_SPLINE_CURVE_WITH_KNOTS('',8,(#2029,#2030,#2031,#2032,#2033,
    #2034,#2035,#2036,#2037,#2038,#2039,#2040,#2041,#2042,#2043,#2044,
    #2045,#2046,#2047,#2048,#2049,#2050,#2051,#2052,#2053,#2054,#2055,
    #2056,#2057,#2058,#2059,#2060,#2061,#2062,#2063,#2064,#2065,#2066,
    #2067,#2068,#2069,#2070,#2071,#2072,#2073,#2074,#2075,#2076,#2077,
    #2078,#2079,#2080,#2081,#2082,#2083,#2084,#2085,#2086,#2087,#2088,
    #2089,#2090,#2091,#2092,#2093,#2094,#2095,#2096,#2097,#2098,#2099,
    #2100,#2101,#2102,#2103,#2104,#2105,#2106,#2107,#2108,#2109,#2110,
    #2111,#2112,#2113,#2114,#2115,#2116,#2117,#2118,#2119,#2120,#2121,
    #2122,#2123,#2124,#2125,#2126,#2127,#2128,#2129,#2130,#2131,#2132,
    #2133,#2134,#2135,#2136,#2137,#2138,#2139,#2140,#2141,#2142,#2143,
    #2144,#2145,#2146,#2147,#2148,#2149),.UNSPECIFIED.,.F.,.F.,(9,7,7,7,
    7,7,7,7,7,7,7,7,7,7,7,7,7,9),(0.,3.028318728829E-02,
    5.732885906216E-02,7.055470388857E-02,9.531672558782E-02,
    0.18069196923,0.264816991056,0.425497959174,0.47945823276,
    0.534779448169,0.568385449254,0.626633538481,0.754153958705,
    0.88333238319,0.924521639794,0.940702035338,0.971839396713,1.),
  .UNSPECIFIED.);
#2029 = CARTESIAN_POINT('',(0.681992112721,479.26595918537));
#2030 = CARTESIAN_POINT('',(0.708248215314,479.26595924395));
#2031 = CARTESIAN_POINT('',(0.73426424897,479.26370157665));
#2032 = CARTESIAN_POINT('',(0.759993577693,479.25894666657));
#2033 = CARTESIAN_POINT('',(0.785397490411,479.25147266563));
#2034 = CARTESIAN_POINT('',(0.810443815405,479.24108344123));
#2035 = CARTESIAN_POINT('',(0.835105899715,479.22761544526));
#2036 = CARTESIAN_POINT('',(0.859361953535,479.21094340537));
#2037 = CARTESIAN_POINT('',(0.904479647628,479.17316000297));
#2038 = CARTESIAN_POINT('',(0.925403972049,479.15273298555));
#2039 = CARTESIAN_POINT('',(0.945951690191,479.12965901209));
#2040 = CARTESIAN_POINT('',(0.966109518415,479.10392464722));
#2041 = CARTESIAN_POINT('',(0.98586602827,479.07555089229));
#2042 = CARTESIAN_POINT('',(1.005210774072,479.04459567151));
#2043 = CARTESIAN_POINT('',(1.024133451898,479.01115570651));
#2044 = CARTESIAN_POINT('',(1.051664872629,478.95786680634));
#2045 = CARTESIAN_POINT('',(1.060605176438,478.93980031657));
#2046 = CARTESIAN_POINT('',(1.069445016547,478.92117924501));
#2047 = CARTESIAN_POINT('',(1.078185296745,478.9020158616));
#2048 = CARTESIAN_POINT('',(1.086826809508,478.88232377128));
#2049 = CARTESIAN_POINT('',(1.095370236005,478.86211791397));
#2050 = CARTESIAN_POINT('',(1.103816146092,478.84141456459));
#2051 = CARTESIAN_POINT('',(1.127796095057,478.78057113387));
#2052 = CARTESIAN_POINT('',(1.143082074205,478.73924120578));
#2053 = CARTESIAN_POINT('',(1.158039089261,478.6963264522));
#2054 = CARTESIAN_POINT('',(1.172681630088,478.65191661781));
#2055 = CARTESIAN_POINT('',(1.187022603538,478.6061058644));
#2056 = CARTESIAN_POINT('',(1.20107341409,478.55899234673));
#2057 = CARTESIAN_POINT('',(1.214844044472,478.51067778838));
#2058 = CARTESIAN_POINT('',(1.274885711359,478.29090725314));
#2059 = CARTESIAN_POINT('',(1.318360840857,478.10692976056));
#2060 = CARTESIAN_POINT('',(1.359328953402,477.91257450692));
#2061 = CARTESIAN_POINT('',(1.398207674116,477.71079674829));
#2062 = CARTESIAN_POINT('',(1.435353978653,477.50383073732));
#2063 = CARTESIAN_POINT('',(1.471115979396,477.29294202599));
#2064 = CARTESIAN_POINT('',(1.505868667261,477.0783222001));
#2065 = CARTESIAN_POINT('',(1.573726681897,476.64304803544));
#2066 = CARTESIAN_POINT('',(1.606706460431,476.42343918952));
#2067 = CARTESIAN_POINT('',(1.639108079796,476.20141943734));
#2068 = CARTESIAN_POINT('',(1.671053473424,475.97781970586));
#2069 = CARTESIAN_POINT('',(1.702672912582,475.75312185116));
#2070 = CARTESIAN_POINT('',(1.734109463515,475.52748974136));
#2071 = CARTESIAN_POINT('',(1.76552068564,475.30084528756));
#2072 = CARTESIAN_POINT('',(1.857352037837,474.63777882606));
#2073 = CARTESIAN_POINT('',(1.91641624584,474.21072437459));
#2074 = CARTESIAN_POINT('',(1.976098498504,473.78587126191));
#2075 = CARTESIAN_POINT('',(2.037866935496,473.35776467548));
#2076 = CARTESIAN_POINT('',(2.102947485052,472.92510760621));
#2077 = CARTESIAN_POINT('',(2.172312658552,472.49184973901));
#2078 = CARTESIAN_POINT('',(2.246833524059,472.06801336863));
#2079 = CARTESIAN_POINT('',(2.354418773602,471.53765687438));
#2080 = CARTESIAN_POINT('',(2.382118158476,471.40747824868));
#2081 = CARTESIAN_POINT('',(2.410842302626,471.27941503863));
#2082 = CARTESIAN_POINT('',(2.44092087128,471.15317836205));
#2083 = CARTESIAN_POINT('',(2.472638891798,471.02927309074));
#2084 = CARTESIAN_POINT('',(2.506240333765,470.90903163499));
#2085 = CARTESIAN_POINT('',(2.541937534083,470.79463513694));
#2086 = CARTESIAN_POINT('',(2.618873525785,470.58094784451));
#2087 = CARTESIAN_POINT('',(2.66493077796,470.46905253276));
#2088 = CARTESIAN_POINT('',(2.715707340182,470.37071727274));
#2089 = CARTESIAN_POINT('',(2.769670764692,470.29841858886));
#2090 = CARTESIAN_POINT('',(2.825515026298,470.26020557987));
#2091 = CARTESIAN_POINT('',(2.882128882784,470.25963979803));
#2092 = CARTESIAN_POINT('',(2.938395601283,470.29581186429));
#2093 = CARTESIAN_POINT('',(3.026301307302,470.40438191399));
#2094 = CARTESIAN_POINT('',(3.057824893885,470.45561224509));
#2095 = CARTESIAN_POINT('',(3.087751203142,470.51486386467));
#2096 = CARTESIAN_POINT('',(3.116182335935,470.58032187739));
#2097 = CARTESIAN_POINT('',(3.143229225935,470.65053381946));
#2098 = CARTESIAN_POINT('',(3.169016210671,470.72440641402));
#2099 = CARTESIAN_POINT('',(3.193684337981,470.80120168011));
#2100 = CARTESIAN_POINT('',(3.258487497367,471.01803350904));
#2101 = CARTESIAN_POINT('',(3.29710060507,471.16449007334));
#2102 = CARTESIAN_POINT('',(3.333456866516,471.31644098263));
#2103 = CARTESIAN_POINT('',(3.367797964214,471.47148596751));
#2104 = CARTESIAN_POINT('',(3.400401395144,471.62826539951));
#2105 = CARTESIAN_POINT('',(3.431591770207,471.78642167622));
#2106 = CARTESIAN_POINT('',(3.461745145599,471.94654218688));
#2107 = CARTESIAN_POINT('',(3.555959948044,472.46811968323));
#2108 = CARTESIAN_POINT('',(3.616982364937,472.83858140299));
#2109 = CARTESIAN_POINT('',(3.674879208691,473.21369550391));
#2110 = CARTESIAN_POINT('',(3.730191099339,473.58893563033));
#2111 = CARTESIAN_POINT('',(3.783520349981,473.96243112091));
#2112 = CARTESIAN_POINT('',(3.835558754063,474.33456283636));
#2113 = CARTESIAN_POINT('',(3.887107436557,474.70728091969));
#2114 = CARTESIAN_POINT('',(3.991767941261,475.46295822092));
#2115 = CARTESIAN_POINT('',(4.043225043815,475.83395299821));
#2116 = CARTESIAN_POINT('',(4.094832469705,476.20072234538));
#2117 = CARTESIAN_POINT('',(4.147654742974,476.56648723594));
#2118 = CARTESIAN_POINT('',(4.202495959824,476.93070476179));
#2119 = CARTESIAN_POINT('',(4.259991893697,477.2884068888));
#2120 = CARTESIAN_POINT('',(4.320821009857,477.63072144606));
#2121 = CARTESIAN_POINT('',(4.406812377758,478.04859805338));
#2122 = CARTESIAN_POINT('',(4.428164188247,478.14760797373));
#2123 = CARTESIAN_POINT('',(4.450136611469,478.24429959058));
#2124 = CARTESIAN_POINT('',(4.472791951286,478.33831463378));
#2125 = CARTESIAN_POINT('',(4.49619825173,478.42924511762));
#2126 = CARTESIAN_POINT('',(4.520431870521,478.51664459238));
#2127 = CARTESIAN_POINT('',(4.545580525911,478.60004160823));
#2128 = CARTESIAN_POINT('',(4.58202573356,478.70995513085));
#2129 = CARTESIAN_POINT('',(4.592459453568,478.74025630474));
#2130 = CARTESIAN_POINT('',(4.603050154375,478.76981842987));
#2131 = CARTESIAN_POINT('',(4.613800368515,478.79860342413));
#2132 = CARTESIAN_POINT('',(4.624712999439,478.82657568041));
#2133 = CARTESIAN_POINT('',(4.635791337382,478.85370214039));
#2134 = CARTESIAN_POINT('',(4.647039075234,478.87995236852));
#2135 = CARTESIAN_POINT('',(4.680439240927,478.95407466287));
#2136 = CARTESIAN_POINT('',(4.703087766215,478.99956305947));
#2137 = CARTESIAN_POINT('',(4.726386535613,479.04143734347));
#2138 = CARTESIAN_POINT('',(4.750319572771,479.07946205223));
#2139 = CARTESIAN_POINT('',(4.774872088956,479.11349013441));
#2140 = CARTESIAN_POINT('',(4.800028249881,479.14345848421));
#2141 = CARTESIAN_POINT('',(4.825768910074,479.16938160813));
#2142 = CARTESIAN_POINT('',(4.875855378533,479.21120567183));
#2143 = CARTESIAN_POINT('',(4.900062429146,479.22779710161));
#2144 = CARTESIAN_POINT('',(4.924673346971,479.24120021525));
#2145 = CARTESIAN_POINT('',(4.949666476873,479.25153984857));
#2146 = CARTESIAN_POINT('',(4.975015341884,479.25897870124));
#2147 = CARTESIAN_POINT('',(5.000687996756,479.26371170694));
#2148 = CARTESIAN_POINT('',(5.026646021425,479.26595924382));
#2149 = CARTESIAN_POINT('',(5.052843154372,479.26595918537));
#2150 = ( GEOMETRIC_REPRESENTATION_CONTEXT(2) 
PARAMETRIC_REPRESENTATION_CONTEXT() REPRESENTATION_CONTEXT('2D SPACE',''
  ) );
#2151 = ORIENTED_EDGE('',*,*,#2152,.T.);
#2152 = EDGE_CURVE('',#1771,#1022,#2153,.T.);
#2153 = SURFACE_CURVE('',#2154,(#2159,#2166),.PCURVE_S1.);
#2154 = CIRCLE('',#2155,6.);
#2155 = AXIS2_PLACEMENT_3D('',#2156,#2157,#2158);
#2156 = CARTESIAN_POINT('',(1.334737877121E+03,386.61372992483,400.));
#2157 = DIRECTION('',(0.,-1.,0.));
#2158 = DIRECTION('',(0.,-0.,-1.));
#2159 = PCURVE('',#724,#2160);
#2160 = DEFINITIONAL_REPRESENTATION('',(#2161),#2165);
#2161 = LINE('',#2162,#2163);
#2162 = CARTESIAN_POINT('',(0.,0.));
#2163 = VECTOR('',#2164,1.);
#2164 = DIRECTION('',(1.,0.));
#2165 = ( GEOMETRIC_REPRESENTATION_CONTEXT(2) 
PARAMETRIC_REPRESENTATION_CONTEXT() REPRESENTATION_CONTEXT('2D SPACE',''
  ) );
#2166 = PCURVE('',#1208,#2167);
#2167 = DEFINITIONAL_REPRESENTATION('',(#2168),#2172);
#2168 = CIRCLE('',#2169,6.);
#2169 = AXIS2_PLACEMENT_2D('',#2170,#2171);
#2170 = CARTESIAN_POINT('',(0.,0.));
#2171 = DIRECTION('',(1.,0.));
#2172 = ( GEOMETRIC_REPRESENTATION_CONTEXT(2) 
PARAMETRIC_REPRESENTATION_CONTEXT() REPRESENTATION_CONTEXT('2D SPACE',''
  ) );
#2173 = ADVANCED_FACE('',(#2174),#750,.T.);
#2174 = FACE_BOUND('',#2175,.T.);
#2175 = EDGE_LOOP('',(#2176,#2177));
#2176 = ORIENTED_EDGE('',*,*,#735,.T.);
#2177 = ORIENTED_EDGE('',*,*,#1123,.T.);
#2178 = ADVANCED_FACE('',(#2179),#697,.T.);
#2179 = FACE_BOUND('',#2180,.T.);
#2180 = EDGE_LOOP('',(#2181,#2204,#2225,#2226));
#2181 = ORIENTED_EDGE('',*,*,#2182,.F.);
#2182 = EDGE_CURVE('',#2183,#1076,#2185,.T.);
#2183 = VERTEX_POINT('',#2184);
#2184 = CARTESIAN_POINT('',(1.324737877121E+03,-375.6137299248,398.5));
#2185 = SURFACE_CURVE('',#2186,(#2190,#2197),.PCURVE_S1.);
#2186 = LINE('',#2187,#2188);
#2187 = CARTESIAN_POINT('',(1.324737877121E+03,-375.6137299248,398.5));
#2188 = VECTOR('',#2189,1.);
#2189 = DIRECTION('',(0.987472739959,0.157789694967,0.));
#2190 = PCURVE('',#697,#2191);
#2191 = DEFINITIONAL_REPRESENTATION('',(#2192),#2196);
#2192 = LINE('',#2193,#2194);
#2193 = CARTESIAN_POINT('',(0.,0.));
#2194 = VECTOR('',#2195,1.);
#2195 = DIRECTION('',(1.,0.));
#2196 = ( GEOMETRIC_REPRESENTATION_CONTEXT(2) 
PARAMETRIC_REPRESENTATION_CONTEXT() REPRESENTATION_CONTEXT('2D SPACE',''
  ) );
#2197 = PCURVE('',#903,#2198);
#2198 = DEFINITIONAL_REPRESENTATION('',(#2199),#2203);
#2199 = LINE('',#2200,#2201);
#2200 = CARTESIAN_POINT('',(67.631061439271,0.193135037582));
#2201 = VECTOR('',#2202,1.);
#2202 = DIRECTION('',(-0.987472739959,0.157789694967));
#2203 = ( GEOMETRIC_REPRESENTATION_CONTEXT(2) 
PARAMETRIC_REPRESENTATION_CONTEXT() REPRESENTATION_CONTEXT('2D SPACE',''
  ) );
#2204 = ORIENTED_EDGE('',*,*,#2205,.T.);
#2205 = EDGE_CURVE('',#2183,#654,#2206,.T.);
#2206 = SURFACE_CURVE('',#2207,(#2211,#2218),.PCURVE_S1.);
#2207 = LINE('',#2208,#2209);
#2208 = CARTESIAN_POINT('',(1.324737877121E+03,-375.6137299248,398.5));
#2209 = VECTOR('',#2210,1.);
#2210 = DIRECTION('',(0.,0.,1.));
#2211 = PCURVE('',#697,#2212);
#2212 = DEFINITIONAL_REPRESENTATION('',(#2213),#2217);
#2213 = LINE('',#2214,#2215);
#2214 = CARTESIAN_POINT('',(0.,0.));
#2215 = VECTOR('',#2216,1.);
#2216 = DIRECTION('',(0.,-1.));
#2217 = ( GEOMETRIC_REPRESENTATION_CONTEXT(2) 
PARAMETRIC_REPRESENTATION_CONTEXT() REPRESENTATION_CONTEXT('2D SPACE',''
  ) );
#2218 = PCURVE('',#669,#2219);
#2219 = DEFINITIONAL_REPRESENTATION('',(#2220),#2224);
#2220 = LINE('',#2221,#2222);
#2221 = CARTESIAN_POINT('',(22.,0.));
#2222 = VECTOR('',#2223,1.);
#2223 = DIRECTION('',(0.,-1.));
#2224 = ( GEOMETRIC_REPRESENTATION_CONTEXT(2) 
PARAMETRIC_REPRESENTATION_CONTEXT() REPRESENTATION_CONTEXT('2D SPACE',''
  ) );
#2225 = ORIENTED_EDGE('',*,*,#681,.T.);
#2226 = ORIENTED_EDGE('',*,*,#1096,.F.);
#2227 = ADVANCED_FACE('',(#2228),#669,.T.);
#2228 = FACE_BOUND('',#2229,.T.);
#2229 = EDGE_LOOP('',(#2230,#2231,#2232,#2233));
#2230 = ORIENTED_EDGE('',*,*,#866,.T.);
#2231 = ORIENTED_EDGE('',*,*,#653,.T.);
#2232 = ORIENTED_EDGE('',*,*,#2205,.F.);
#2233 = ORIENTED_EDGE('',*,*,#2234,.F.);
#2234 = EDGE_CURVE('',#867,#2183,#2235,.T.);
#2235 = SURFACE_CURVE('',#2236,(#2240,#2247),.PCURVE_S1.);
#2236 = LINE('',#2237,#2238);
#2237 = CARTESIAN_POINT('',(1.324737877121E+03,-397.6137299248,398.5));
#2238 = VECTOR('',#2239,1.);
#2239 = DIRECTION('',(0.,1.,0.));
#2240 = PCURVE('',#669,#2241);
#2241 = DEFINITIONAL_REPRESENTATION('',(#2242),#2246);
#2242 = LINE('',#2243,#2244);
#2243 = CARTESIAN_POINT('',(0.,0.));
#2244 = VECTOR('',#2245,1.);
#2245 = DIRECTION('',(1.,0.));
#2246 = ( GEOMETRIC_REPRESENTATION_CONTEXT(2) 
PARAMETRIC_REPRESENTATION_CONTEXT() REPRESENTATION_CONTEXT('2D SPACE',''
  ) );
#2247 = PCURVE('',#903,#2248);
#2248 = DEFINITIONAL_REPRESENTATION('',(#2249),#2253);
#2249 = LINE('',#2250,#2251);
#2250 = CARTESIAN_POINT('',(67.631061439271,-21.80686496241));
#2251 = VECTOR('',#2252,1.);
#2252 = DIRECTION('',(0.,1.));
#2253 = ( GEOMETRIC_REPRESENTATION_CONTEXT(2) 
PARAMETRIC_REPRESENTATION_CONTEXT() REPRESENTATION_CONTEXT('2D SPACE',''
  ) );
#2254 = ADVANCED_FACE('',(#2255,#2283),#903,.T.);
#2255 = FACE_BOUND('',#2256,.T.);
#2256 = EDGE_LOOP('',(#2257,#2258,#2259,#2260,#2261,#2280,#2281,#2282));
#2257 = ORIENTED_EDGE('',*,*,#889,.T.);
#2258 = ORIENTED_EDGE('',*,*,#2234,.T.);
#2259 = ORIENTED_EDGE('',*,*,#2182,.T.);
#2260 = ORIENTED_EDGE('',*,*,#1075,.T.);
#2261 = ORIENTED_EDGE('',*,*,#2262,.T.);
#2262 = EDGE_CURVE('',#1047,#1148,#2263,.T.);
#2263 = SURFACE_CURVE('',#2264,(#2268,#2274),.PCURVE_S1.);
#2264 = LINE('',#2265,#2266);
#2265 = CARTESIAN_POINT('',(1.363553407841E+03,-386.6137299248,398.5));
#2266 = VECTOR('',#2267,1.);
#2267 = DIRECTION('',(1.,0.,-0.));
#2268 = PCURVE('',#903,#2269);
#2269 = DEFINITIONAL_REPRESENTATION('',(#2270),#2273);
#2270 = B_SPLINE_CURVE_WITH_KNOTS('',1,(#2271,#2272),.UNSPECIFIED.,.F.,
  .F.,(2,2),(-34.81553071963,-22.81553071963),.PIECEWISE_BEZIER_KNOTS.);
#2271 = CARTESIAN_POINT('',(63.631061439271,-10.80686496241));
#2272 = CARTESIAN_POINT('',(51.631061439271,-10.80686496241));
#2273 = ( GEOMETRIC_REPRESENTATION_CONTEXT(2) 
PARAMETRIC_REPRESENTATION_CONTEXT() REPRESENTATION_CONTEXT('2D SPACE',''
  ) );
#2274 = PCURVE('',#1063,#2275);
#2275 = DEFINITIONAL_REPRESENTATION('',(#2276),#2279);
#2276 = B_SPLINE_CURVE_WITH_KNOTS('',1,(#2277,#2278),.UNSPECIFIED.,.F.,
  .F.,(2,2),(-34.81553071963,-22.81553071963),.PIECEWISE_BEZIER_KNOTS.);
#2277 = CARTESIAN_POINT('',(1.5,-6.));
#2278 = CARTESIAN_POINT('',(1.5,6.));
#2279 = ( GEOMETRIC_REPRESENTATION_CONTEXT(2) 
PARAMETRIC_REPRESENTATION_CONTEXT() REPRESENTATION_CONTEXT('2D SPACE',''
  ) );
#2280 = ORIENTED_EDGE('',*,*,#1147,.F.);
#2281 = ORIENTED_EDGE('',*,*,#967,.T.);
#2282 = ORIENTED_EDGE('',*,*,#943,.T.);
#2283 = FACE_BOUND('',#2284,.T.);
#2284 = EDGE_LOOP('',(#2285));
#2285 = ORIENTED_EDGE('',*,*,#2286,.F.);
#2286 = EDGE_CURVE('',#2287,#2287,#2289,.T.);
#2287 = VERTEX_POINT('',#2288);
#2288 = CARTESIAN_POINT('',(1.441E+03,-365.,398.5));
#2289 = SURFACE_CURVE('',#2290,(#2295,#2302),.PCURVE_S1.);
#2290 = CIRCLE('',#2291,9.);
#2291 = AXIS2_PLACEMENT_3D('',#2292,#2293,#2294);
#2292 = CARTESIAN_POINT('',(1.45E+03,-365.,398.5));
#2293 = DIRECTION('',(0.,0.,-1.));
#2294 = DIRECTION('',(-1.,0.,-0.));
#2295 = PCURVE('',#903,#2296);
#2296 = DEFINITIONAL_REPRESENTATION('',(#2297),#2301);
#2297 = CIRCLE('',#2298,9.);
#2298 = AXIS2_PLACEMENT_2D('',#2299,#2300);
#2299 = CARTESIAN_POINT('',(-57.63106143927,10.806864962418));
#2300 = DIRECTION('',(1.,0.));
#2301 = ( GEOMETRIC_REPRESENTATION_CONTEXT(2) 
PARAMETRIC_REPRESENTATION_CONTEXT() REPRESENTATION_CONTEXT('2D SPACE',''
  ) );
#2302 = PCURVE('',#2303,#2308);
#2303 = CYLINDRICAL_SURFACE('',#2304,9.);
#2304 = AXIS2_PLACEMENT_3D('',#2305,#2306,#2307);
#2305 = CARTESIAN_POINT('',(1.45E+03,-365.,520.));
#2306 = DIRECTION('',(0.,0.,-1.));
#2307 = DIRECTION('',(-1.,0.,-0.));
#2308 = DEFINITIONAL_REPRESENTATION('',(#2309),#2313);
#2309 = LINE('',#2310,#2311);
#2310 = CARTESIAN_POINT('',(0.,121.5));
#2311 = VECTOR('',#2312,1.);
#2312 = DIRECTION('',(1.,0.));
#2313 = ( GEOMETRIC_REPRESENTATION_CONTEXT(2) 
PARAMETRIC_REPRESENTATION_CONTEXT() REPRESENTATION_CONTEXT('2D SPACE',''
  ) );
#2314 = ADVANCED_FACE('',(#2315),#1208,.F.);
#2315 = FACE_BOUND('',#2316,.F.);
#2316 = EDGE_LOOP('',(#2317,#2347,#2348,#2349,#2370));
#2317 = ORIENTED_EDGE('',*,*,#2318,.F.);
#2318 = EDGE_CURVE('',#1771,#2319,#2321,.T.);
#2319 = VERTEX_POINT('',#2320);
#2320 = CARTESIAN_POINT('',(1.336707948092E+03,386.61372992483,
    395.40447822651));
#2321 = SURFACE_CURVE('',#2322,(#2327,#2334),.PCURVE_S1.);
#2322 = ELLIPSE('',#2323,7.620999002322,5.);
#2323 = AXIS2_PLACEMENT_3D('',#2324,#2325,#2326);
#2324 = CARTESIAN_POINT('',(1.334737877121E+03,386.61372992483,400.));
#2325 = DIRECTION('',(0.,-1.,0.));
#2326 = DIRECTION('',(0.919104354697,0.,0.394014194131));
#2327 = PCURVE('',#1208,#2328);
#2328 = DEFINITIONAL_REPRESENTATION('',(#2329),#2333);
#2329 = ELLIPSE('',#2330,7.620999002322,5.);
#2330 = AXIS2_PLACEMENT_2D('',#2331,#2332);
#2331 = CARTESIAN_POINT('',(0.,0.));
#2332 = DIRECTION('',(-0.394014194131,0.919104354697));
#2333 = ( GEOMETRIC_REPRESENTATION_CONTEXT(2) 
PARAMETRIC_REPRESENTATION_CONTEXT() REPRESENTATION_CONTEXT('2D SPACE',''
  ) );
#2334 = PCURVE('',#2022,#2335);
#2335 = DEFINITIONAL_REPRESENTATION('',(#2336),#2346);
#2336 = B_SPLINE_CURVE_WITH_KNOTS('',8,(#2337,#2338,#2339,#2340,#2341,
    #2342,#2343,#2344,#2345),.UNSPECIFIED.,.F.,.F.,(9,9),(3.012334162206
    ,4.712389397668),.PIECEWISE_BEZIER_KNOTS.);
#2337 = CARTESIAN_POINT('',(6.138268778519,476.8790753516));
#2338 = CARTESIAN_POINT('',(5.925761874086,476.72153115865));
#2339 = CARTESIAN_POINT('',(5.713254969652,476.85834833019));
#2340 = CARTESIAN_POINT('',(5.500748065202,477.30036409921));
#2341 = CARTESIAN_POINT('',(5.288241160782,478.0300777629));
#2342 = CARTESIAN_POINT('',(5.075734256345,479.00000242516));
#2343 = CARTESIAN_POINT('',(4.863227351922,480.13812348886));
#2344 = CARTESIAN_POINT('',(4.65072044749,481.36035525105));
#2345 = CARTESIAN_POINT('',(4.438213543057,482.58258637573));
#2346 = ( GEOMETRIC_REPRESENTATION_CONTEXT(2) 
PARAMETRIC_REPRESENTATION_CONTEXT() REPRESENTATION_CONTEXT('2D SPACE',''
  ) );
#2347 = ORIENTED_EDGE('',*,*,#2152,.T.);
#2348 = ORIENTED_EDGE('',*,*,#1191,.T.);
#2349 = ORIENTED_EDGE('',*,*,#2350,.T.);
#2350 = EDGE_CURVE('',#1192,#2351,#2353,.T.);
#2351 = VERTEX_POINT('',#2352);
#2352 = CARTESIAN_POINT('',(1.335380917586E+03,386.61372992483,398.5));
#2353 = SURFACE_CURVE('',#2354,(#2358,#2364),.PCURVE_S1.);
#2354 = LINE('',#2355,#2356);
#2355 = CARTESIAN_POINT('',(1.363553407841E+03,386.61372992483,398.5));
#2356 = VECTOR('',#2357,1.);
#2357 = DIRECTION('',(-1.,0.,0.));
#2358 = PCURVE('',#1208,#2359);
#2359 = DEFINITIONAL_REPRESENTATION('',(#2360),#2363);
#2360 = B_SPLINE_CURVE_WITH_KNOTS('',1,(#2361,#2362),.UNSPECIFIED.,.F.,
  .F.,(2,2),(22.815530719636,34.46423062631),.PIECEWISE_BEZIER_KNOTS.);
#2361 = CARTESIAN_POINT('',(1.5,6.));
#2362 = CARTESIAN_POINT('',(1.5,-5.648699906674));
#2363 = ( GEOMETRIC_REPRESENTATION_CONTEXT(2) 
PARAMETRIC_REPRESENTATION_CONTEXT() REPRESENTATION_CONTEXT('2D SPACE',''
  ) );
#2364 = PCURVE('',#1235,#2365);
#2365 = DEFINITIONAL_REPRESENTATION('',(#2366),#2369);
#2366 = B_SPLINE_CURVE_WITH_KNOTS('',1,(#2367,#2368),.UNSPECIFIED.,.F.,
  .F.,(2,2),(22.815530719636,34.46423062631),.PIECEWISE_BEZIER_KNOTS.);
#2367 = CARTESIAN_POINT('',(-51.63106143927,10.806864962418));
#2368 = CARTESIAN_POINT('',(-63.27976134594,10.806864962418));
#2369 = ( GEOMETRIC_REPRESENTATION_CONTEXT(2) 
PARAMETRIC_REPRESENTATION_CONTEXT() REPRESENTATION_CONTEXT('2D SPACE',''
  ) );
#2370 = ORIENTED_EDGE('',*,*,#2371,.T.);
#2371 = EDGE_CURVE('',#2351,#2319,#2372,.T.);
#2372 = SURFACE_CURVE('',#2373,(#2377,#2383),.PCURVE_S1.);
#2373 = LINE('',#2374,#2375);
#2374 = CARTESIAN_POINT('',(1.334737877121E+03,386.61372992483,400.));
#2375 = VECTOR('',#2376,1.);
#2376 = DIRECTION('',(0.394014194131,0.,-0.919104354697));
#2377 = PCURVE('',#1208,#2378);
#2378 = DEFINITIONAL_REPRESENTATION('',(#2379),#2382);
#2379 = B_SPLINE_CURVE_WITH_KNOTS('',1,(#2380,#2381),.UNSPECIFIED.,.F.,
  .F.,(2,2),(-5.194001725243,5.194001725243),.PIECEWISE_BEZIER_KNOTS.);
#2380 = CARTESIAN_POINT('',(-4.773829603976,-2.046510404086));
#2381 = CARTESIAN_POINT('',(4.773829603976,2.046510404086));
#2382 = ( GEOMETRIC_REPRESENTATION_CONTEXT(2) 
PARAMETRIC_REPRESENTATION_CONTEXT() REPRESENTATION_CONTEXT('2D SPACE',''
  ) );
#2383 = PCURVE('',#2384,#2389);
#2384 = PLANE('',#2385);
#2385 = AXIS2_PLACEMENT_3D('',#2386,#2387,#2388);
#2386 = CARTESIAN_POINT('',(1.334737877121E+03,386.61372992483,400.));
#2387 = DIRECTION('',(0.693638536152,0.656081964907,0.297358431002));
#2388 = DIRECTION('',(-0.687165252359,0.726501146558,-2.775557561563E-17
    ));
#2389 = DEFINITIONAL_REPRESENTATION('',(#2390),#2393);
#2390 = B_SPLINE_CURVE_WITH_KNOTS('',1,(#2391,#2392),.UNSPECIFIED.,.F.,
  .F.,(2,2),(-5.194001725243,5.194001725243),.PIECEWISE_BEZIER_KNOTS.);
#2391 = CARTESIAN_POINT('',(1.406290838279,5.));
#2392 = CARTESIAN_POINT('',(-1.406290838279,-5.));
#2393 = ( GEOMETRIC_REPRESENTATION_CONTEXT(2) 
PARAMETRIC_REPRESENTATION_CONTEXT() REPRESENTATION_CONTEXT('2D SPACE',''
  ) );
#2394 = ADVANCED_FACE('',(#2395),#2022,.T.);
#2395 = FACE_BOUND('',#2396,.T.);
#2396 = EDGE_LOOP('',(#2397,#2433,#2482,#2505,#2532,#2554,#2555,#2556,
    #2586,#2626,#2668,#2669,#2696,#2725,#2769));
#2397 = ORIENTED_EDGE('',*,*,#2398,.F.);
#2398 = EDGE_CURVE('',#2399,#2401,#2403,.T.);
#2399 = VERTEX_POINT('',#2400);
#2400 = CARTESIAN_POINT('',(1.011936961259E+03,85.,258.));
#2401 = VERTEX_POINT('',#2402);
#2402 = CARTESIAN_POINT('',(1.015E+03,85.,257.90392623506));
#2403 = SURFACE_CURVE('',#2404,(#2409,#2421),.PCURVE_S1.);
#2404 = ELLIPSE('',#2405,7.620999002322,5.);
#2405 = AXIS2_PLACEMENT_3D('',#2406,#2407,#2408);
#2406 = CARTESIAN_POINT('',(1.015858655776E+03,85.,263.29850491799));
#2407 = DIRECTION('',(0.,-1.,0.));
#2408 = DIRECTION('',(0.919104354697,0.,0.394014194131));
#2409 = PCURVE('',#2022,#2410);
#2410 = DEFINITIONAL_REPRESENTATION('',(#2411),#2420);
#2411 = B_SPLINE_CURVE_WITH_KNOTS('',7,(#2412,#2413,#2414,#2415,#2416,
    #2417,#2418,#2419),.UNSPECIFIED.,.F.,.F.,(8,8),(3.70741792085,
    4.559816011817),.PIECEWISE_BEZIER_KNOTS.);
#2412 = CARTESIAN_POINT('',(5.443185019875,18.007897969916));
#2413 = CARTESIAN_POINT('',(5.321413864022,18.383372751348));
#2414 = CARTESIAN_POINT('',(5.199642708169,18.842838758403));
#2415 = CARTESIAN_POINT('',(5.07787155232,19.377201924195));
#2416 = CARTESIAN_POINT('',(4.956100396463,19.974318297218));
#2417 = CARTESIAN_POINT('',(4.834329240613,20.619538759101));
#2418 = CARTESIAN_POINT('',(4.71255808476,21.296646328857));
#2419 = CARTESIAN_POINT('',(4.590786928908,21.988875861661));
#2420 = ( GEOMETRIC_REPRESENTATION_CONTEXT(2) 
PARAMETRIC_REPRESENTATION_CONTEXT() REPRESENTATION_CONTEXT('2D SPACE',''
  ) );
#2421 = PCURVE('',#2422,#2427);
#2422 = PLANE('',#2423);
#2423 = AXIS2_PLACEMENT_3D('',#2424,#2425,#2426);
#2424 = CARTESIAN_POINT('',(1.015E+03,85.,255.));
#2425 = DIRECTION('',(0.,-1.,0.));
#2426 = DIRECTION('',(-1.,0.,0.));
#2427 = DEFINITIONAL_REPRESENTATION('',(#2428),#2432);
#2428 = ELLIPSE('',#2429,7.620999002322,5.);
#2429 = AXIS2_PLACEMENT_2D('',#2430,#2431);
#2430 = CARTESIAN_POINT('',(-0.858655775964,-8.298504917999));
#2431 = DIRECTION('',(-0.919104354697,-0.394014194131));
#2432 = ( GEOMETRIC_REPRESENTATION_CONTEXT(2) 
PARAMETRIC_REPRESENTATION_CONTEXT() REPRESENTATION_CONTEXT('2D SPACE',''
  ) );
#2433 = ORIENTED_EDGE('',*,*,#2434,.T.);
#2434 = EDGE_CURVE('',#2399,#2435,#2437,.T.);
#2435 = VERTEX_POINT('',#2436);
#2436 = CARTESIAN_POINT('',(1.000063175938E+03,76.942056916673,258.));
#2437 = SURFACE_CURVE('',#2438,(#2443,#2470),.PCURVE_S1.);
#2438 = ELLIPSE('',#2439,16.814724180339,5.);
#2439 = AXIS2_PLACEMENT_3D('',#2440,#2441,#2442);
#2440 = CARTESIAN_POINT('',(1.0034990022E+03,73.309551183883,258.));
#2441 = DIRECTION('',(0.,0.,1.));
#2442 = DIRECTION('',(0.726501146558,0.687165252359,-0.));
#2443 = PCURVE('',#2022,#2444);
#2444 = DEFINITIONAL_REPRESENTATION('',(#2445),#2469);
#2445 = B_SPLINE_CURVE_WITH_KNOTS('',8,(#2446,#2447,#2448,#2449,#2450,
    #2451,#2452,#2453,#2454,#2455,#2456,#2457,#2458,#2459,#2460,#2461,
    #2462,#2463,#2464,#2465,#2466,#2467,#2468),.UNSPECIFIED.,.F.,.F.,(9,
    7,7,9),(4.392761119036,5.258066247771,6.556023940873,7.853981633974)
  ,.UNSPECIFIED.);
#2446 = CARTESIAN_POINT('',(2.821964792242,-2.40000008489E-06));
#2447 = CARTESIAN_POINT('',(2.930127933333,1.64851451236));
#2448 = CARTESIAN_POINT('',(3.038291074425,3.36447827363));
#2449 = CARTESIAN_POINT('',(3.146454215518,5.118500094848));
#2450 = CARTESIAN_POINT('',(3.254617356609,6.879507617006));
#2451 = CARTESIAN_POINT('',(3.3627804977,8.615845497223));
#2452 = CARTESIAN_POINT('',(3.470943638793,10.296481290612));
#2453 = CARTESIAN_POINT('',(3.579106779884,11.892173946125));
#2454 = CARTESIAN_POINT('',(3.849514632614,15.602894667499));
#2455 = CARTESIAN_POINT('',(4.011759344251,17.578667395273));
#2456 = CARTESIAN_POINT('',(4.174004055899,19.214473591433));
#2457 = CARTESIAN_POINT('',(4.336248767518,20.435086394093));
#2458 = CARTESIAN_POINT('',(4.498493479175,21.186865170544));
#2459 = CARTESIAN_POINT('',(4.660738190801,21.443349431105));
#2460 = CARTESIAN_POINT('',(4.82298290244,21.20657621021));
#2461 = CARTESIAN_POINT('',(5.147472325716,19.802820870675));
#2462 = CARTESIAN_POINT('',(5.309717037354,18.63583867136));
#2463 = CARTESIAN_POINT('',(5.47196174899,17.031906752709));
#2464 = CARTESIAN_POINT('',(5.634206460629,15.045291965318));
#2465 = CARTESIAN_POINT('',(5.796451172265,12.75402828295));
#2466 = CARTESIAN_POINT('',(5.958695883904,10.253811365688));
#2467 = CARTESIAN_POINT('',(6.120940595542,7.649114235096));
#2468 = CARTESIAN_POINT('',(6.28318530718,5.044417254102));
#2469 = ( GEOMETRIC_REPRESENTATION_CONTEXT(2) 
PARAMETRIC_REPRESENTATION_CONTEXT() REPRESENTATION_CONTEXT('2D SPACE',''
  ) );
#2470 = PCURVE('',#2471,#2476);
#2471 = PLANE('',#2472);
#2472 = AXIS2_PLACEMENT_3D('',#2473,#2474,#2475);
#2473 = CARTESIAN_POINT('',(1000.,28.903429909514,258.));
#2474 = DIRECTION('',(0.,0.,1.));
#2475 = DIRECTION('',(1.,0.,-0.));
#2476 = DEFINITIONAL_REPRESENTATION('',(#2477),#2481);
#2477 = ELLIPSE('',#2478,16.814724180339,5.);
#2478 = AXIS2_PLACEMENT_2D('',#2479,#2480);
#2479 = CARTESIAN_POINT('',(3.499002199876,44.406121274369));
#2480 = DIRECTION('',(0.726501146558,0.687165252359));
#2481 = ( GEOMETRIC_REPRESENTATION_CONTEXT(2) 
PARAMETRIC_REPRESENTATION_CONTEXT() REPRESENTATION_CONTEXT('2D SPACE',''
  ) );
#2482 = ORIENTED_EDGE('',*,*,#2483,.T.);
#2483 = EDGE_CURVE('',#2435,#2484,#2486,.T.);
#2484 = VERTEX_POINT('',#2485);
#2485 = CARTESIAN_POINT('',(1.32780304866E+03,386.93668447374,398.5));
#2486 = SEAM_CURVE('',#2487,(#2491,#2498),.PCURVE_S1.);
#2487 = LINE('',#2488,#2489);
#2488 = CARTESIAN_POINT('',(996.5641737382,73.63250573279,256.5));
#2489 = VECTOR('',#2490,1.);
#2490 = DIRECTION('',(0.693638536152,0.656081964907,0.297358431002));
#2491 = PCURVE('',#2022,#2492);
#2492 = DEFINITIONAL_REPRESENTATION('',(#2493),#2497);
#2493 = LINE('',#2494,#2495);
#2494 = CARTESIAN_POINT('',(0.,-0.));
#2495 = VECTOR('',#2496,1.);
#2496 = DIRECTION('',(0.,1.));
#2497 = ( GEOMETRIC_REPRESENTATION_CONTEXT(2) 
PARAMETRIC_REPRESENTATION_CONTEXT() REPRESENTATION_CONTEXT('2D SPACE',''
  ) );
#2498 = PCURVE('',#2022,#2499);
#2499 = DEFINITIONAL_REPRESENTATION('',(#2500),#2504);
#2500 = LINE('',#2501,#2502);
#2501 = CARTESIAN_POINT('',(6.28318530718,-0.));
#2502 = VECTOR('',#2503,1.);
#2503 = DIRECTION('',(0.,1.));
#2504 = ( GEOMETRIC_REPRESENTATION_CONTEXT(2) 
PARAMETRIC_REPRESENTATION_CONTEXT() REPRESENTATION_CONTEXT('2D SPACE',''
  ) );
#2505 = ORIENTED_EDGE('',*,*,#2506,.F.);
#2506 = EDGE_CURVE('',#2507,#2484,#2509,.T.);
#2507 = VERTEX_POINT('',#2508);
#2508 = CARTESIAN_POINT('',(1.331815466269E+03,390.38328093347,398.5));
#2509 = SURFACE_CURVE('',#2510,(#2515,#2525),.PCURVE_S1.);
#2510 = ELLIPSE('',#2511,16.814724180339,5.);
#2511 = AXIS2_PLACEMENT_3D('',#2512,#2513,#2514);
#2512 = CARTESIAN_POINT('',(1.331238874922E+03,383.30417874095,398.5));
#2513 = DIRECTION('',(0.,0.,1.));
#2514 = DIRECTION('',(0.726501146558,0.687165252359,-0.));
#2515 = PCURVE('',#2022,#2516);
#2516 = DEFINITIONAL_REPRESENTATION('',(#2517),#2524);
#2517 = B_SPLINE_CURVE_WITH_KNOTS('',5,(#2518,#2519,#2520,#2521,#2522,
    #2523),.UNSPECIFIED.,.F.,.F.,(6,6),(1.251168465447,1.570796326795),
  .PIECEWISE_BEZIER_KNOTS.);
#2518 = CARTESIAN_POINT('',(5.963557445831,482.58258637573));
#2519 = CARTESIAN_POINT('',(6.027483018101,481.60829526367));
#2520 = CARTESIAN_POINT('',(6.091408590371,480.60823685113));
#2521 = CARTESIAN_POINT('',(6.15533416264,479.59070512956));
#2522 = CARTESIAN_POINT('',(6.21925973491,478.56443588885));
#2523 = CARTESIAN_POINT('',(6.28318530718,477.53816672163));
#2524 = ( GEOMETRIC_REPRESENTATION_CONTEXT(2) 
PARAMETRIC_REPRESENTATION_CONTEXT() REPRESENTATION_CONTEXT('2D SPACE',''
  ) );
#2525 = PCURVE('',#1235,#2526);
#2526 = DEFINITIONAL_REPRESENTATION('',(#2527),#2531);
#2527 = ELLIPSE('',#2528,16.814724180339,5.);
#2528 = AXIS2_PLACEMENT_2D('',#2529,#2530);
#2529 = CARTESIAN_POINT('',(-61.13006363914,7.497313778535));
#2530 = DIRECTION('',(0.726501146558,0.687165252359));
#2531 = ( GEOMETRIC_REPRESENTATION_CONTEXT(2) 
PARAMETRIC_REPRESENTATION_CONTEXT() REPRESENTATION_CONTEXT('2D SPACE',''
  ) );
#2532 = ORIENTED_EDGE('',*,*,#2533,.F.);
#2533 = EDGE_CURVE('',#2319,#2507,#2534,.T.);
#2534 = SURFACE_CURVE('',#2535,(#2540,#2547),.PCURVE_S1.);
#2535 = CIRCLE('',#2536,5.);
#2536 = AXIS2_PLACEMENT_3D('',#2537,#2538,#2539);
#2537 = CARTESIAN_POINT('',(1.334737877121E+03,386.61372992483,400.));
#2538 = DIRECTION('',(0.693638536152,0.656081964907,0.297358431002));
#2539 = DIRECTION('',(-0.687165252359,0.726501146558,-2.775557561563E-17
    ));
#2540 = PCURVE('',#2022,#2541);
#2541 = DEFINITIONAL_REPRESENTATION('',(#2542),#2546);
#2542 = LINE('',#2543,#2544);
#2543 = CARTESIAN_POINT('',(0.,482.58258397573));
#2544 = VECTOR('',#2545,1.);
#2545 = DIRECTION('',(1.,0.));
#2546 = ( GEOMETRIC_REPRESENTATION_CONTEXT(2) 
PARAMETRIC_REPRESENTATION_CONTEXT() REPRESENTATION_CONTEXT('2D SPACE',''
  ) );
#2547 = PCURVE('',#2384,#2548);
#2548 = DEFINITIONAL_REPRESENTATION('',(#2549),#2553);
#2549 = CIRCLE('',#2550,5.);
#2550 = AXIS2_PLACEMENT_2D('',#2551,#2552);
#2551 = CARTESIAN_POINT('',(0.,0.));
#2552 = DIRECTION('',(1.,0.));
#2553 = ( GEOMETRIC_REPRESENTATION_CONTEXT(2) 
PARAMETRIC_REPRESENTATION_CONTEXT() REPRESENTATION_CONTEXT('2D SPACE',''
  ) );
#2554 = ORIENTED_EDGE('',*,*,#2318,.F.);
#2555 = ORIENTED_EDGE('',*,*,#1770,.F.);
#2556 = ORIENTED_EDGE('',*,*,#2557,.F.);
#2557 = EDGE_CURVE('',#2558,#1738,#2560,.T.);
#2558 = VERTEX_POINT('',#2559);
#2559 = CARTESIAN_POINT('',(1.324737877121E+03,375.61372992483,
    400.48701703882));
#2560 = SURFACE_CURVE('',#2561,(#2566,#2579),.PCURVE_S1.);
#2561 = ELLIPSE('',#2562,6.602298058575,5.);
#2562 = AXIS2_PLACEMENT_3D('',#2563,#2564,#2565);
#2563 = CARTESIAN_POINT('',(1.323343722594E+03,375.83650388982,
    395.11539838657));
#2564 = DIRECTION('',(0.157789694967,0.987472739959,0.));
#2565 = DIRECTION('',(0.879166552335,-0.140483292859,0.455335719752));
#2566 = PCURVE('',#2022,#2567);
#2567 = DEFINITIONAL_REPRESENTATION('',(#2568),#2578);
#2568 = B_SPLINE_CURVE_WITH_KNOTS('',8,(#2569,#2570,#2571,#2572,#2573,
    #2574,#2575,#2576,#2577),.UNSPECIFIED.,.F.,.F.,(9,9),(4.347238954068
    ,6.26548048906),.PIECEWISE_BEZIER_KNOTS.);
#2569 = CARTESIAN_POINT('',(0.836125785159,464.61629297028));
#2570 = CARTESIAN_POINT('',(1.075905977032,465.58198018595));
#2571 = CARTESIAN_POINT('',(1.315686168905,466.64883587876));
#2572 = CARTESIAN_POINT('',(1.555466360779,467.73224270297));
#2573 = CARTESIAN_POINT('',(1.795246552658,468.73524343036));
#2574 = CARTESIAN_POINT('',(2.035026744528,469.56381837301));
#2575 = CARTESIAN_POINT('',(2.274806936402,470.14704069437));
#2576 = CARTESIAN_POINT('',(2.514587128276,470.44861092434));
#2577 = CARTESIAN_POINT('',(2.75436732015,470.46691407043));
#2578 = ( GEOMETRIC_REPRESENTATION_CONTEXT(2) 
PARAMETRIC_REPRESENTATION_CONTEXT() REPRESENTATION_CONTEXT('2D SPACE',''
  ) );
#2579 = PCURVE('',#1758,#2580);
#2580 = DEFINITIONAL_REPRESENTATION('',(#2581),#2585);
#2581 = ELLIPSE('',#2582,6.602298058575,5.);
#2582 = AXIS2_PLACEMENT_2D('',#2583,#2584);
#2583 = CARTESIAN_POINT('',(-1.411841026952,3.384601613429));
#2584 = DIRECTION('',(0.890319820243,-0.455335719752));
#2585 = ( GEOMETRIC_REPRESENTATION_CONTEXT(2) 
PARAMETRIC_REPRESENTATION_CONTEXT() REPRESENTATION_CONTEXT('2D SPACE',''
  ) );
#2586 = ORIENTED_EDGE('',*,*,#2587,.F.);
#2587 = EDGE_CURVE('',#2588,#2558,#2590,.T.);
#2588 = VERTEX_POINT('',#2589);
#2589 = CARTESIAN_POINT('',(1.324737877121E+03,383.79959986205,398.5));
#2590 = SURFACE_CURVE('',#2591,(#2596,#2614),.PCURVE_S1.);
#2591 = ELLIPSE('',#2592,7.208365365247,5.);
#2592 = AXIS2_PLACEMENT_3D('',#2593,#2594,#2595);
#2593 = CARTESIAN_POINT('',(1.324737877121E+03,377.15517289963,
    395.71306356979));
#2594 = DIRECTION('',(1.,0.,-0.));
#2595 = DIRECTION('',(0.,0.910816035731,0.412812486554));
#2596 = PCURVE('',#2022,#2597);
#2597 = DEFINITIONAL_REPRESENTATION('',(#2598),#2613);
#2598 = B_SPLINE_CURVE_WITH_KNOTS('',7,(#2599,#2600,#2601,#2602,#2603,
    #2604,#2605,#2606,#2607,#2608,#2609,#2610,#2611,#2612),
  .UNSPECIFIED.,.F.,.F.,(8,6,8),(6.179202320489,7.151672975849,
    8.124143631208),.UNSPECIFIED.);
#2599 = CARTESIAN_POINT('',(0.200614007316,473.33016062035));
#2600 = CARTESIAN_POINT('',(0.339538386653,473.4050330732));
#2601 = CARTESIAN_POINT('',(0.47846276599,473.36362249295));
#2602 = CARTESIAN_POINT('',(0.617387145328,473.20356985402));
#2603 = CARTESIAN_POINT('',(0.756311524665,472.92800860997));
#2604 = CARTESIAN_POINT('',(0.895235904001,472.54577450585));
#2605 = CARTESIAN_POINT('',(1.034160283339,472.07065885466));
#2606 = CARTESIAN_POINT('',(1.312009042013,470.96937815674));
#2607 = CARTESIAN_POINT('',(1.450933421349,470.34321321344));
#2608 = CARTESIAN_POINT('',(1.589857800687,469.6588820141));
#2609 = CARTESIAN_POINT('',(1.728782180024,468.93731232098));
#2610 = CARTESIAN_POINT('',(1.867706559361,468.20164093794));
#2611 = CARTESIAN_POINT('',(2.006630938698,467.47525837301));
#2612 = CARTESIAN_POINT('',(2.145555318035,466.78007877495));
#2613 = ( GEOMETRIC_REPRESENTATION_CONTEXT(2) 
PARAMETRIC_REPRESENTATION_CONTEXT() REPRESENTATION_CONTEXT('2D SPACE',''
  ) );
#2614 = PCURVE('',#2615,#2620);
#2615 = PLANE('',#2616);
#2616 = AXIS2_PLACEMENT_3D('',#2617,#2618,#2619);
#2617 = CARTESIAN_POINT('',(1.324737877121E+03,397.61372992483,398.5));
#2618 = DIRECTION('',(1.,0.,-0.));
#2619 = DIRECTION('',(0.,-1.,0.));
#2620 = DEFINITIONAL_REPRESENTATION('',(#2621),#2625);
#2621 = ELLIPSE('',#2622,7.208365365247,5.);
#2622 = AXIS2_PLACEMENT_2D('',#2623,#2624);
#2623 = CARTESIAN_POINT('',(20.458557025202,2.786936430201));
#2624 = DIRECTION('',(-0.910816035731,-0.412812486554));
#2625 = ( GEOMETRIC_REPRESENTATION_CONTEXT(2) 
PARAMETRIC_REPRESENTATION_CONTEXT() REPRESENTATION_CONTEXT('2D SPACE',''
  ) );
#2626 = ORIENTED_EDGE('',*,*,#2627,.F.);
#2627 = EDGE_CURVE('',#2484,#2588,#2628,.T.);
#2628 = SURFACE_CURVE('',#2629,(#2634,#2661),.PCURVE_S1.);
#2629 = ELLIPSE('',#2630,16.814724180339,5.);
#2630 = AXIS2_PLACEMENT_3D('',#2631,#2632,#2633);
#2631 = CARTESIAN_POINT('',(1.331238874922E+03,383.30417874095,398.5));
#2632 = DIRECTION('',(0.,0.,1.));
#2633 = DIRECTION('',(0.726501146558,0.687165252359,-0.));
#2634 = PCURVE('',#2022,#2635);
#2635 = DEFINITIONAL_REPRESENTATION('',(#2636),#2660);
#2636 = B_SPLINE_CURVE_WITH_KNOTS('',8,(#2637,#2638,#2639,#2640,#2641,
    #2642,#2643,#2644,#2645,#2646,#2647,#2648,#2649,#2650,#2651,#2652,
    #2653,#2654,#2655,#2656,#2657,#2658,#2659),.UNSPECIFIED.,.F.,.F.,(9,
    7,7,9),(1.570796326795,3.301406584264,4.166711712998,5.032016841733)
  ,.UNSPECIFIED.);
#2637 = CARTESIAN_POINT('',(-5.329070518201E-15,477.53816672163));
#2638 = CARTESIAN_POINT('',(0.216326282184,474.06523741364));
#2639 = CARTESIAN_POINT('',(0.432652564366,470.5923064475));
#2640 = CARTESIAN_POINT('',(0.648978846555,467.36704301741));
#2641 = CARTESIAN_POINT('',(0.865305128727,464.63703341176));
#2642 = CARTESIAN_POINT('',(1.081631410923,462.61304653529));
#2643 = CARTESIAN_POINT('',(1.2979576931,461.43096696626));
#2644 = CARTESIAN_POINT('',(1.514283975285,461.13595735829));
#2645 = CARTESIAN_POINT('',(1.838773398561,461.96495171978));
#2646 = CARTESIAN_POINT('',(1.946936539652,462.45320106063));
#2647 = CARTESIAN_POINT('',(2.055099680745,463.1484411774));
#2648 = CARTESIAN_POINT('',(2.163262821836,464.0404591067));
#2649 = CARTESIAN_POINT('',(2.271425962928,465.11393056034));
#2650 = CARTESIAN_POINT('',(2.37958910402,466.34894962565));
#2651 = CARTESIAN_POINT('',(2.487752245112,467.72183345251));
#2652 = CARTESIAN_POINT('',(2.704078527295,470.69041002961));
#2653 = CARTESIAN_POINT('',(2.812241668388,472.28610268511));
#2654 = CARTESIAN_POINT('',(2.920404809479,473.96673847851));
#2655 = CARTESIAN_POINT('',(3.028567950571,475.70307635879));
#2656 = CARTESIAN_POINT('',(3.136731091663,477.46408388097));
#2657 = CARTESIAN_POINT('',(3.244894232754,479.21810570212));
#2658 = CARTESIAN_POINT('',(3.353057373846,480.93406946337));
#2659 = CARTESIAN_POINT('',(3.461220514938,482.58258637573));
#2660 = ( GEOMETRIC_REPRESENTATION_CONTEXT(2) 
PARAMETRIC_REPRESENTATION_CONTEXT() REPRESENTATION_CONTEXT('2D SPACE',''
  ) );
#2661 = PCURVE('',#1235,#2662);
#2662 = DEFINITIONAL_REPRESENTATION('',(#2663),#2667);
#2663 = ELLIPSE('',#2664,16.814724180339,5.);
#2664 = AXIS2_PLACEMENT_2D('',#2665,#2666);
#2665 = CARTESIAN_POINT('',(-61.13006363914,7.497313778535));
#2666 = DIRECTION('',(0.726501146558,0.687165252359));
#2667 = ( GEOMETRIC_REPRESENTATION_CONTEXT(2) 
PARAMETRIC_REPRESENTATION_CONTEXT() REPRESENTATION_CONTEXT('2D SPACE',''
  ) );
#2668 = ORIENTED_EDGE('',*,*,#2483,.F.);
#2669 = ORIENTED_EDGE('',*,*,#2670,.T.);
#2670 = EDGE_CURVE('',#2435,#2671,#2673,.T.);
#2671 = VERTEX_POINT('',#2672);
#2672 = CARTESIAN_POINT('',(996.39879059648,73.127505528699,258.));
#2673 = SURFACE_CURVE('',#2674,(#2679,#2689),.PCURVE_S1.);
#2674 = ELLIPSE('',#2675,16.814724180339,5.);
#2675 = AXIS2_PLACEMENT_3D('',#2676,#2677,#2678);
#2676 = CARTESIAN_POINT('',(1.0034990022E+03,73.309551183883,258.));
#2677 = DIRECTION('',(0.,0.,1.));
#2678 = DIRECTION('',(0.726501146558,0.687165252359,-0.));
#2679 = PCURVE('',#2022,#2680);
#2680 = DEFINITIONAL_REPRESENTATION('',(#2681),#2688);
#2681 = B_SPLINE_CURVE_WITH_KNOTS('',5,(#2682,#2683,#2684,#2685,#2686,
    #2687),.UNSPECIFIED.,.F.,.F.,(6,6),(1.570796326795,1.890424188143),
  .PIECEWISE_BEZIER_KNOTS.);
#2682 = CARTESIAN_POINT('',(0.,5.044417254102));
#2683 = CARTESIAN_POINT('',(6.392557226966E-02,4.018148086876));
#2684 = CARTESIAN_POINT('',(0.127851144539,2.991878846167));
#2685 = CARTESIAN_POINT('',(0.191776716809,1.974347124608));
#2686 = CARTESIAN_POINT('',(0.255702289079,0.974288712065));
#2687 = CARTESIAN_POINT('',(0.319627861348,-2.399999971203E-06));
#2688 = ( GEOMETRIC_REPRESENTATION_CONTEXT(2) 
PARAMETRIC_REPRESENTATION_CONTEXT() REPRESENTATION_CONTEXT('2D SPACE',''
  ) );
#2689 = PCURVE('',#2471,#2690);
#2690 = DEFINITIONAL_REPRESENTATION('',(#2691),#2695);
#2691 = ELLIPSE('',#2692,16.814724180339,5.);
#2692 = AXIS2_PLACEMENT_2D('',#2693,#2694);
#2693 = CARTESIAN_POINT('',(3.499002199876,44.406121274369));
#2694 = DIRECTION('',(0.726501146558,0.687165252359));
#2695 = ( GEOMETRIC_REPRESENTATION_CONTEXT(2) 
PARAMETRIC_REPRESENTATION_CONTEXT() REPRESENTATION_CONTEXT('2D SPACE',''
  ) );
#2696 = ORIENTED_EDGE('',*,*,#2697,.T.);
#2697 = EDGE_CURVE('',#2671,#2698,#2700,.T.);
#2698 = VERTEX_POINT('',#2699);
#2699 = CARTESIAN_POINT('',(1.002922410853E+03,66.230448991366,258.));
#2700 = SURFACE_CURVE('',#2701,(#2706,#2713),.PCURVE_S1.);
#2701 = CIRCLE('',#2702,5.);
#2702 = AXIS2_PLACEMENT_3D('',#2703,#2704,#2705);
#2703 = CARTESIAN_POINT('',(1.E+03,70.,256.5));
#2704 = DIRECTION('',(0.693638536152,0.656081964907,0.297358431002));
#2705 = DIRECTION('',(-0.687165252359,0.726501146558,-2.775557561563E-17
    ));
#2706 = PCURVE('',#2022,#2707);
#2707 = DEFINITIONAL_REPRESENTATION('',(#2708),#2712);
#2708 = LINE('',#2709,#2710);
#2709 = CARTESIAN_POINT('',(0.,0.));
#2710 = VECTOR('',#2711,1.);
#2711 = DIRECTION('',(1.,0.));
#2712 = ( GEOMETRIC_REPRESENTATION_CONTEXT(2) 
PARAMETRIC_REPRESENTATION_CONTEXT() REPRESENTATION_CONTEXT('2D SPACE',''
  ) );
#2713 = PCURVE('',#2714,#2719);
#2714 = PLANE('',#2715);
#2715 = AXIS2_PLACEMENT_3D('',#2716,#2717,#2718);
#2716 = CARTESIAN_POINT('',(1.E+03,70.,256.5));
#2717 = DIRECTION('',(0.693638536152,0.656081964907,0.297358431002));
#2718 = DIRECTION('',(-0.687165252359,0.726501146558,-2.775557561563E-17
    ));
#2719 = DEFINITIONAL_REPRESENTATION('',(#2720),#2724);
#2720 = CIRCLE('',#2721,5.);
#2721 = AXIS2_PLACEMENT_2D('',#2722,#2723);
#2722 = CARTESIAN_POINT('',(0.,0.));
#2723 = DIRECTION('',(1.,0.));
#2724 = ( GEOMETRIC_REPRESENTATION_CONTEXT(2) 
PARAMETRIC_REPRESENTATION_CONTEXT() REPRESENTATION_CONTEXT('2D SPACE',''
  ) );
#2725 = ORIENTED_EDGE('',*,*,#2726,.T.);
#2726 = EDGE_CURVE('',#2698,#2727,#2729,.T.);
#2727 = VERTEX_POINT('',#2728);
#2728 = CARTESIAN_POINT('',(1.015306407519E+03,80.316342204823,258.));
#2729 = SURFACE_CURVE('',#2730,(#2735,#2762),.PCURVE_S1.);
#2730 = ELLIPSE('',#2731,16.814724180339,5.);
#2731 = AXIS2_PLACEMENT_3D('',#2732,#2733,#2734);
#2732 = CARTESIAN_POINT('',(1.0034990022E+03,73.309551183883,258.));
#2733 = DIRECTION('',(0.,0.,1.));
#2734 = DIRECTION('',(0.726501146558,0.687165252359,-0.));
#2735 = PCURVE('',#2022,#2736);
#2736 = DEFINITIONAL_REPRESENTATION('',(#2737),#2761);
#2737 = B_SPLINE_CURVE_WITH_KNOTS('',8,(#2738,#2739,#2740,#2741,#2742,
    #2743,#2744,#2745,#2746,#2747,#2748,#2749,#2750,#2751,#2752,#2753,
    #2754,#2755,#2756,#2757,#2758,#2759,#2760),.UNSPECIFIED.,.F.,.F.,(9,
    7,7,9),(4.392761119036,5.258066247771,6.556023940873,7.853981633974)
  ,.UNSPECIFIED.);
#2738 = CARTESIAN_POINT('',(2.821964792242,-2.40000008489E-06));
#2739 = CARTESIAN_POINT('',(2.930127933333,1.64851451236));
#2740 = CARTESIAN_POINT('',(3.038291074425,3.36447827363));
#2741 = CARTESIAN_POINT('',(3.146454215518,5.118500094848));
#2742 = CARTESIAN_POINT('',(3.254617356609,6.879507617006));
#2743 = CARTESIAN_POINT('',(3.3627804977,8.615845497223));
#2744 = CARTESIAN_POINT('',(3.470943638793,10.296481290612));
#2745 = CARTESIAN_POINT('',(3.579106779884,11.892173946125));
#2746 = CARTESIAN_POINT('',(3.849514632614,15.602894667499));
#2747 = CARTESIAN_POINT('',(4.011759344251,17.578667395273));
#2748 = CARTESIAN_POINT('',(4.174004055899,19.214473591433));
#2749 = CARTESIAN_POINT('',(4.336248767518,20.435086394093));
#2750 = CARTESIAN_POINT('',(4.498493479175,21.186865170544));
#2751 = CARTESIAN_POINT('',(4.660738190801,21.443349431105));
#2752 = CARTESIAN_POINT('',(4.82298290244,21.20657621021));
#2753 = CARTESIAN_POINT('',(5.147472325716,19.802820870675));
#2754 = CARTESIAN_POINT('',(5.309717037354,18.63583867136));
#2755 = CARTESIAN_POINT('',(5.47196174899,17.031906752709));
#2756 = CARTESIAN_POINT('',(5.634206460629,15.045291965318));
#2757 = CARTESIAN_POINT('',(5.796451172265,12.75402828295));
#2758 = CARTESIAN_POINT('',(5.958695883904,10.253811365688));
#2759 = CARTESIAN_POINT('',(6.120940595542,7.649114235096));
#2760 = CARTESIAN_POINT('',(6.28318530718,5.044417254102));
#2761 = ( GEOMETRIC_REPRESENTATION_CONTEXT(2) 
PARAMETRIC_REPRESENTATION_CONTEXT() REPRESENTATION_CONTEXT('2D SPACE',''
  ) );
#2762 = PCURVE('',#2471,#2763);
#2763 = DEFINITIONAL_REPRESENTATION('',(#2764),#2768);
#2764 = ELLIPSE('',#2765,16.814724180339,5.);
#2765 = AXIS2_PLACEMENT_2D('',#2766,#2767);
#2766 = CARTESIAN_POINT('',(3.499002199876,44.406121274369));
#2767 = DIRECTION('',(0.726501146558,0.687165252359));
#2768 = ( GEOMETRIC_REPRESENTATION_CONTEXT(2) 
PARAMETRIC_REPRESENTATION_CONTEXT() REPRESENTATION_CONTEXT('2D SPACE',''
  ) );
#2769 = ORIENTED_EDGE('',*,*,#2770,.F.);
#2770 = EDGE_CURVE('',#2401,#2727,#2771,.T.);
#2771 = SURFACE_CURVE('',#2772,(#2777,#2789),.PCURVE_S1.);
#2772 = ELLIPSE('',#2773,6.802826185445,5.);
#2773 = AXIS2_PLACEMENT_3D('',#2774,#2775,#2776);
#2774 = CARTESIAN_POINT('',(1.0150500361E+03,84.235162468501,
    262.95185480337));
#2775 = DIRECTION('',(-0.997866919627,-6.528101343352E-02,0.));
#2776 = DIRECTION('',(-5.866911476591E-02,0.896799325708,0.43853039163)
  );
#2777 = PCURVE('',#2022,#2778);
#2778 = DEFINITIONAL_REPRESENTATION('',(#2779),#2788);
#2779 = B_SPLINE_CURVE_WITH_KNOTS('',7,(#2780,#2781,#2782,#2783,#2784,
    #2785,#2786,#2787),.UNSPECIFIED.,.F.,.F.,(8,8),(1.626188890103,
    2.687560047633),.PIECEWISE_BEZIER_KNOTS.);
#2780 = CARTESIAN_POINT('',(5.001346744134,21.441844503352));
#2781 = CARTESIAN_POINT('',(4.849722293058,20.743495441015));
#2782 = CARTESIAN_POINT('',(4.698097841984,20.051996428311));
#2783 = CARTESIAN_POINT('',(4.546473390905,19.393569524593));
#2784 = CARTESIAN_POINT('',(4.394848939834,18.794056447283));
#2785 = CARTESIAN_POINT('',(4.243224488755,18.276436224378));
#2786 = CARTESIAN_POINT('',(4.09160003768,17.858485136403));
#2787 = CARTESIAN_POINT('',(3.939975586604,17.551723527642));
#2788 = ( GEOMETRIC_REPRESENTATION_CONTEXT(2) 
PARAMETRIC_REPRESENTATION_CONTEXT() REPRESENTATION_CONTEXT('2D SPACE',''
  ) );
#2789 = PCURVE('',#2790,#2795);
#2790 = PLANE('',#2791);
#2791 = AXIS2_PLACEMENT_3D('',#2792,#2793,#2794);
#2792 = CARTESIAN_POINT('',(1.022E+03,-22.,255.));
#2793 = DIRECTION('',(-0.997866919627,-6.528101343352E-02,0.));
#2794 = DIRECTION('',(-6.528101343352E-02,0.997866919627,0.));
#2795 = DEFINITIONAL_REPRESENTATION('',(#2796),#2800);
#2796 = ELLIPSE('',#2797,6.802826185445,5.);
#2797 = AXIS2_PLACEMENT_2D('',#2798,#2799);
#2798 = CARTESIAN_POINT('',(106.46225501518,-7.951854803375));
#2799 = DIRECTION('',(0.898716359936,-0.43853039163));
#2800 = ( GEOMETRIC_REPRESENTATION_CONTEXT(2) 
PARAMETRIC_REPRESENTATION_CONTEXT() REPRESENTATION_CONTEXT('2D SPACE',''
  ) );
#2801 = ADVANCED_FACE('',(#2802),#1758,.F.);
#2802 = FACE_BOUND('',#2803,.F.);
#2803 = EDGE_LOOP('',(#2804,#2805,#2828,#2849));
#2804 = ORIENTED_EDGE('',*,*,#2557,.F.);
#2805 = ORIENTED_EDGE('',*,*,#2806,.T.);
#2806 = EDGE_CURVE('',#2558,#2807,#2809,.T.);
#2807 = VERTEX_POINT('',#2808);
#2808 = CARTESIAN_POINT('',(1.324737877121E+03,375.61372992483,401.5));
#2809 = SURFACE_CURVE('',#2810,(#2814,#2821),.PCURVE_S1.);
#2810 = LINE('',#2811,#2812);
#2811 = CARTESIAN_POINT('',(1.324737877121E+03,375.61372992483,398.5));
#2812 = VECTOR('',#2813,1.);
#2813 = DIRECTION('',(0.,0.,1.));
#2814 = PCURVE('',#1758,#2815);
#2815 = DEFINITIONAL_REPRESENTATION('',(#2816),#2820);
#2816 = LINE('',#2817,#2818);
#2817 = CARTESIAN_POINT('',(0.,0.));
#2818 = VECTOR('',#2819,1.);
#2819 = DIRECTION('',(0.,-1.));
#2820 = ( GEOMETRIC_REPRESENTATION_CONTEXT(2) 
PARAMETRIC_REPRESENTATION_CONTEXT() REPRESENTATION_CONTEXT('2D SPACE',''
  ) );
#2821 = PCURVE('',#2615,#2822);
#2822 = DEFINITIONAL_REPRESENTATION('',(#2823),#2827);
#2823 = LINE('',#2824,#2825);
#2824 = CARTESIAN_POINT('',(22.,0.));
#2825 = VECTOR('',#2826,1.);
#2826 = DIRECTION('',(0.,-1.));
#2827 = ( GEOMETRIC_REPRESENTATION_CONTEXT(2) 
PARAMETRIC_REPRESENTATION_CONTEXT() REPRESENTATION_CONTEXT('2D SPACE',''
  ) );
#2828 = ORIENTED_EDGE('',*,*,#2829,.T.);
#2829 = EDGE_CURVE('',#2807,#1717,#2830,.T.);
#2830 = SURFACE_CURVE('',#2831,(#2835,#2842),.PCURVE_S1.);
#2831 = LINE('',#2832,#2833);
#2832 = CARTESIAN_POINT('',(1.324737877121E+03,375.61372992483,401.5));
#2833 = VECTOR('',#2834,1.);
#2834 = DIRECTION('',(0.987472739959,-0.157789694967,0.));
#2835 = PCURVE('',#1758,#2836);
#2836 = DEFINITIONAL_REPRESENTATION('',(#2837),#2841);
#2837 = LINE('',#2838,#2839);
#2838 = CARTESIAN_POINT('',(0.,-3.));
#2839 = VECTOR('',#2840,1.);
#2840 = DIRECTION('',(1.,0.));
#2841 = ( GEOMETRIC_REPRESENTATION_CONTEXT(2) 
PARAMETRIC_REPRESENTATION_CONTEXT() REPRESENTATION_CONTEXT('2D SPACE',''
  ) );
#2842 = PCURVE('',#1294,#2843);
#2843 = DEFINITIONAL_REPRESENTATION('',(#2844),#2848);
#2844 = LINE('',#2845,#2846);
#2845 = CARTESIAN_POINT('',(-67.63106143927,-0.193135037582));
#2846 = VECTOR('',#2847,1.);
#2847 = DIRECTION('',(0.987472739959,-0.157789694967));
#2848 = ( GEOMETRIC_REPRESENTATION_CONTEXT(2) 
PARAMETRIC_REPRESENTATION_CONTEXT() REPRESENTATION_CONTEXT('2D SPACE',''
  ) );
#2849 = ORIENTED_EDGE('',*,*,#1737,.F.);
#2850 = ADVANCED_FACE('',(#2851,#3038),#1294,.T.);
#2851 = FACE_BOUND('',#2852,.T.);
#2852 = EDGE_LOOP('',(#2853,#2876,#2904,#2932,#2953,#2954,#2955,#2992,
    #3018,#3037));
#2853 = ORIENTED_EDGE('',*,*,#2854,.T.);
#2854 = EDGE_CURVE('',#1247,#2855,#2857,.T.);
#2855 = VERTEX_POINT('',#2856);
#2856 = CARTESIAN_POINT('',(1.46E+03,354.,401.5));
#2857 = SURFACE_CURVE('',#2858,(#2862,#2869),.PCURVE_S1.);
#2858 = LINE('',#2859,#2860);
#2859 = CARTESIAN_POINT('',(1.324737877121E+03,375.61372992483,401.5));
#2860 = VECTOR('',#2861,1.);
#2861 = DIRECTION('',(0.987472739959,-0.157789694967,0.));
#2862 = PCURVE('',#1294,#2863);
#2863 = DEFINITIONAL_REPRESENTATION('',(#2864),#2868);
#2864 = LINE('',#2865,#2866);
#2865 = CARTESIAN_POINT('',(-67.63106143927,-0.193135037582));
#2866 = VECTOR('',#2867,1.);
#2867 = DIRECTION('',(0.987472739959,-0.157789694967));
#2868 = ( GEOMETRIC_REPRESENTATION_CONTEXT(2) 
PARAMETRIC_REPRESENTATION_CONTEXT() REPRESENTATION_CONTEXT('2D SPACE',''
  ) );
#2869 = PCURVE('',#1267,#2870);
#2870 = DEFINITIONAL_REPRESENTATION('',(#2871),#2875);
#2871 = LINE('',#2872,#2873);
#2872 = CARTESIAN_POINT('',(0.,-3.));
#2873 = VECTOR('',#2874,1.);
#2874 = DIRECTION('',(1.,0.));
#2875 = ( GEOMETRIC_REPRESENTATION_CONTEXT(2) 
PARAMETRIC_REPRESENTATION_CONTEXT() REPRESENTATION_CONTEXT('2D SPACE',''
  ) );
#2876 = ORIENTED_EDGE('',*,*,#2877,.T.);
#2877 = EDGE_CURVE('',#2855,#2878,#2880,.T.);
#2878 = VERTEX_POINT('',#2879);
#2879 = CARTESIAN_POINT('',(1.46E+03,376.,401.5));
#2880 = SURFACE_CURVE('',#2881,(#2885,#2892),.PCURVE_S1.);
#2881 = LINE('',#2882,#2883);
#2882 = CARTESIAN_POINT('',(1.46E+03,354.,401.5));
#2883 = VECTOR('',#2884,1.);
#2884 = DIRECTION('',(0.,1.,0.));
#2885 = PCURVE('',#1294,#2886);
#2886 = DEFINITIONAL_REPRESENTATION('',(#2887),#2891);
#2887 = LINE('',#2888,#2889);
#2888 = CARTESIAN_POINT('',(67.631061439271,-21.80686496241));
#2889 = VECTOR('',#2890,1.);
#2890 = DIRECTION('',(0.,1.));
#2891 = ( GEOMETRIC_REPRESENTATION_CONTEXT(2) 
PARAMETRIC_REPRESENTATION_CONTEXT() REPRESENTATION_CONTEXT('2D SPACE',''
  ) );
#2892 = PCURVE('',#2893,#2898);
#2893 = PLANE('',#2894);
#2894 = AXIS2_PLACEMENT_3D('',#2895,#2896,#2897);
#2895 = CARTESIAN_POINT('',(1.46E+03,354.,398.5));
#2896 = DIRECTION('',(-1.,0.,0.));
#2897 = DIRECTION('',(0.,1.,0.));
#2898 = DEFINITIONAL_REPRESENTATION('',(#2899),#2903);
#2899 = LINE('',#2900,#2901);
#2900 = CARTESIAN_POINT('',(0.,-3.));
#2901 = VECTOR('',#2902,1.);
#2902 = DIRECTION('',(1.,0.));
#2903 = ( GEOMETRIC_REPRESENTATION_CONTEXT(2) 
PARAMETRIC_REPRESENTATION_CONTEXT() REPRESENTATION_CONTEXT('2D SPACE',''
  ) );
#2904 = ORIENTED_EDGE('',*,*,#2905,.T.);
#2905 = EDGE_CURVE('',#2878,#2906,#2908,.T.);
#2906 = VERTEX_POINT('',#2907);
#2907 = CARTESIAN_POINT('',(1.324737877121E+03,397.61372992483,401.5));
#2908 = SURFACE_CURVE('',#2909,(#2913,#2920),.PCURVE_S1.);
#2909 = LINE('',#2910,#2911);
#2910 = CARTESIAN_POINT('',(1.46E+03,376.,401.5));
#2911 = VECTOR('',#2912,1.);
#2912 = DIRECTION('',(-0.987472739959,0.157789694967,0.));
#2913 = PCURVE('',#1294,#2914);
#2914 = DEFINITIONAL_REPRESENTATION('',(#2915),#2919);
#2915 = LINE('',#2916,#2917);
#2916 = CARTESIAN_POINT('',(67.631061439271,0.193135037582));
#2917 = VECTOR('',#2918,1.);
#2918 = DIRECTION('',(-0.987472739959,0.157789694967));
#2919 = ( GEOMETRIC_REPRESENTATION_CONTEXT(2) 
PARAMETRIC_REPRESENTATION_CONTEXT() REPRESENTATION_CONTEXT('2D SPACE',''
  ) );
#2920 = PCURVE('',#2921,#2926);
#2921 = PLANE('',#2922);
#2922 = AXIS2_PLACEMENT_3D('',#2923,#2924,#2925);
#2923 = CARTESIAN_POINT('',(1.46E+03,376.,398.5));
#2924 = DIRECTION('',(-0.157789694967,-0.987472739959,0.));
#2925 = DIRECTION('',(-0.987472739959,0.157789694967,0.));
#2926 = DEFINITIONAL_REPRESENTATION('',(#2927),#2931);
#2927 = LINE('',#2928,#2929);
#2928 = CARTESIAN_POINT('',(0.,-3.));
#2929 = VECTOR('',#2930,1.);
#2930 = DIRECTION('',(1.,0.));
#2931 = ( GEOMETRIC_REPRESENTATION_CONTEXT(2) 
PARAMETRIC_REPRESENTATION_CONTEXT() REPRESENTATION_CONTEXT('2D SPACE',''
  ) );
#2932 = ORIENTED_EDGE('',*,*,#2933,.T.);
#2933 = EDGE_CURVE('',#2906,#2807,#2934,.T.);
#2934 = SURFACE_CURVE('',#2935,(#2939,#2946),.PCURVE_S1.);
#2935 = LINE('',#2936,#2937);
#2936 = CARTESIAN_POINT('',(1.324737877121E+03,397.61372992483,401.5));
#2937 = VECTOR('',#2938,1.);
#2938 = DIRECTION('',(0.,-1.,0.));
#2939 = PCURVE('',#1294,#2940);
#2940 = DEFINITIONAL_REPRESENTATION('',(#2941),#2945);
#2941 = LINE('',#2942,#2943);
#2942 = CARTESIAN_POINT('',(-67.63106143927,21.806864962418));
#2943 = VECTOR('',#2944,1.);
#2944 = DIRECTION('',(0.,-1.));
#2945 = ( GEOMETRIC_REPRESENTATION_CONTEXT(2) 
PARAMETRIC_REPRESENTATION_CONTEXT() REPRESENTATION_CONTEXT('2D SPACE',''
  ) );
#2946 = PCURVE('',#2615,#2947);
#2947 = DEFINITIONAL_REPRESENTATION('',(#2948),#2952);
#2948 = LINE('',#2949,#2950);
#2949 = CARTESIAN_POINT('',(0.,-3.));
#2950 = VECTOR('',#2951,1.);
#2951 = DIRECTION('',(1.,0.));
#2952 = ( GEOMETRIC_REPRESENTATION_CONTEXT(2) 
PARAMETRIC_REPRESENTATION_CONTEXT() REPRESENTATION_CONTEXT('2D SPACE',''
  ) );
#2953 = ORIENTED_EDGE('',*,*,#2829,.T.);
#2954 = ORIENTED_EDGE('',*,*,#1716,.F.);
#2955 = ORIENTED_EDGE('',*,*,#2956,.F.);
#2956 = EDGE_CURVE('',#2957,#1335,#2959,.T.);
#2957 = VERTEX_POINT('',#2958);
#2958 = CARTESIAN_POINT('',(1.331136667718E+03,389.74123545353,401.5));
#2959 = SURFACE_CURVE('',#2960,(#2965,#2972),.PCURVE_S1.);
#2960 = ELLIPSE('',#2961,16.814724180339,5.);
#2961 = AXIS2_PLACEMENT_3D('',#2962,#2963,#2964);
#2962 = CARTESIAN_POINT('',(1.338236879321E+03,389.92328110871,401.5));
#2963 = DIRECTION('',(0.,0.,1.));
#2964 = DIRECTION('',(0.726501146558,0.687165252359,-0.));
#2965 = PCURVE('',#1294,#2966);
#2966 = DEFINITIONAL_REPRESENTATION('',(#2967),#2971);
#2967 = ELLIPSE('',#2968,16.814724180339,5.);
#2968 = AXIS2_PLACEMENT_2D('',#2969,#2970);
#2969 = CARTESIAN_POINT('',(-54.13205923939,14.116416146301));
#2970 = DIRECTION('',(0.726501146558,0.687165252359));
#2971 = ( GEOMETRIC_REPRESENTATION_CONTEXT(2) 
PARAMETRIC_REPRESENTATION_CONTEXT() REPRESENTATION_CONTEXT('2D SPACE',''
  ) );
#2972 = PCURVE('',#1586,#2973);
#2973 = DEFINITIONAL_REPRESENTATION('',(#2974),#2991);
#2974 = B_SPLINE_CURVE_WITH_KNOTS('',8,(#2975,#2976,#2977,#2978,#2979,
    #2980,#2981,#2982,#2983,#2984,#2985,#2986,#2987,#2988,#2989,#2990),
  .UNSPECIFIED.,.F.,.F.,(9,7,9),(1.890423873204,3.14159265359,
    4.392761433976),.UNSPECIFIED.);
#2975 = CARTESIAN_POINT('',(0.319627546409,482.58258637573));
#2976 = CARTESIAN_POINT('',(0.476023643957,480.19894962011));
#2977 = CARTESIAN_POINT('',(0.632419741506,477.95632429397));
#2978 = CARTESIAN_POINT('',(0.788815839055,475.94355401676));
#2979 = CARTESIAN_POINT('',(0.9452119366,474.24212026689));
#2980 = CARTESIAN_POINT('',(1.101608034151,472.91920568491));
#2981 = CARTESIAN_POINT('',(1.258004131699,472.02165251784));
#2982 = CARTESIAN_POINT('',(1.414400229247,471.57287561487));
#2983 = CARTESIAN_POINT('',(1.727192424343,471.57287561487));
#2984 = CARTESIAN_POINT('',(1.883588521888,472.02165251836));
#2985 = CARTESIAN_POINT('',(2.03998461945,472.91920568281));
#2986 = CARTESIAN_POINT('',(2.196380716969,474.24212027061));
#2987 = CARTESIAN_POINT('',(2.352776814544,475.94355401443));
#2988 = CARTESIAN_POINT('',(2.50917291208,477.9563242942));
#2989 = CARTESIAN_POINT('',(2.665569009633,480.19894962011));
#2990 = CARTESIAN_POINT('',(2.821965107181,482.58258637573));
#2991 = ( GEOMETRIC_REPRESENTATION_CONTEXT(2) 
PARAMETRIC_REPRESENTATION_CONTEXT() REPRESENTATION_CONTEXT('2D SPACE',''
  ) );
#2992 = ORIENTED_EDGE('',*,*,#2993,.T.);
#2993 = EDGE_CURVE('',#2957,#2994,#2996,.T.);
#2994 = VERTEX_POINT('',#2995);
#2995 = CARTESIAN_POINT('',(1.334094836657E+03,386.61372992483,401.5));
#2996 = SURFACE_CURVE('',#2997,(#3001,#3007),.PCURVE_S1.);
#2997 = LINE('',#2998,#2999);
#2998 = CARTESIAN_POINT('',(1.350702594453E+03,369.05528231837,401.5));
#2999 = VECTOR('',#3000,1.);
#3000 = DIRECTION('',(0.687165252359,-0.726501146558,0.));
#3001 = PCURVE('',#1294,#3002);
#3002 = DEFINITIONAL_REPRESENTATION('',(#3003),#3006);
#3003 = B_SPLINE_CURVE_WITH_KNOTS('',1,(#3004,#3005),.UNSPECIFIED.,.F.,
  .F.,(2,2),(-28.72663133177,-22.37286701605),.PIECEWISE_BEZIER_KNOTS.);
#3004 = CARTESIAN_POINT('',(-61.40628697636,14.11834795524));
#3005 = CARTESIAN_POINT('',(-57.04020091692,9.502330894914));
#3006 = ( GEOMETRIC_REPRESENTATION_CONTEXT(2) 
PARAMETRIC_REPRESENTATION_CONTEXT() REPRESENTATION_CONTEXT('2D SPACE',''
  ) );
#3007 = PCURVE('',#3008,#3013);
#3008 = PLANE('',#3009);
#3009 = AXIS2_PLACEMENT_3D('',#3010,#3011,#3012);
#3010 = CARTESIAN_POINT('',(1.334737877121E+03,386.61372992483,400.));
#3011 = DIRECTION('',(0.693638536152,0.656081964907,0.297358431002));
#3012 = DIRECTION('',(-0.687165252359,0.726501146558,-2.775557561563E-17
    ));
#3013 = DEFINITIONAL_REPRESENTATION('',(#3014),#3017);
#3014 = B_SPLINE_CURVE_WITH_KNOTS('',1,(#3015,#3016),.UNSPECIFIED.,.F.,
  .F.,(2,2),(-28.72663133177,-22.37286701605),.PIECEWISE_BEZIER_KNOTS.);
#3015 = CARTESIAN_POINT('',(5.,1.571065710798));
#3016 = CARTESIAN_POINT('',(-1.353764315715,1.571065710798));
#3017 = ( GEOMETRIC_REPRESENTATION_CONTEXT(2) 
PARAMETRIC_REPRESENTATION_CONTEXT() REPRESENTATION_CONTEXT('2D SPACE',''
  ) );
#3018 = ORIENTED_EDGE('',*,*,#3019,.F.);
#3019 = EDGE_CURVE('',#1280,#2994,#3020,.T.);
#3020 = SURFACE_CURVE('',#3021,(#3025,#3031),.PCURVE_S1.);
#3021 = LINE('',#3022,#3023);
#3022 = CARTESIAN_POINT('',(1.363553407841E+03,386.61372992483,401.5));
#3023 = VECTOR('',#3024,1.);
#3024 = DIRECTION('',(-1.,0.,0.));
#3025 = PCURVE('',#1294,#3026);
#3026 = DEFINITIONAL_REPRESENTATION('',(#3027),#3030);
#3027 = B_SPLINE_CURVE_WITH_KNOTS('',1,(#3028,#3029),.UNSPECIFIED.,.F.,
  .F.,(2,2),(22.815530719636,34.46423062631),.PIECEWISE_BEZIER_KNOTS.);
#3028 = CARTESIAN_POINT('',(-51.63106143927,10.806864962418));
#3029 = CARTESIAN_POINT('',(-63.27976134594,10.806864962418));
#3030 = ( GEOMETRIC_REPRESENTATION_CONTEXT(2) 
PARAMETRIC_REPRESENTATION_CONTEXT() REPRESENTATION_CONTEXT('2D SPACE',''
  ) );
#3031 = PCURVE('',#1322,#3032);
#3032 = DEFINITIONAL_REPRESENTATION('',(#3033),#3036);
#3033 = B_SPLINE_CURVE_WITH_KNOTS('',1,(#3034,#3035),.UNSPECIFIED.,.F.,
  .F.,(2,2),(22.815530719636,34.46423062631),.PIECEWISE_BEZIER_KNOTS.);
#3034 = CARTESIAN_POINT('',(-1.5,6.));
#3035 = CARTESIAN_POINT('',(-1.5,-5.648699906674));
#3036 = ( GEOMETRIC_REPRESENTATION_CONTEXT(2) 
PARAMETRIC_REPRESENTATION_CONTEXT() REPRESENTATION_CONTEXT('2D SPACE',''
  ) );
#3037 = ORIENTED_EDGE('',*,*,#1279,.T.);
#3038 = FACE_BOUND('',#3039,.T.);
#3039 = EDGE_LOOP('',(#3040));
#3040 = ORIENTED_EDGE('',*,*,#3041,.T.);
#3041 = EDGE_CURVE('',#3042,#3042,#3044,.T.);
#3042 = VERTEX_POINT('',#3043);
#3043 = CARTESIAN_POINT('',(1.441E+03,365.,401.5));
#3044 = SURFACE_CURVE('',#3045,(#3050,#3061),.PCURVE_S1.);
#3045 = CIRCLE('',#3046,9.);
#3046 = AXIS2_PLACEMENT_3D('',#3047,#3048,#3049);
#3047 = CARTESIAN_POINT('',(1.45E+03,365.,401.5));
#3048 = DIRECTION('',(0.,0.,-1.));
#3049 = DIRECTION('',(-1.,0.,-0.));
#3050 = PCURVE('',#1294,#3051);
#3051 = DEFINITIONAL_REPRESENTATION('',(#3052),#3060);
#3052 = ( BOUNDED_CURVE() B_SPLINE_CURVE(2,(#3053,#3054,#3055,#3056,
#3057,#3058,#3059),.UNSPECIFIED.,.T.,.F.) B_SPLINE_CURVE_WITH_KNOTS((1,2
    ,2,2,2,1),(-2.094395102393,0.,2.094395102393,4.188790204786,
6.28318530718,8.377580409573),.UNSPECIFIED.) CURVE() 
GEOMETRIC_REPRESENTATION_ITEM() RATIONAL_B_SPLINE_CURVE((1.,0.5,1.,0.5,
1.,0.5,1.)) REPRESENTATION_ITEM('') );
#3053 = CARTESIAN_POINT('',(48.631061439271,-10.80686496241));
#3054 = CARTESIAN_POINT('',(48.631061439271,4.781592305702));
#3055 = CARTESIAN_POINT('',(62.131061439271,-3.012636328358));
#3056 = CARTESIAN_POINT('',(75.631061439271,-10.80686496241));
#3057 = CARTESIAN_POINT('',(62.131061439271,-18.60109359647));
#3058 = CARTESIAN_POINT('',(48.631061439271,-26.39532223053));
#3059 = CARTESIAN_POINT('',(48.631061439271,-10.80686496241));
#3060 = ( GEOMETRIC_REPRESENTATION_CONTEXT(2) 
PARAMETRIC_REPRESENTATION_CONTEXT() REPRESENTATION_CONTEXT('2D SPACE',''
  ) );
#3061 = PCURVE('',#3062,#3067);
#3062 = CYLINDRICAL_SURFACE('',#3063,9.);
#3063 = AXIS2_PLACEMENT_3D('',#3064,#3065,#3066);
#3064 = CARTESIAN_POINT('',(1.45E+03,365.,520.));
#3065 = DIRECTION('',(0.,0.,-1.));
#3066 = DIRECTION('',(-1.,0.,-0.));
#3067 = DEFINITIONAL_REPRESENTATION('',(#3068),#3072);
#3068 = LINE('',#3069,#3070);
#3069 = CARTESIAN_POINT('',(0.,118.5));
#3070 = VECTOR('',#3071,1.);
#3071 = DIRECTION('',(1.,0.));
#3072 = ( GEOMETRIC_REPRESENTATION_CONTEXT(2) 
PARAMETRIC_REPRESENTATION_CONTEXT() REPRESENTATION_CONTEXT('2D SPACE',''
  ) );
#3073 = ADVANCED_FACE('',(#3074),#1586,.T.);
#3074 = FACE_BOUND('',#3075,.T.);
#3075 = EDGE_LOOP('',(#3076,#3100,#3101,#3102));
#3076 = ORIENTED_EDGE('',*,*,#3077,.F.);
#3077 = EDGE_CURVE('',#2957,#3078,#3080,.T.);
#3078 = VERTEX_POINT('',#3079);
#3079 = CARTESIAN_POINT('',(1.332767806151E+03,386.61372992483,
    404.59552177348));
#3080 = SURFACE_CURVE('',#3081,(#3086,#3093),.PCURVE_S1.);
#3081 = CIRCLE('',#3082,5.);
#3082 = AXIS2_PLACEMENT_3D('',#3083,#3084,#3085);
#3083 = CARTESIAN_POINT('',(1.334737877121E+03,386.61372992483,400.));
#3084 = DIRECTION('',(0.693638536152,0.656081964907,0.297358431002));
#3085 = DIRECTION('',(-0.687165252359,0.726501146558,-2.775557561563E-17
    ));
#3086 = PCURVE('',#1586,#3087);
#3087 = DEFINITIONAL_REPRESENTATION('',(#3088),#3092);
#3088 = LINE('',#3089,#3090);
#3089 = CARTESIAN_POINT('',(0.,482.58258397573));
#3090 = VECTOR('',#3091,1.);
#3091 = DIRECTION('',(1.,0.));
#3092 = ( GEOMETRIC_REPRESENTATION_CONTEXT(2) 
PARAMETRIC_REPRESENTATION_CONTEXT() REPRESENTATION_CONTEXT('2D SPACE',''
  ) );
#3093 = PCURVE('',#3008,#3094);
#3094 = DEFINITIONAL_REPRESENTATION('',(#3095),#3099);
#3095 = CIRCLE('',#3096,5.);
#3096 = AXIS2_PLACEMENT_2D('',#3097,#3098);
#3097 = CARTESIAN_POINT('',(0.,0.));
#3098 = DIRECTION('',(1.,0.));
#3099 = ( GEOMETRIC_REPRESENTATION_CONTEXT(2) 
PARAMETRIC_REPRESENTATION_CONTEXT() REPRESENTATION_CONTEXT('2D SPACE',''
  ) );
#3100 = ORIENTED_EDGE('',*,*,#2956,.T.);
#3101 = ORIENTED_EDGE('',*,*,#1334,.F.);
#3102 = ORIENTED_EDGE('',*,*,#3103,.F.);
#3103 = EDGE_CURVE('',#3078,#1306,#3104,.T.);
#3104 = SURFACE_CURVE('',#3105,(#3110,#3122),.PCURVE_S1.);
#3105 = ELLIPSE('',#3106,7.620999002322,5.);
#3106 = AXIS2_PLACEMENT_3D('',#3107,#3108,#3109);
#3107 = CARTESIAN_POINT('',(1.334737877121E+03,386.61372992483,400.));
#3108 = DIRECTION('',(0.,-1.,0.));
#3109 = DIRECTION('',(0.919104354697,0.,0.394014194131));
#3110 = PCURVE('',#1586,#3111);
#3111 = DEFINITIONAL_REPRESENTATION('',(#3112),#3121);
#3112 = B_SPLINE_CURVE_WITH_KNOTS('',7,(#3113,#3114,#3115,#3116,#3117,
    #3118,#3119,#3120),.UNSPECIFIED.,.F.,.F.,(8,8),(1.570795909512,
    2.722501104885),.PIECEWISE_BEZIER_KNOTS.);
#3113 = CARTESIAN_POINT('',(1.296621724034,482.58258637573));
#3114 = CARTESIAN_POINT('',(1.132092410409,481.63629783715));
#3115 = CARTESIAN_POINT('',(0.967563096784,480.6900095608));
#3116 = CARTESIAN_POINT('',(0.80303378316,479.78555821691));
#3117 = CARTESIAN_POINT('',(0.638504469534,478.96479320799));
#3118 = CARTESIAN_POINT('',(0.47397515591,478.26490439998));
#3119 = CARTESIAN_POINT('',(0.309445842285,477.71390855452));
#3120 = CARTESIAN_POINT('',(0.14491652866,477.32883461376));
#3121 = ( GEOMETRIC_REPRESENTATION_CONTEXT(2) 
PARAMETRIC_REPRESENTATION_CONTEXT() REPRESENTATION_CONTEXT('2D SPACE',''
  ) );
#3122 = PCURVE('',#1322,#3123);
#3123 = DEFINITIONAL_REPRESENTATION('',(#3124),#3128);
#3124 = ELLIPSE('',#3125,7.620999002322,5.);
#3125 = AXIS2_PLACEMENT_2D('',#3126,#3127);
#3126 = CARTESIAN_POINT('',(0.,0.));
#3127 = DIRECTION('',(-0.394014194131,0.919104354697));
#3128 = ( GEOMETRIC_REPRESENTATION_CONTEXT(2) 
PARAMETRIC_REPRESENTATION_CONTEXT() REPRESENTATION_CONTEXT('2D SPACE',''
  ) );
#3129 = ADVANCED_FACE('',(#3130),#1322,.F.);
#3130 = FACE_BOUND('',#3131,.F.);
#3131 = EDGE_LOOP('',(#3132,#3133,#3134,#3135));
#3132 = ORIENTED_EDGE('',*,*,#3019,.F.);
#3133 = ORIENTED_EDGE('',*,*,#1305,.T.);
#3134 = ORIENTED_EDGE('',*,*,#3103,.F.);
#3135 = ORIENTED_EDGE('',*,*,#3136,.T.);
#3136 = EDGE_CURVE('',#3078,#2994,#3137,.T.);
#3137 = SURFACE_CURVE('',#3138,(#3142,#3148),.PCURVE_S1.);
#3138 = LINE('',#3139,#3140);
#3139 = CARTESIAN_POINT('',(1.334737877121E+03,386.61372992483,400.));
#3140 = VECTOR('',#3141,1.);
#3141 = DIRECTION('',(0.394014194131,0.,-0.919104354697));
#3142 = PCURVE('',#1322,#3143);
#3143 = DEFINITIONAL_REPRESENTATION('',(#3144),#3147);
#3144 = B_SPLINE_CURVE_WITH_KNOTS('',1,(#3145,#3146),.UNSPECIFIED.,.F.,
  .F.,(2,2),(-5.194001725243,5.194001725243),.PIECEWISE_BEZIER_KNOTS.);
#3145 = CARTESIAN_POINT('',(-4.773829603976,-2.046510404086));
#3146 = CARTESIAN_POINT('',(4.773829603976,2.046510404086));
#3147 = ( GEOMETRIC_REPRESENTATION_CONTEXT(2) 
PARAMETRIC_REPRESENTATION_CONTEXT() REPRESENTATION_CONTEXT('2D SPACE',''
  ) );
#3148 = PCURVE('',#3008,#3149);
#3149 = DEFINITIONAL_REPRESENTATION('',(#3150),#3153);
#3150 = B_SPLINE_CURVE_WITH_KNOTS('',1,(#3151,#3152),.UNSPECIFIED.,.F.,
  .F.,(2,2),(-5.194001725243,5.194001725243),.PIECEWISE_BEZIER_KNOTS.);
#3151 = CARTESIAN_POINT('',(1.406290838279,5.));
#3152 = CARTESIAN_POINT('',(-1.406290838279,-5.));
#3153 = ( GEOMETRIC_REPRESENTATION_CONTEXT(2) 
PARAMETRIC_REPRESENTATION_CONTEXT() REPRESENTATION_CONTEXT('2D SPACE',''
  ) );
#3154 = ADVANCED_FACE('',(#3155),#1267,.F.);
#3155 = FACE_BOUND('',#3156,.F.);
#3156 = EDGE_LOOP('',(#3157,#3180,#3181,#3182));
#3157 = ORIENTED_EDGE('',*,*,#3158,.F.);
#3158 = EDGE_CURVE('',#1221,#3159,#3161,.T.);
#3159 = VERTEX_POINT('',#3160);
#3160 = CARTESIAN_POINT('',(1.46E+03,354.,398.5));
#3161 = SURFACE_CURVE('',#3162,(#3166,#3173),.PCURVE_S1.);
#3162 = LINE('',#3163,#3164);
#3163 = CARTESIAN_POINT('',(1.324737877121E+03,375.61372992483,398.5));
#3164 = VECTOR('',#3165,1.);
#3165 = DIRECTION('',(0.987472739959,-0.157789694967,0.));
#3166 = PCURVE('',#1267,#3167);
#3167 = DEFINITIONAL_REPRESENTATION('',(#3168),#3172);
#3168 = LINE('',#3169,#3170);
#3169 = CARTESIAN_POINT('',(0.,0.));
#3170 = VECTOR('',#3171,1.);
#3171 = DIRECTION('',(1.,0.));
#3172 = ( GEOMETRIC_REPRESENTATION_CONTEXT(2) 
PARAMETRIC_REPRESENTATION_CONTEXT() REPRESENTATION_CONTEXT('2D SPACE',''
  ) );
#3173 = PCURVE('',#1235,#3174);
#3174 = DEFINITIONAL_REPRESENTATION('',(#3175),#3179);
#3175 = LINE('',#3176,#3177);
#3176 = CARTESIAN_POINT('',(-67.63106143927,-0.193135037582));
#3177 = VECTOR('',#3178,1.);
#3178 = DIRECTION('',(0.987472739959,-0.157789694967));
#3179 = ( GEOMETRIC_REPRESENTATION_CONTEXT(2) 
PARAMETRIC_REPRESENTATION_CONTEXT() REPRESENTATION_CONTEXT('2D SPACE',''
  ) );
#3180 = ORIENTED_EDGE('',*,*,#1246,.F.);
#3181 = ORIENTED_EDGE('',*,*,#2854,.T.);
#3182 = ORIENTED_EDGE('',*,*,#3183,.F.);
#3183 = EDGE_CURVE('',#3159,#2855,#3184,.T.);
#3184 = SURFACE_CURVE('',#3185,(#3189,#3196),.PCURVE_S1.);
#3185 = LINE('',#3186,#3187);
#3186 = CARTESIAN_POINT('',(1.46E+03,354.,398.5));
#3187 = VECTOR('',#3188,1.);
#3188 = DIRECTION('',(0.,0.,1.));
#3189 = PCURVE('',#1267,#3190);
#3190 = DEFINITIONAL_REPRESENTATION('',(#3191),#3195);
#3191 = LINE('',#3192,#3193);
#3192 = CARTESIAN_POINT('',(136.97808294349,0.));
#3193 = VECTOR('',#3194,1.);
#3194 = DIRECTION('',(0.,-1.));
#3195 = ( GEOMETRIC_REPRESENTATION_CONTEXT(2) 
PARAMETRIC_REPRESENTATION_CONTEXT() REPRESENTATION_CONTEXT('2D SPACE',''
  ) );
#3196 = PCURVE('',#2893,#3197);
#3197 = DEFINITIONAL_REPRESENTATION('',(#3198),#3202);
#3198 = LINE('',#3199,#3200);
#3199 = CARTESIAN_POINT('',(0.,0.));
#3200 = VECTOR('',#3201,1.);
#3201 = DIRECTION('',(0.,-1.));
#3202 = ( GEOMETRIC_REPRESENTATION_CONTEXT(2) 
PARAMETRIC_REPRESENTATION_CONTEXT() REPRESENTATION_CONTEXT('2D SPACE',''
  ) );
#3203 = ADVANCED_FACE('',(#3204,#3297),#1235,.F.);
#3204 = FACE_BOUND('',#3205,.F.);
#3205 = EDGE_LOOP('',(#3206,#3207,#3230,#3253,#3274,#3275,#3276,#3295,
    #3296));
#3206 = ORIENTED_EDGE('',*,*,#3158,.T.);
#3207 = ORIENTED_EDGE('',*,*,#3208,.T.);
#3208 = EDGE_CURVE('',#3159,#3209,#3211,.T.);
#3209 = VERTEX_POINT('',#3210);
#3210 = CARTESIAN_POINT('',(1.46E+03,376.,398.5));
#3211 = SURFACE_CURVE('',#3212,(#3216,#3223),.PCURVE_S1.);
#3212 = LINE('',#3213,#3214);
#3213 = CARTESIAN_POINT('',(1.46E+03,354.,398.5));
#3214 = VECTOR('',#3215,1.);
#3215 = DIRECTION('',(0.,1.,0.));
#3216 = PCURVE('',#1235,#3217);
#3217 = DEFINITIONAL_REPRESENTATION('',(#3218),#3222);
#3218 = LINE('',#3219,#3220);
#3219 = CARTESIAN_POINT('',(67.631061439271,-21.80686496241));
#3220 = VECTOR('',#3221,1.);
#3221 = DIRECTION('',(0.,1.));
#3222 = ( GEOMETRIC_REPRESENTATION_CONTEXT(2) 
PARAMETRIC_REPRESENTATION_CONTEXT() REPRESENTATION_CONTEXT('2D SPACE',''
  ) );
#3223 = PCURVE('',#2893,#3224);
#3224 = DEFINITIONAL_REPRESENTATION('',(#3225),#3229);
#3225 = LINE('',#3226,#3227);
#3226 = CARTESIAN_POINT('',(0.,0.));
#3227 = VECTOR('',#3228,1.);
#3228 = DIRECTION('',(1.,0.));
#3229 = ( GEOMETRIC_REPRESENTATION_CONTEXT(2) 
PARAMETRIC_REPRESENTATION_CONTEXT() REPRESENTATION_CONTEXT('2D SPACE',''
  ) );
#3230 = ORIENTED_EDGE('',*,*,#3231,.T.);
#3231 = EDGE_CURVE('',#3209,#3232,#3234,.T.);
#3232 = VERTEX_POINT('',#3233);
#3233 = CARTESIAN_POINT('',(1.324737877121E+03,397.61372992483,398.5));
#3234 = SURFACE_CURVE('',#3235,(#3239,#3246),.PCURVE_S1.);
#3235 = LINE('',#3236,#3237);
#3236 = CARTESIAN_POINT('',(1.46E+03,376.,398.5));
#3237 = VECTOR('',#3238,1.);
#3238 = DIRECTION('',(-0.987472739959,0.157789694967,0.));
#3239 = PCURVE('',#1235,#3240);
#3240 = DEFINITIONAL_REPRESENTATION('',(#3241),#3245);
#3241 = LINE('',#3242,#3243);
#3242 = CARTESIAN_POINT('',(67.631061439271,0.193135037582));
#3243 = VECTOR('',#3244,1.);
#3244 = DIRECTION('',(-0.987472739959,0.157789694967));
#3245 = ( GEOMETRIC_REPRESENTATION_CONTEXT(2) 
PARAMETRIC_REPRESENTATION_CONTEXT() REPRESENTATION_CONTEXT('2D SPACE',''
  ) );
#3246 = PCURVE('',#2921,#3247);
#3247 = DEFINITIONAL_REPRESENTATION('',(#3248),#3252);
#3248 = LINE('',#3249,#3250);
#3249 = CARTESIAN_POINT('',(0.,0.));
#3250 = VECTOR('',#3251,1.);
#3251 = DIRECTION('',(1.,0.));
#3252 = ( GEOMETRIC_REPRESENTATION_CONTEXT(2) 
PARAMETRIC_REPRESENTATION_CONTEXT() REPRESENTATION_CONTEXT('2D SPACE',''
  ) );
#3253 = ORIENTED_EDGE('',*,*,#3254,.T.);
#3254 = EDGE_CURVE('',#3232,#2588,#3255,.T.);
#3255 = SURFACE_CURVE('',#3256,(#3260,#3267),.PCURVE_S1.);
#3256 = LINE('',#3257,#3258);
#3257 = CARTESIAN_POINT('',(1.324737877121E+03,397.61372992483,398.5));
#3258 = VECTOR('',#3259,1.);
#3259 = DIRECTION('',(0.,-1.,0.));
#3260 = PCURVE('',#1235,#3261);
#3261 = DEFINITIONAL_REPRESENTATION('',(#3262),#3266);
#3262 = LINE('',#3263,#3264);
#3263 = CARTESIAN_POINT('',(-67.63106143927,21.806864962418));
#3264 = VECTOR('',#3265,1.);
#3265 = DIRECTION('',(0.,-1.));
#3266 = ( GEOMETRIC_REPRESENTATION_CONTEXT(2) 
PARAMETRIC_REPRESENTATION_CONTEXT() REPRESENTATION_CONTEXT('2D SPACE',''
  ) );
#3267 = PCURVE('',#2615,#3268);
#3268 = DEFINITIONAL_REPRESENTATION('',(#3269),#3273);
#3269 = LINE('',#3270,#3271);
#3270 = CARTESIAN_POINT('',(0.,0.));
#3271 = VECTOR('',#3272,1.);
#3272 = DIRECTION('',(1.,0.));
#3273 = ( GEOMETRIC_REPRESENTATION_CONTEXT(2) 
PARAMETRIC_REPRESENTATION_CONTEXT() REPRESENTATION_CONTEXT('2D SPACE',''
  ) );
#3274 = ORIENTED_EDGE('',*,*,#2627,.F.);
#3275 = ORIENTED_EDGE('',*,*,#2506,.F.);
#3276 = ORIENTED_EDGE('',*,*,#3277,.T.);
#3277 = EDGE_CURVE('',#2507,#2351,#3278,.T.);
#3278 = SURFACE_CURVE('',#3279,(#3283,#3289),.PCURVE_S1.);
#3279 = LINE('',#3280,#3281);
#3280 = CARTESIAN_POINT('',(1.351381393003E+03,369.69732779831,398.5));
#3281 = VECTOR('',#3282,1.);
#3282 = DIRECTION('',(0.687165252359,-0.726501146558,0.));
#3283 = PCURVE('',#1235,#3284);
#3284 = DEFINITIONAL_REPRESENTATION('',(#3285),#3288);
#3285 = B_SPLINE_CURVE_WITH_KNOTS('',1,(#3286,#3287),.UNSPECIFIED.,.F.,
  .F.,(2,2),(-28.72663133177,-22.37286701605),.PIECEWISE_BEZIER_KNOTS.);
#3286 = CARTESIAN_POINT('',(-60.72748842577,14.760393435175));
#3287 = CARTESIAN_POINT('',(-56.36140236633,10.144376374849));
#3288 = ( GEOMETRIC_REPRESENTATION_CONTEXT(2) 
PARAMETRIC_REPRESENTATION_CONTEXT() REPRESENTATION_CONTEXT('2D SPACE',''
  ) );
#3289 = PCURVE('',#2384,#3290);
#3290 = DEFINITIONAL_REPRESENTATION('',(#3291),#3294);
#3291 = B_SPLINE_CURVE_WITH_KNOTS('',1,(#3292,#3293),.UNSPECIFIED.,.F.,
  .F.,(2,2),(-28.72663133177,-22.37286701605),.PIECEWISE_BEZIER_KNOTS.);
#3292 = CARTESIAN_POINT('',(5.,-1.571065710798));
#3293 = CARTESIAN_POINT('',(-1.353764315715,-1.571065710798));
#3294 = ( GEOMETRIC_REPRESENTATION_CONTEXT(2) 
PARAMETRIC_REPRESENTATION_CONTEXT() REPRESENTATION_CONTEXT('2D SPACE',''
  ) );
#3295 = ORIENTED_EDGE('',*,*,#2350,.F.);
#3296 = ORIENTED_EDGE('',*,*,#1220,.T.);
#3297 = FACE_BOUND('',#3298,.F.);
#3298 = EDGE_LOOP('',(#3299));
#3299 = ORIENTED_EDGE('',*,*,#3300,.T.);
#3300 = EDGE_CURVE('',#3301,#3301,#3303,.T.);
#3301 = VERTEX_POINT('',#3302);
#3302 = CARTESIAN_POINT('',(1.441E+03,365.,398.5));
#3303 = SURFACE_CURVE('',#3304,(#3309,#3320),.PCURVE_S1.);
#3304 = CIRCLE('',#3305,9.);
#3305 = AXIS2_PLACEMENT_3D('',#3306,#3307,#3308);
#3306 = CARTESIAN_POINT('',(1.45E+03,365.,398.5));
#3307 = DIRECTION('',(0.,0.,-1.));
#3308 = DIRECTION('',(-1.,0.,-0.));
#3309 = PCURVE('',#1235,#3310);
#3310 = DEFINITIONAL_REPRESENTATION('',(#3311),#3319);
#3311 = ( BOUNDED_CURVE() B_SPLINE_CURVE(2,(#3312,#3313,#3314,#3315,
#3316,#3317,#3318),.UNSPECIFIED.,.T.,.F.) B_SPLINE_CURVE_WITH_KNOTS((1,2
    ,2,2,2,1),(-2.094395102393,0.,2.094395102393,4.188790204786,
6.28318530718,8.377580409573),.UNSPECIFIED.) CURVE() 
GEOMETRIC_REPRESENTATION_ITEM() RATIONAL_B_SPLINE_CURVE((1.,0.5,1.,0.5,
1.,0.5,1.)) REPRESENTATION_ITEM('') );
#3312 = CARTESIAN_POINT('',(48.631061439271,-10.80686496241));
#3313 = CARTESIAN_POINT('',(48.631061439271,4.781592305702));
#3314 = CARTESIAN_POINT('',(62.131061439271,-3.012636328358));
#3315 = CARTESIAN_POINT('',(75.631061439271,-10.80686496241));
#3316 = CARTESIAN_POINT('',(62.131061439271,-18.60109359647));
#3317 = CARTESIAN_POINT('',(48.631061439271,-26.39532223053));
#3318 = CARTESIAN_POINT('',(48.631061439271,-10.80686496241));
#3319 = ( GEOMETRIC_REPRESENTATION_CONTEXT(2) 
PARAMETRIC_REPRESENTATION_CONTEXT() REPRESENTATION_CONTEXT('2D SPACE',''
  ) );
#3320 = PCURVE('',#3321,#3326);
#3321 = CYLINDRICAL_SURFACE('',#3322,9.);
#3322 = AXIS2_PLACEMENT_3D('',#3323,#3324,#3325);
#3323 = CARTESIAN_POINT('',(1.45E+03,365.,520.));
#3324 = DIRECTION('',(0.,0.,-1.));
#3325 = DIRECTION('',(-1.,0.,-0.));
#3326 = DEFINITIONAL_REPRESENTATION('',(#3327),#3331);
#3327 = LINE('',#3328,#3329);
#3328 = CARTESIAN_POINT('',(0.,121.5));
#3329 = VECTOR('',#3330,1.);
#3330 = DIRECTION('',(1.,0.));
#3331 = ( GEOMETRIC_REPRESENTATION_CONTEXT(2) 
PARAMETRIC_REPRESENTATION_CONTEXT() REPRESENTATION_CONTEXT('2D SPACE',''
  ) );
#3332 = ADVANCED_FACE('',(#3333),#1063,.T.);
#3333 = FACE_BOUND('',#3334,.T.);
#3334 = EDGE_LOOP('',(#3335,#3336,#3337));
#3335 = ORIENTED_EDGE('',*,*,#1046,.T.);
#3336 = ORIENTED_EDGE('',*,*,#1168,.T.);
#3337 = ORIENTED_EDGE('',*,*,#2262,.F.);
#3338 = ADVANCED_FACE('',(#3339),#2303,.T.);
#3339 = FACE_BOUND('',#3340,.T.);
#3340 = EDGE_LOOP('',(#3341,#3342,#3365,#3392));
#3341 = ORIENTED_EDGE('',*,*,#2286,.T.);
#3342 = ORIENTED_EDGE('',*,*,#3343,.T.);
#3343 = EDGE_CURVE('',#2287,#3344,#3346,.T.);
#3344 = VERTEX_POINT('',#3345);
#3345 = CARTESIAN_POINT('',(1.441E+03,-365.,254.));
#3346 = SEAM_CURVE('',#3347,(#3351,#3358),.PCURVE_S1.);
#3347 = LINE('',#3348,#3349);
#3348 = CARTESIAN_POINT('',(1.441E+03,-365.,520.));
#3349 = VECTOR('',#3350,1.);
#3350 = DIRECTION('',(0.,0.,-1.));
#3351 = PCURVE('',#2303,#3352);
#3352 = DEFINITIONAL_REPRESENTATION('',(#3353),#3357);
#3353 = LINE('',#3354,#3355);
#3354 = CARTESIAN_POINT('',(0.,-0.));
#3355 = VECTOR('',#3356,1.);
#3356 = DIRECTION('',(0.,1.));
#3357 = ( GEOMETRIC_REPRESENTATION_CONTEXT(2) 
PARAMETRIC_REPRESENTATION_CONTEXT() REPRESENTATION_CONTEXT('2D SPACE',''
  ) );
#3358 = PCURVE('',#2303,#3359);
#3359 = DEFINITIONAL_REPRESENTATION('',(#3360),#3364);
#3360 = LINE('',#3361,#3362);
#3361 = CARTESIAN_POINT('',(6.28318530718,-0.));
#3362 = VECTOR('',#3363,1.);
#3363 = DIRECTION('',(0.,1.));
#3364 = ( GEOMETRIC_REPRESENTATION_CONTEXT(2) 
PARAMETRIC_REPRESENTATION_CONTEXT() REPRESENTATION_CONTEXT('2D SPACE',''
  ) );
#3365 = ORIENTED_EDGE('',*,*,#3366,.F.);
#3366 = EDGE_CURVE('',#3344,#3344,#3367,.T.);
#3367 = SURFACE_CURVE('',#3368,(#3373,#3380),.PCURVE_S1.);
#3368 = CIRCLE('',#3369,9.);
#3369 = AXIS2_PLACEMENT_3D('',#3370,#3371,#3372);
#3370 = CARTESIAN_POINT('',(1.45E+03,-365.,254.));
#3371 = DIRECTION('',(0.,0.,-1.));
#3372 = DIRECTION('',(-1.,0.,-0.));
#3373 = PCURVE('',#2303,#3374);
#3374 = DEFINITIONAL_REPRESENTATION('',(#3375),#3379);
#3375 = LINE('',#3376,#3377);
#3376 = CARTESIAN_POINT('',(0.,266.));
#3377 = VECTOR('',#3378,1.);
#3378 = DIRECTION('',(1.,0.));
#3379 = ( GEOMETRIC_REPRESENTATION_CONTEXT(2) 
PARAMETRIC_REPRESENTATION_CONTEXT() REPRESENTATION_CONTEXT('2D SPACE',''
  ) );
#3380 = PCURVE('',#3381,#3386);
#3381 = PLANE('',#3382);
#3382 = AXIS2_PLACEMENT_3D('',#3383,#3384,#3385);
#3383 = CARTESIAN_POINT('',(1.45E+03,-365.,254.));
#3384 = DIRECTION('',(0.,0.,-1.));
#3385 = DIRECTION('',(-1.,0.,-0.));
#3386 = DEFINITIONAL_REPRESENTATION('',(#3387),#3391);
#3387 = CIRCLE('',#3388,9.);
#3388 = AXIS2_PLACEMENT_2D('',#3389,#3390);
#3389 = CARTESIAN_POINT('',(0.,0.));
#3390 = DIRECTION('',(1.,0.));
#3391 = ( GEOMETRIC_REPRESENTATION_CONTEXT(2) 
PARAMETRIC_REPRESENTATION_CONTEXT() REPRESENTATION_CONTEXT('2D SPACE',''
  ) );
#3392 = ORIENTED_EDGE('',*,*,#3343,.F.);
#3393 = ADVANCED_FACE('',(#3394),#2384,.T.);
#3394 = FACE_BOUND('',#3395,.T.);
#3395 = EDGE_LOOP('',(#3396,#3397,#3398));
#3396 = ORIENTED_EDGE('',*,*,#2371,.T.);
#3397 = ORIENTED_EDGE('',*,*,#2533,.T.);
#3398 = ORIENTED_EDGE('',*,*,#3277,.T.);
#3399 = ADVANCED_FACE('',(#3400),#2422,.F.);
#3400 = FACE_BOUND('',#3401,.F.);
#3401 = EDGE_LOOP('',(#3402,#3432,#3453,#3454,#3477));
#3402 = ORIENTED_EDGE('',*,*,#3403,.F.);
#3403 = EDGE_CURVE('',#3404,#3406,#3408,.T.);
#3404 = VERTEX_POINT('',#3405);
#3405 = CARTESIAN_POINT('',(1.015E+03,85.,255.));
#3406 = VERTEX_POINT('',#3407);
#3407 = CARTESIAN_POINT('',(985.,85.,255.));
#3408 = SURFACE_CURVE('',#3409,(#3413,#3420),.PCURVE_S1.);
#3409 = LINE('',#3410,#3411);
#3410 = CARTESIAN_POINT('',(1.015E+03,85.,255.));
#3411 = VECTOR('',#3412,1.);
#3412 = DIRECTION('',(-1.,0.,0.));
#3413 = PCURVE('',#2422,#3414);
#3414 = DEFINITIONAL_REPRESENTATION('',(#3415),#3419);
#3415 = LINE('',#3416,#3417);
#3416 = CARTESIAN_POINT('',(0.,-0.));
#3417 = VECTOR('',#3418,1.);
#3418 = DIRECTION('',(1.,0.));
#3419 = ( GEOMETRIC_REPRESENTATION_CONTEXT(2) 
PARAMETRIC_REPRESENTATION_CONTEXT() REPRESENTATION_CONTEXT('2D SPACE',''
  ) );
#3420 = PCURVE('',#3421,#3426);
#3421 = PLANE('',#3422);
#3422 = AXIS2_PLACEMENT_3D('',#3423,#3424,#3425);
#3423 = CARTESIAN_POINT('',(1000.,28.903429909514,255.));
#3424 = DIRECTION('',(0.,0.,1.));
#3425 = DIRECTION('',(1.,0.,-0.));
#3426 = DEFINITIONAL_REPRESENTATION('',(#3427),#3431);
#3427 = LINE('',#3428,#3429);
#3428 = CARTESIAN_POINT('',(15.,56.096570090486));
#3429 = VECTOR('',#3430,1.);
#3430 = DIRECTION('',(-1.,0.));
#3431 = ( GEOMETRIC_REPRESENTATION_CONTEXT(2) 
PARAMETRIC_REPRESENTATION_CONTEXT() REPRESENTATION_CONTEXT('2D SPACE',''
  ) );
#3432 = ORIENTED_EDGE('',*,*,#3433,.T.);
#3433 = EDGE_CURVE('',#3404,#2401,#3434,.T.);
#3434 = SURFACE_CURVE('',#3435,(#3439,#3446),.PCURVE_S1.);
#3435 = LINE('',#3436,#3437);
#3436 = CARTESIAN_POINT('',(1.015E+03,85.,255.));
#3437 = VECTOR('',#3438,1.);
#3438 = DIRECTION('',(0.,0.,1.));
#3439 = PCURVE('',#2422,#3440);
#3440 = DEFINITIONAL_REPRESENTATION('',(#3441),#3445);
#3441 = LINE('',#3442,#3443);
#3442 = CARTESIAN_POINT('',(0.,-0.));
#3443 = VECTOR('',#3444,1.);
#3444 = DIRECTION('',(0.,-1.));
#3445 = ( GEOMETRIC_REPRESENTATION_CONTEXT(2) 
PARAMETRIC_REPRESENTATION_CONTEXT() REPRESENTATION_CONTEXT('2D SPACE',''
  ) );
#3446 = PCURVE('',#2790,#3447);
#3447 = DEFINITIONAL_REPRESENTATION('',(#3448),#3452);
#3448 = LINE('',#3449,#3450);
#3449 = CARTESIAN_POINT('',(107.22872749408,0.));
#3450 = VECTOR('',#3451,1.);
#3451 = DIRECTION('',(0.,-1.));
#3452 = ( GEOMETRIC_REPRESENTATION_CONTEXT(2) 
PARAMETRIC_REPRESENTATION_CONTEXT() REPRESENTATION_CONTEXT('2D SPACE',''
  ) );
#3453 = ORIENTED_EDGE('',*,*,#2398,.F.);
#3454 = ORIENTED_EDGE('',*,*,#3455,.T.);
#3455 = EDGE_CURVE('',#2399,#3456,#3458,.T.);
#3456 = VERTEX_POINT('',#3457);
#3457 = CARTESIAN_POINT('',(985.,85.,258.));
#3458 = SURFACE_CURVE('',#3459,(#3463,#3470),.PCURVE_S1.);
#3459 = LINE('',#3460,#3461);
#3460 = CARTESIAN_POINT('',(1.015E+03,85.,258.));
#3461 = VECTOR('',#3462,1.);
#3462 = DIRECTION('',(-1.,0.,0.));
#3463 = PCURVE('',#2422,#3464);
#3464 = DEFINITIONAL_REPRESENTATION('',(#3465),#3469);
#3465 = LINE('',#3466,#3467);
#3466 = CARTESIAN_POINT('',(0.,-3.));
#3467 = VECTOR('',#3468,1.);
#3468 = DIRECTION('',(1.,0.));
#3469 = ( GEOMETRIC_REPRESENTATION_CONTEXT(2) 
PARAMETRIC_REPRESENTATION_CONTEXT() REPRESENTATION_CONTEXT('2D SPACE',''
  ) );
#3470 = PCURVE('',#2471,#3471);
#3471 = DEFINITIONAL_REPRESENTATION('',(#3472),#3476);
#3472 = LINE('',#3473,#3474);
#3473 = CARTESIAN_POINT('',(15.,56.096570090486));
#3474 = VECTOR('',#3475,1.);
#3475 = DIRECTION('',(-1.,0.));
#3476 = ( GEOMETRIC_REPRESENTATION_CONTEXT(2) 
PARAMETRIC_REPRESENTATION_CONTEXT() REPRESENTATION_CONTEXT('2D SPACE',''
  ) );
#3477 = ORIENTED_EDGE('',*,*,#3478,.F.);
#3478 = EDGE_CURVE('',#3406,#3456,#3479,.T.);
#3479 = SURFACE_CURVE('',#3480,(#3484,#3491),.PCURVE_S1.);
#3480 = LINE('',#3481,#3482);
#3481 = CARTESIAN_POINT('',(985.,85.,255.));
#3482 = VECTOR('',#3483,1.);
#3483 = DIRECTION('',(0.,0.,1.));
#3484 = PCURVE('',#2422,#3485);
#3485 = DEFINITIONAL_REPRESENTATION('',(#3486),#3490);
#3486 = LINE('',#3487,#3488);
#3487 = CARTESIAN_POINT('',(30.,0.));
#3488 = VECTOR('',#3489,1.);
#3489 = DIRECTION('',(0.,-1.));
#3490 = ( GEOMETRIC_REPRESENTATION_CONTEXT(2) 
PARAMETRIC_REPRESENTATION_CONTEXT() REPRESENTATION_CONTEXT('2D SPACE',''
  ) );
#3491 = PCURVE('',#3492,#3497);
#3492 = PLANE('',#3493);
#3493 = AXIS2_PLACEMENT_3D('',#3494,#3495,#3496);
#3494 = CARTESIAN_POINT('',(985.,85.,255.));
#3495 = DIRECTION('',(0.997866919627,-6.528101343352E-02,0.));
#3496 = DIRECTION('',(-6.528101343352E-02,-0.997866919627,0.));
#3497 = DEFINITIONAL_REPRESENTATION('',(#3498),#3502);
#3498 = LINE('',#3499,#3500);
#3499 = CARTESIAN_POINT('',(0.,0.));
#3500 = VECTOR('',#3501,1.);
#3501 = DIRECTION('',(0.,-1.));
#3502 = ( GEOMETRIC_REPRESENTATION_CONTEXT(2) 
PARAMETRIC_REPRESENTATION_CONTEXT() REPRESENTATION_CONTEXT('2D SPACE',''
  ) );
#3503 = ADVANCED_FACE('',(#3504),#2790,.F.);
#3504 = FACE_BOUND('',#3505,.F.);
#3505 = EDGE_LOOP('',(#3506,#3529,#3557,#3578,#3579));
#3506 = ORIENTED_EDGE('',*,*,#3507,.F.);
#3507 = EDGE_CURVE('',#3508,#3404,#3510,.T.);
#3508 = VERTEX_POINT('',#3509);
#3509 = CARTESIAN_POINT('',(1.022E+03,-22.,255.));
#3510 = SURFACE_CURVE('',#3511,(#3515,#3522),.PCURVE_S1.);
#3511 = LINE('',#3512,#3513);
#3512 = CARTESIAN_POINT('',(1.022E+03,-22.,255.));
#3513 = VECTOR('',#3514,1.);
#3514 = DIRECTION('',(-6.528101343352E-02,0.997866919627,0.));
#3515 = PCURVE('',#2790,#3516);
#3516 = DEFINITIONAL_REPRESENTATION('',(#3517),#3521);
#3517 = LINE('',#3518,#3519);
#3518 = CARTESIAN_POINT('',(0.,0.));
#3519 = VECTOR('',#3520,1.);
#3520 = DIRECTION('',(1.,0.));
#3521 = ( GEOMETRIC_REPRESENTATION_CONTEXT(2) 
PARAMETRIC_REPRESENTATION_CONTEXT() REPRESENTATION_CONTEXT('2D SPACE',''
  ) );
#3522 = PCURVE('',#3421,#3523);
#3523 = DEFINITIONAL_REPRESENTATION('',(#3524),#3528);
#3524 = LINE('',#3525,#3526);
#3525 = CARTESIAN_POINT('',(22.,-50.90342990951));
#3526 = VECTOR('',#3527,1.);
#3527 = DIRECTION('',(-6.528101343352E-02,0.997866919627));
#3528 = ( GEOMETRIC_REPRESENTATION_CONTEXT(2) 
PARAMETRIC_REPRESENTATION_CONTEXT() REPRESENTATION_CONTEXT('2D SPACE',''
  ) );
#3529 = ORIENTED_EDGE('',*,*,#3530,.T.);
#3530 = EDGE_CURVE('',#3508,#3531,#3533,.T.);
#3531 = VERTEX_POINT('',#3532);
#3532 = CARTESIAN_POINT('',(1.022E+03,-22.,258.));
#3533 = SURFACE_CURVE('',#3534,(#3538,#3545),.PCURVE_S1.);
#3534 = LINE('',#3535,#3536);
#3535 = CARTESIAN_POINT('',(1.022E+03,-22.,255.));
#3536 = VECTOR('',#3537,1.);
#3537 = DIRECTION('',(0.,0.,1.));
#3538 = PCURVE('',#2790,#3539);
#3539 = DEFINITIONAL_REPRESENTATION('',(#3540),#3544);
#3540 = LINE('',#3541,#3542);
#3541 = CARTESIAN_POINT('',(0.,0.));
#3542 = VECTOR('',#3543,1.);
#3543 = DIRECTION('',(0.,-1.));
#3544 = ( GEOMETRIC_REPRESENTATION_CONTEXT(2) 
PARAMETRIC_REPRESENTATION_CONTEXT() REPRESENTATION_CONTEXT('2D SPACE',''
  ) );
#3545 = PCURVE('',#3546,#3551);
#3546 = PLANE('',#3547);
#3547 = AXIS2_PLACEMENT_3D('',#3548,#3549,#3550);
#3548 = CARTESIAN_POINT('',(978.,-22.,255.));
#3549 = DIRECTION('',(0.,1.,0.));
#3550 = DIRECTION('',(1.,0.,0.));
#3551 = DEFINITIONAL_REPRESENTATION('',(#3552),#3556);
#3552 = LINE('',#3553,#3554);
#3553 = CARTESIAN_POINT('',(44.,0.));
#3554 = VECTOR('',#3555,1.);
#3555 = DIRECTION('',(0.,-1.));
#3556 = ( GEOMETRIC_REPRESENTATION_CONTEXT(2) 
PARAMETRIC_REPRESENTATION_CONTEXT() REPRESENTATION_CONTEXT('2D SPACE',''
  ) );
#3557 = ORIENTED_EDGE('',*,*,#3558,.T.);
#3558 = EDGE_CURVE('',#3531,#2727,#3559,.T.);
#3559 = SURFACE_CURVE('',#3560,(#3564,#3571),.PCURVE_S1.);
#3560 = LINE('',#3561,#3562);
#3561 = CARTESIAN_POINT('',(1.022E+03,-22.,258.));
#3562 = VECTOR('',#3563,1.);
#3563 = DIRECTION('',(-6.528101343352E-02,0.997866919627,0.));
#3564 = PCURVE('',#2790,#3565);
#3565 = DEFINITIONAL_REPRESENTATION('',(#3566),#3570);
#3566 = LINE('',#3567,#3568);
#3567 = CARTESIAN_POINT('',(0.,-3.));
#3568 = VECTOR('',#3569,1.);
#3569 = DIRECTION('',(1.,0.));
#3570 = ( GEOMETRIC_REPRESENTATION_CONTEXT(2) 
PARAMETRIC_REPRESENTATION_CONTEXT() REPRESENTATION_CONTEXT('2D SPACE',''
  ) );
#3571 = PCURVE('',#2471,#3572);
#3572 = DEFINITIONAL_REPRESENTATION('',(#3573),#3577);
#3573 = LINE('',#3574,#3575);
#3574 = CARTESIAN_POINT('',(22.,-50.90342990951));
#3575 = VECTOR('',#3576,1.);
#3576 = DIRECTION('',(-6.528101343352E-02,0.997866919627));
#3577 = ( GEOMETRIC_REPRESENTATION_CONTEXT(2) 
PARAMETRIC_REPRESENTATION_CONTEXT() REPRESENTATION_CONTEXT('2D SPACE',''
  ) );
#3578 = ORIENTED_EDGE('',*,*,#2770,.F.);
#3579 = ORIENTED_EDGE('',*,*,#3433,.F.);
#3580 = ADVANCED_FACE('',(#3581,#3651),#2471,.T.);
#3581 = FACE_BOUND('',#3582,.T.);
#3582 = EDGE_LOOP('',(#3583,#3606,#3627,#3628,#3629,#3648,#3649,#3650));
#3583 = ORIENTED_EDGE('',*,*,#3584,.T.);
#3584 = EDGE_CURVE('',#3456,#3585,#3587,.T.);
#3585 = VERTEX_POINT('',#3586);
#3586 = CARTESIAN_POINT('',(978.,-22.,258.));
#3587 = SURFACE_CURVE('',#3588,(#3592,#3599),.PCURVE_S1.);
#3588 = LINE('',#3589,#3590);
#3589 = CARTESIAN_POINT('',(985.,85.,258.));
#3590 = VECTOR('',#3591,1.);
#3591 = DIRECTION('',(-6.528101343352E-02,-0.997866919627,0.));
#3592 = PCURVE('',#2471,#3593);
#3593 = DEFINITIONAL_REPRESENTATION('',(#3594),#3598);
#3594 = LINE('',#3595,#3596);
#3595 = CARTESIAN_POINT('',(-15.,56.096570090486));
#3596 = VECTOR('',#3597,1.);
#3597 = DIRECTION('',(-6.528101343352E-02,-0.997866919627));
#3598 = ( GEOMETRIC_REPRESENTATION_CONTEXT(2) 
PARAMETRIC_REPRESENTATION_CONTEXT() REPRESENTATION_CONTEXT('2D SPACE',''
  ) );
#3599 = PCURVE('',#3492,#3600);
#3600 = DEFINITIONAL_REPRESENTATION('',(#3601),#3605);
#3601 = LINE('',#3602,#3603);
#3602 = CARTESIAN_POINT('',(0.,-3.));
#3603 = VECTOR('',#3604,1.);
#3604 = DIRECTION('',(1.,0.));
#3605 = ( GEOMETRIC_REPRESENTATION_CONTEXT(2) 
PARAMETRIC_REPRESENTATION_CONTEXT() REPRESENTATION_CONTEXT('2D SPACE',''
  ) );
#3606 = ORIENTED_EDGE('',*,*,#3607,.T.);
#3607 = EDGE_CURVE('',#3585,#3531,#3608,.T.);
#3608 = SURFACE_CURVE('',#3609,(#3613,#3620),.PCURVE_S1.);
#3609 = LINE('',#3610,#3611);
#3610 = CARTESIAN_POINT('',(978.,-22.,258.));
#3611 = VECTOR('',#3612,1.);
#3612 = DIRECTION('',(1.,0.,0.));
#3613 = PCURVE('',#2471,#3614);
#3614 = DEFINITIONAL_REPRESENTATION('',(#3615),#3619);
#3615 = LINE('',#3616,#3617);
#3616 = CARTESIAN_POINT('',(-22.,-50.90342990951));
#3617 = VECTOR('',#3618,1.);
#3618 = DIRECTION('',(1.,0.));
#3619 = ( GEOMETRIC_REPRESENTATION_CONTEXT(2) 
PARAMETRIC_REPRESENTATION_CONTEXT() REPRESENTATION_CONTEXT('2D SPACE',''
  ) );
#3620 = PCURVE('',#3546,#3621);
#3621 = DEFINITIONAL_REPRESENTATION('',(#3622),#3626);
#3622 = LINE('',#3623,#3624);
#3623 = CARTESIAN_POINT('',(0.,-3.));
#3624 = VECTOR('',#3625,1.);
#3625 = DIRECTION('',(1.,0.));
#3626 = ( GEOMETRIC_REPRESENTATION_CONTEXT(2) 
PARAMETRIC_REPRESENTATION_CONTEXT() REPRESENTATION_CONTEXT('2D SPACE',''
  ) );
#3627 = ORIENTED_EDGE('',*,*,#3558,.T.);
#3628 = ORIENTED_EDGE('',*,*,#2726,.F.);
#3629 = ORIENTED_EDGE('',*,*,#3630,.T.);
#3630 = EDGE_CURVE('',#2698,#2671,#3631,.T.);
#3631 = SURFACE_CURVE('',#3632,(#3636,#3642),.PCURVE_S1.);
#3632 = LINE('',#3633,#3634);
#3633 = CARTESIAN_POINT('',(1.009918845937E+03,58.833511947097,258.));
#3634 = VECTOR('',#3635,1.);
#3635 = DIRECTION('',(-0.687165252359,0.726501146558,0.));
#3636 = PCURVE('',#2471,#3637);
#3637 = DEFINITIONAL_REPRESENTATION('',(#3638),#3641);
#3638 = B_SPLINE_CURVE_WITH_KNOTS('',1,(#3639,#3640),.UNSPECIFIED.,.F.,
  .F.,(2,2),(9.928352645168,19.928352645168),.PIECEWISE_BEZIER_KNOTS.);
#3639 = CARTESIAN_POINT('',(3.096426986503,37.143041617729));
#3640 = CARTESIAN_POINT('',(-3.775225537089,44.408053083308));
#3641 = ( GEOMETRIC_REPRESENTATION_CONTEXT(2) 
PARAMETRIC_REPRESENTATION_CONTEXT() REPRESENTATION_CONTEXT('2D SPACE',''
  ) );
#3642 = PCURVE('',#2714,#3643);
#3643 = DEFINITIONAL_REPRESENTATION('',(#3644),#3647);
#3644 = B_SPLINE_CURVE_WITH_KNOTS('',1,(#3645,#3646),.UNSPECIFIED.,.F.,
  .F.,(2,2),(9.928352645168,19.928352645168),.PIECEWISE_BEZIER_KNOTS.);
#3645 = CARTESIAN_POINT('',(-5.,1.571065710798));
#3646 = CARTESIAN_POINT('',(5.,1.571065710798));
#3647 = ( GEOMETRIC_REPRESENTATION_CONTEXT(2) 
PARAMETRIC_REPRESENTATION_CONTEXT() REPRESENTATION_CONTEXT('2D SPACE',''
  ) );
#3648 = ORIENTED_EDGE('',*,*,#2670,.F.);
#3649 = ORIENTED_EDGE('',*,*,#2434,.F.);
#3650 = ORIENTED_EDGE('',*,*,#3455,.T.);
#3651 = FACE_BOUND('',#3652,.T.);
#3652 = EDGE_LOOP('',(#3653,#3681,#3707,#3733,#3759,#3785,#3811,#3837,
    #3863,#3889,#3915,#3941,#3967,#3993,#4019,#4045,#4071,#4097,#4123,
    #4149,#4175,#4201,#4227,#4253));
#3653 = ORIENTED_EDGE('',*,*,#3654,.T.);
#3654 = EDGE_CURVE('',#3655,#3657,#3659,.T.);
#3655 = VERTEX_POINT('',#3656);
#3656 = CARTESIAN_POINT('',(1.010825317547E+03,6.25,258.));
#3657 = VERTEX_POINT('',#3658);
#3658 = CARTESIAN_POINT('',(1.012074072829E+03,3.235238063782,258.));
#3659 = SURFACE_CURVE('',#3660,(#3664,#3670),.PCURVE_S1.);
#3660 = LINE('',#3661,#3662);
#3661 = CARTESIAN_POINT('',(1.006652431186E+03,16.324238847357,258.));
#3662 = VECTOR('',#3663,1.);
#3663 = DIRECTION('',(0.382683432365,-0.923879532511,0.));
#3664 = PCURVE('',#2471,#3665);
#3665 = DEFINITIONAL_REPRESENTATION('',(#3666),#3669);
#3666 = B_SPLINE_CURVE_WITH_KNOTS('',1,(#3667,#3668),.UNSPECIFIED.,.F.,
  .F.,(2,2),(10.904277552261,14.167432357763),.PIECEWISE_BEZIER_KNOTS.);
#3667 = CARTESIAN_POINT('',(10.825317547306,-22.65342990951));
#3668 = CARTESIAN_POINT('',(12.074072828614,-25.66819184573));
#3669 = ( GEOMETRIC_REPRESENTATION_CONTEXT(2) 
PARAMETRIC_REPRESENTATION_CONTEXT() REPRESENTATION_CONTEXT('2D SPACE',''
  ) );
#3670 = PCURVE('',#3671,#3676);
#3671 = PLANE('',#3672);
#3672 = AXIS2_PLACEMENT_3D('',#3673,#3674,#3675);
#3673 = CARTESIAN_POINT('',(1.012074072829E+03,3.235238063782,254.));
#3674 = DIRECTION('',(-0.923879532511,-0.382683432365,0.));
#3675 = DIRECTION('',(-0.382683432365,0.923879532511,0.));
#3676 = DEFINITIONAL_REPRESENTATION('',(#3677),#3680);
#3677 = B_SPLINE_CURVE_WITH_KNOTS('',1,(#3678,#3679),.UNSPECIFIED.,.F.,
  .F.,(2,2),(10.904277552261,14.167432357763),.PIECEWISE_BEZIER_KNOTS.);
#3678 = CARTESIAN_POINT('',(3.263154805501,-4.));
#3679 = CARTESIAN_POINT('',(0.,-4.));
#3680 = ( GEOMETRIC_REPRESENTATION_CONTEXT(2) 
PARAMETRIC_REPRESENTATION_CONTEXT() REPRESENTATION_CONTEXT('2D SPACE',''
  ) );
#3681 = ORIENTED_EDGE('',*,*,#3682,.T.);
#3682 = EDGE_CURVE('',#3657,#3683,#3685,.T.);
#3683 = VERTEX_POINT('',#3684);
#3684 = CARTESIAN_POINT('',(1.0125E+03,0.,258.));
#3685 = SURFACE_CURVE('',#3686,(#3690,#3696),.PCURVE_S1.);
#3686 = LINE('',#3687,#3688);
#3687 = CARTESIAN_POINT('',(1.010523328675E+03,15.014309347808,258.));
#3688 = VECTOR('',#3689,1.);
#3689 = DIRECTION('',(0.13052619222,-0.991444861374,0.));
#3690 = PCURVE('',#2471,#3691);
#3691 = DEFINITIONAL_REPRESENTATION('',(#3692),#3695);
#3692 = B_SPLINE_CURVE_WITH_KNOTS('',1,(#3693,#3694),.UNSPECIFIED.,.F.,
  .F.,(2,2),(11.880712425807,15.143867231308),.PIECEWISE_BEZIER_KNOTS.);
#3693 = CARTESIAN_POINT('',(12.074072828613,-25.66819184573));
#3694 = CARTESIAN_POINT('',(12.5,-28.90342990951));
#3695 = ( GEOMETRIC_REPRESENTATION_CONTEXT(2) 
PARAMETRIC_REPRESENTATION_CONTEXT() REPRESENTATION_CONTEXT('2D SPACE',''
  ) );
#3696 = PCURVE('',#3697,#3702);
#3697 = PLANE('',#3698);
#3698 = AXIS2_PLACEMENT_3D('',#3699,#3700,#3701);
#3699 = CARTESIAN_POINT('',(1.0125E+03,0.,254.));
#3700 = DIRECTION('',(-0.991444861374,-0.13052619222,0.));
#3701 = DIRECTION('',(-0.13052619222,0.991444861374,0.));
#3702 = DEFINITIONAL_REPRESENTATION('',(#3703),#3706);
#3703 = B_SPLINE_CURVE_WITH_KNOTS('',1,(#3704,#3705),.UNSPECIFIED.,.F.,
  .F.,(2,2),(11.880712425807,15.143867231308),.PIECEWISE_BEZIER_KNOTS.);
#3704 = CARTESIAN_POINT('',(3.263154805501,-4.));
#3705 = CARTESIAN_POINT('',(0.,-4.));
#3706 = ( GEOMETRIC_REPRESENTATION_CONTEXT(2) 
PARAMETRIC_REPRESENTATION_CONTEXT() REPRESENTATION_CONTEXT('2D SPACE',''
  ) );
#3707 = ORIENTED_EDGE('',*,*,#3708,.T.);
#3708 = EDGE_CURVE('',#3683,#3709,#3711,.T.);
#3709 = VERTEX_POINT('',#3710);
#3710 = CARTESIAN_POINT('',(1.012074072829E+03,-3.235238063782,258.));
#3711 = SURFACE_CURVE('',#3712,(#3716,#3722),.PCURVE_S1.);
#3712 = LINE('',#3713,#3714);
#3713 = CARTESIAN_POINT('',(1.014050744154E+03,11.779071284026,258.));
#3714 = VECTOR('',#3715,1.);
#3715 = DIRECTION('',(-0.13052619222,-0.991444861374,0.));
#3716 = PCURVE('',#2471,#3717);
#3717 = DEFINITIONAL_REPRESENTATION('',(#3718),#3721);
#3718 = B_SPLINE_CURVE_WITH_KNOTS('',1,(#3719,#3720),.UNSPECIFIED.,.F.,
  .F.,(2,2),(11.880712425807,15.143867231308),.PIECEWISE_BEZIER_KNOTS.);
#3719 = CARTESIAN_POINT('',(12.5,-28.90342990951));
#3720 = CARTESIAN_POINT('',(12.074072828614,-32.13866797329));
#3721 = ( GEOMETRIC_REPRESENTATION_CONTEXT(2) 
PARAMETRIC_REPRESENTATION_CONTEXT() REPRESENTATION_CONTEXT('2D SPACE',''
  ) );
#3722 = PCURVE('',#3723,#3728);
#3723 = PLANE('',#3724);
#3724 = AXIS2_PLACEMENT_3D('',#3725,#3726,#3727);
#3725 = CARTESIAN_POINT('',(1.012074072829E+03,-3.235238063782,254.));
#3726 = DIRECTION('',(-0.991444861374,0.13052619222,0.));
#3727 = DIRECTION('',(0.13052619222,0.991444861374,0.));
#3728 = DEFINITIONAL_REPRESENTATION('',(#3729),#3732);
#3729 = B_SPLINE_CURVE_WITH_KNOTS('',1,(#3730,#3731),.UNSPECIFIED.,.F.,
  .F.,(2,2),(11.880712425807,15.143867231308),.PIECEWISE_BEZIER_KNOTS.);
#3730 = CARTESIAN_POINT('',(3.263154805501,-4.));
#3731 = CARTESIAN_POINT('',(0.,-4.));
#3732 = ( GEOMETRIC_REPRESENTATION_CONTEXT(2) 
PARAMETRIC_REPRESENTATION_CONTEXT() REPRESENTATION_CONTEXT('2D SPACE',''
  ) );
#3733 = ORIENTED_EDGE('',*,*,#3734,.T.);
#3734 = EDGE_CURVE('',#3709,#3735,#3737,.T.);
#3735 = VERTEX_POINT('',#3736);
#3736 = CARTESIAN_POINT('',(1.010825317547E+03,-6.25,258.));
#3737 = SURFACE_CURVE('',#3738,(#3742,#3748),.PCURVE_S1.);
#3738 = LINE('',#3739,#3740);
#3739 = CARTESIAN_POINT('',(1.01624695919E+03,6.839000783575,258.));
#3740 = VECTOR('',#3741,1.);
#3741 = DIRECTION('',(-0.382683432365,-0.923879532511,0.));
#3742 = PCURVE('',#2471,#3743);
#3743 = DEFINITIONAL_REPRESENTATION('',(#3744),#3747);
#3744 = B_SPLINE_CURVE_WITH_KNOTS('',1,(#3745,#3746),.UNSPECIFIED.,.F.,
  .F.,(2,2),(10.904277552261,14.167432357763),.PIECEWISE_BEZIER_KNOTS.);
#3745 = CARTESIAN_POINT('',(12.074072828614,-32.13866797329));
#3746 = CARTESIAN_POINT('',(10.825317547306,-35.15342990951));
#3747 = ( GEOMETRIC_REPRESENTATION_CONTEXT(2) 
PARAMETRIC_REPRESENTATION_CONTEXT() REPRESENTATION_CONTEXT('2D SPACE',''
  ) );
#3748 = PCURVE('',#3749,#3754);
#3749 = PLANE('',#3750);
#3750 = AXIS2_PLACEMENT_3D('',#3751,#3752,#3753);
#3751 = CARTESIAN_POINT('',(1.010825317547E+03,-6.25,254.));
#3752 = DIRECTION('',(-0.923879532511,0.382683432365,0.));
#3753 = DIRECTION('',(0.382683432365,0.923879532511,0.));
#3754 = DEFINITIONAL_REPRESENTATION('',(#3755),#3758);
#3755 = B_SPLINE_CURVE_WITH_KNOTS('',1,(#3756,#3757),.UNSPECIFIED.,.F.,
  .F.,(2,2),(10.904277552261,14.167432357763),.PIECEWISE_BEZIER_KNOTS.);
#3756 = CARTESIAN_POINT('',(3.263154805501,-4.));
#3757 = CARTESIAN_POINT('',(0.,-4.));
#3758 = ( GEOMETRIC_REPRESENTATION_CONTEXT(2) 
PARAMETRIC_REPRESENTATION_CONTEXT() REPRESENTATION_CONTEXT('2D SPACE',''
  ) );
#3759 = ORIENTED_EDGE('',*,*,#3760,.T.);
#3760 = EDGE_CURVE('',#3735,#3761,#3763,.T.);
#3761 = VERTEX_POINT('',#3762);
#3762 = CARTESIAN_POINT('',(1.008838834765E+03,-8.838834764832,258.));
#3763 = SURFACE_CURVE('',#3764,(#3768,#3774),.PCURVE_S1.);
#3764 = LINE('',#3765,#3766);
#3765 = CARTESIAN_POINT('',(1.016315097815E+03,0.904420936096,258.));
#3766 = VECTOR('',#3767,1.);
#3767 = DIRECTION('',(-0.608761429009,-0.793353340291,0.));
#3768 = PCURVE('',#2471,#3769);
#3769 = DEFINITIONAL_REPRESENTATION('',(#3770),#3773);
#3770 = B_SPLINE_CURVE_WITH_KNOTS('',1,(#3771,#3772),.UNSPECIFIED.,.F.,
  .F.,(2,2),(9.017950228167,12.281105033668),.PIECEWISE_BEZIER_KNOTS.);
#3771 = CARTESIAN_POINT('',(10.825317547306,-35.15342990951));
#3772 = CARTESIAN_POINT('',(8.838834764832,-37.74226467434));
#3773 = ( GEOMETRIC_REPRESENTATION_CONTEXT(2) 
PARAMETRIC_REPRESENTATION_CONTEXT() REPRESENTATION_CONTEXT('2D SPACE',''
  ) );
#3774 = PCURVE('',#3775,#3780);
#3775 = PLANE('',#3776);
#3776 = AXIS2_PLACEMENT_3D('',#3777,#3778,#3779);
#3777 = CARTESIAN_POINT('',(1.008838834765E+03,-8.838834764832,254.));
#3778 = DIRECTION('',(-0.793353340291,0.608761429009,0.));
#3779 = DIRECTION('',(0.608761429009,0.793353340291,0.));
#3780 = DEFINITIONAL_REPRESENTATION('',(#3781),#3784);
#3781 = B_SPLINE_CURVE_WITH_KNOTS('',1,(#3782,#3783),.UNSPECIFIED.,.F.,
  .F.,(2,2),(9.017950228167,12.281105033668),.PIECEWISE_BEZIER_KNOTS.);
#3782 = CARTESIAN_POINT('',(3.263154805501,-4.));
#3783 = CARTESIAN_POINT('',(0.,-4.));
#3784 = ( GEOMETRIC_REPRESENTATION_CONTEXT(2) 
PARAMETRIC_REPRESENTATION_CONTEXT() REPRESENTATION_CONTEXT('2D SPACE',''
  ) );
#3785 = ORIENTED_EDGE('',*,*,#3786,.T.);
#3786 = EDGE_CURVE('',#3761,#3787,#3789,.T.);
#3787 = VERTEX_POINT('',#3788);
#3788 = CARTESIAN_POINT('',(1.00625E+03,-10.8253175473,258.));
#3789 = SURFACE_CURVE('',#3790,(#3794,#3800),.PCURVE_S1.);
#3790 = LINE('',#3791,#3792);
#3791 = CARTESIAN_POINT('',(1.013876851046E+03,-4.973028906651,258.));
#3792 = VECTOR('',#3793,1.);
#3793 = DIRECTION('',(-0.793353340291,-0.608761429009,0.));
#3794 = PCURVE('',#2471,#3795);
#3795 = DEFINITIONAL_REPRESENTATION('',(#3796),#3799);
#3796 = B_SPLINE_CURVE_WITH_KNOTS('',1,(#3797,#3798),.UNSPECIFIED.,.F.,
  .F.,(2,2),(6.350280543358,9.61343534886),.PIECEWISE_BEZIER_KNOTS.);
#3797 = CARTESIAN_POINT('',(8.838834764832,-37.74226467434));
#3798 = CARTESIAN_POINT('',(6.25,-39.72874745681));
#3799 = ( GEOMETRIC_REPRESENTATION_CONTEXT(2) 
PARAMETRIC_REPRESENTATION_CONTEXT() REPRESENTATION_CONTEXT('2D SPACE',''
  ) );
#3800 = PCURVE('',#3801,#3806);
#3801 = PLANE('',#3802);
#3802 = AXIS2_PLACEMENT_3D('',#3803,#3804,#3805);
#3803 = CARTESIAN_POINT('',(1.00625E+03,-10.8253175473,254.));
#3804 = DIRECTION('',(-0.608761429009,0.793353340291,0.));
#3805 = DIRECTION('',(0.793353340291,0.608761429009,0.));
#3806 = DEFINITIONAL_REPRESENTATION('',(#3807),#3810);
#3807 = B_SPLINE_CURVE_WITH_KNOTS('',1,(#3808,#3809),.UNSPECIFIED.,.F.,
  .F.,(2,2),(6.350280543358,9.61343534886),.PIECEWISE_BEZIER_KNOTS.);
#3808 = CARTESIAN_POINT('',(3.263154805501,-4.));
#3809 = CARTESIAN_POINT('',(0.,-4.));
#3810 = ( GEOMETRIC_REPRESENTATION_CONTEXT(2) 
PARAMETRIC_REPRESENTATION_CONTEXT() REPRESENTATION_CONTEXT('2D SPACE',''
  ) );
#3811 = ORIENTED_EDGE('',*,*,#3812,.T.);
#3812 = EDGE_CURVE('',#3787,#3813,#3815,.T.);
#3813 = VERTEX_POINT('',#3814);
#3814 = CARTESIAN_POINT('',(1.003235238064E+03,-12.07407282861,258.));
#3815 = SURFACE_CURVE('',#3816,(#3820,#3826),.PCURVE_S1.);
#3816 = LINE('',#3817,#3818);
#3817 = CARTESIAN_POINT('',(1.00909838137E+03,-9.64547935305,258.));
#3818 = VECTOR('',#3819,1.);
#3819 = DIRECTION('',(-0.923879532511,-0.382683432365,0.));
#3820 = PCURVE('',#2471,#3821);
#3821 = DEFINITIONAL_REPRESENTATION('',(#3822),#3825);
#3822 = B_SPLINE_CURVE_WITH_KNOTS('',1,(#3823,#3824),.UNSPECIFIED.,.F.,
  .F.,(2,2),(3.083065778322,6.346220583823),.PIECEWISE_BEZIER_KNOTS.);
#3823 = CARTESIAN_POINT('',(6.25,-39.72874745681));
#3824 = CARTESIAN_POINT('',(3.235238063782,-40.97750273812));
#3825 = ( GEOMETRIC_REPRESENTATION_CONTEXT(2) 
PARAMETRIC_REPRESENTATION_CONTEXT() REPRESENTATION_CONTEXT('2D SPACE',''
  ) );
#3826 = PCURVE('',#3827,#3832);
#3827 = PLANE('',#3828);
#3828 = AXIS2_PLACEMENT_3D('',#3829,#3830,#3831);
#3829 = CARTESIAN_POINT('',(1.003235238064E+03,-12.07407282861,254.));
#3830 = DIRECTION('',(-0.382683432365,0.923879532511,0.));
#3831 = DIRECTION('',(0.923879532511,0.382683432365,0.));
#3832 = DEFINITIONAL_REPRESENTATION('',(#3833),#3836);
#3833 = B_SPLINE_CURVE_WITH_KNOTS('',1,(#3834,#3835),.UNSPECIFIED.,.F.,
  .F.,(2,2),(3.083065778322,6.346220583823),.PIECEWISE_BEZIER_KNOTS.);
#3834 = CARTESIAN_POINT('',(3.263154805501,-4.));
#3835 = CARTESIAN_POINT('',(0.,-4.));
#3836 = ( GEOMETRIC_REPRESENTATION_CONTEXT(2) 
PARAMETRIC_REPRESENTATION_CONTEXT() REPRESENTATION_CONTEXT('2D SPACE',''
  ) );
#3837 = ORIENTED_EDGE('',*,*,#3838,.T.);
#3838 = EDGE_CURVE('',#3813,#3839,#3841,.T.);
#3839 = VERTEX_POINT('',#3840);
#3840 = CARTESIAN_POINT('',(1.E+03,-12.5,258.));
#3841 = SURFACE_CURVE('',#3842,(#3846,#3852),.PCURVE_S1.);
#3842 = LINE('',#3843,#3844);
#3843 = CARTESIAN_POINT('',(1.002678999048E+03,-12.14730308425,258.));
#3844 = VECTOR('',#3845,1.);
#3845 = DIRECTION('',(-0.991444861374,-0.13052619222,0.));
#3846 = PCURVE('',#2471,#3847);
#3847 = DEFINITIONAL_REPRESENTATION('',(#3848),#3851);
#3848 = B_SPLINE_CURVE_WITH_KNOTS('',1,(#3849,#3850),.UNSPECIFIED.,.F.,
  .F.,(2,2),(-0.561038780032,2.702116025469),.PIECEWISE_BEZIER_KNOTS.);
#3849 = CARTESIAN_POINT('',(3.235238063782,-40.97750273812));
#3850 = CARTESIAN_POINT('',(2.282618538629E-13,-41.40342990951));
#3851 = ( GEOMETRIC_REPRESENTATION_CONTEXT(2) 
PARAMETRIC_REPRESENTATION_CONTEXT() REPRESENTATION_CONTEXT('2D SPACE',''
  ) );
#3852 = PCURVE('',#3853,#3858);
#3853 = PLANE('',#3854);
#3854 = AXIS2_PLACEMENT_3D('',#3855,#3856,#3857);
#3855 = CARTESIAN_POINT('',(1.E+03,-12.5,254.));
#3856 = DIRECTION('',(-0.13052619222,0.991444861374,0.));
#3857 = DIRECTION('',(0.991444861374,0.13052619222,0.));
#3858 = DEFINITIONAL_REPRESENTATION('',(#3859),#3862);
#3859 = B_SPLINE_CURVE_WITH_KNOTS('',1,(#3860,#3861),.UNSPECIFIED.,.F.,
  .F.,(2,2),(-0.561038780032,2.702116025469),.PIECEWISE_BEZIER_KNOTS.);
#3860 = CARTESIAN_POINT('',(3.263154805501,-4.));
#3861 = CARTESIAN_POINT('',(0.,-4.));
#3862 = ( GEOMETRIC_REPRESENTATION_CONTEXT(2) 
PARAMETRIC_REPRESENTATION_CONTEXT() REPRESENTATION_CONTEXT('2D SPACE',''
  ) );
#3863 = ORIENTED_EDGE('',*,*,#3864,.T.);
#3864 = EDGE_CURVE('',#3839,#3865,#3867,.T.);
#3865 = VERTEX_POINT('',#3866);
#3866 = CARTESIAN_POINT('',(996.76476193621,-12.07407282861,258.));
#3867 = SURFACE_CURVE('',#3868,(#3872,#3878),.PCURVE_S1.);
#3868 = LINE('',#3869,#3870);
#3869 = CARTESIAN_POINT('',(995.70338191982,-11.93433949856,258.));
#3870 = VECTOR('',#3871,1.);
#3871 = DIRECTION('',(-0.991444861374,0.13052619222,0.));
#3872 = PCURVE('',#2471,#3873);
#3873 = DEFINITIONAL_REPRESENTATION('',(#3874),#3877);
#3874 = B_SPLINE_CURVE_WITH_KNOTS('',1,(#3875,#3876),.UNSPECIFIED.,.F.,
  .F.,(2,2),(-4.33369342822,-1.070538622719),.PIECEWISE_BEZIER_KNOTS.);
#3875 = CARTESIAN_POINT('',(2.264854970235E-13,-41.40342990951));
#3876 = CARTESIAN_POINT('',(-3.235238063781,-40.97750273812));
#3877 = ( GEOMETRIC_REPRESENTATION_CONTEXT(2) 
PARAMETRIC_REPRESENTATION_CONTEXT() REPRESENTATION_CONTEXT('2D SPACE',''
  ) );
#3878 = PCURVE('',#3879,#3884);
#3879 = PLANE('',#3880);
#3880 = AXIS2_PLACEMENT_3D('',#3881,#3882,#3883);
#3881 = CARTESIAN_POINT('',(996.76476193621,-12.07407282861,254.));
#3882 = DIRECTION('',(0.13052619222,0.991444861374,-0.));
#3883 = DIRECTION('',(0.991444861374,-0.13052619222,0.));
#3884 = DEFINITIONAL_REPRESENTATION('',(#3885),#3888);
#3885 = B_SPLINE_CURVE_WITH_KNOTS('',1,(#3886,#3887),.UNSPECIFIED.,.F.,
  .F.,(2,2),(-4.33369342822,-1.070538622719),.PIECEWISE_BEZIER_KNOTS.);
#3886 = CARTESIAN_POINT('',(3.263154805501,-4.));
#3887 = CARTESIAN_POINT('',(0.,-4.));
#3888 = ( GEOMETRIC_REPRESENTATION_CONTEXT(2) 
PARAMETRIC_REPRESENTATION_CONTEXT() REPRESENTATION_CONTEXT('2D SPACE',''
  ) );
#3889 = ORIENTED_EDGE('',*,*,#3890,.T.);
#3890 = EDGE_CURVE('',#3865,#3891,#3893,.T.);
#3891 = VERTEX_POINT('',#3892);
#3892 = CARTESIAN_POINT('',(993.75,-10.8253175473,258.));
#3893 = SURFACE_CURVE('',#3894,(#3898,#3904),.PCURVE_S1.);
#3894 = LINE('',#3895,#3896);
#3895 = CARTESIAN_POINT('',(989.39423766191,-9.021101712396,258.));
#3896 = VECTOR('',#3897,1.);
#3897 = DIRECTION('',(-0.923879532511,0.382683432365,0.));
#3898 = PCURVE('',#2471,#3899);
#3899 = DEFINITIONAL_REPRESENTATION('',(#3900),#3903);
#3900 = B_SPLINE_CURVE_WITH_KNOTS('',1,(#3901,#3902),.UNSPECIFIED.,.F.,
  .F.,(2,2),(-7.977797986574,-4.714643181073),.PIECEWISE_BEZIER_KNOTS.);
#3901 = CARTESIAN_POINT('',(-3.235238063781,-40.97750273812));
#3902 = CARTESIAN_POINT('',(-6.25,-39.72874745681));
#3903 = ( GEOMETRIC_REPRESENTATION_CONTEXT(2) 
PARAMETRIC_REPRESENTATION_CONTEXT() REPRESENTATION_CONTEXT('2D SPACE',''
  ) );
#3904 = PCURVE('',#3905,#3910);
#3905 = PLANE('',#3906);
#3906 = AXIS2_PLACEMENT_3D('',#3907,#3908,#3909);
#3907 = CARTESIAN_POINT('',(993.75,-10.8253175473,254.));
#3908 = DIRECTION('',(0.382683432365,0.923879532511,-0.));
#3909 = DIRECTION('',(0.923879532511,-0.382683432365,0.));
#3910 = DEFINITIONAL_REPRESENTATION('',(#3911),#3914);
#3911 = B_SPLINE_CURVE_WITH_KNOTS('',1,(#3912,#3913),.UNSPECIFIED.,.F.,
  .F.,(2,2),(-7.977797986574,-4.714643181073),.PIECEWISE_BEZIER_KNOTS.);
#3912 = CARTESIAN_POINT('',(3.263154805501,-4.));
#3913 = CARTESIAN_POINT('',(0.,-4.));
#3914 = ( GEOMETRIC_REPRESENTATION_CONTEXT(2) 
PARAMETRIC_REPRESENTATION_CONTEXT() REPRESENTATION_CONTEXT('2D SPACE',''
  ) );
#3915 = ORIENTED_EDGE('',*,*,#3916,.T.);
#3916 = EDGE_CURVE('',#3891,#3917,#3919,.T.);
#3917 = VERTEX_POINT('',#3918);
#3918 = CARTESIAN_POINT('',(991.16116523516,-8.838834764832,258.));
#3919 = SURFACE_CURVE('',#3920,(#3924,#3930),.PCURVE_S1.);
#3920 = LINE('',#3921,#3922);
#3921 = CARTESIAN_POINT('',(984.82873157189,-3.979787515414,258.));
#3922 = VECTOR('',#3923,1.);
#3923 = DIRECTION('',(-0.793353340291,0.608761429009,0.));
#3924 = PCURVE('',#2471,#3925);
#3925 = DEFINITIONAL_REPRESENTATION('',(#3926),#3929);
#3926 = B_SPLINE_CURVE_WITH_KNOTS('',1,(#3927,#3928),.UNSPECIFIED.,.F.,
  .F.,(2,2),(-11.24501275161,-7.981857946109),.PIECEWISE_BEZIER_KNOTS.);
#3927 = CARTESIAN_POINT('',(-6.25,-39.72874745681));
#3928 = CARTESIAN_POINT('',(-8.838834764832,-37.74226467434));
#3929 = ( GEOMETRIC_REPRESENTATION_CONTEXT(2) 
PARAMETRIC_REPRESENTATION_CONTEXT() REPRESENTATION_CONTEXT('2D SPACE',''
  ) );
#3930 = PCURVE('',#3931,#3936);
#3931 = PLANE('',#3932);
#3932 = AXIS2_PLACEMENT_3D('',#3933,#3934,#3935);
#3933 = CARTESIAN_POINT('',(991.16116523516,-8.838834764832,254.));
#3934 = DIRECTION('',(0.608761429009,0.793353340291,-0.));
#3935 = DIRECTION('',(0.793353340291,-0.608761429009,0.));
#3936 = DEFINITIONAL_REPRESENTATION('',(#3937),#3940);
#3937 = B_SPLINE_CURVE_WITH_KNOTS('',1,(#3938,#3939),.UNSPECIFIED.,.F.,
  .F.,(2,2),(-11.24501275161,-7.981857946109),.PIECEWISE_BEZIER_KNOTS.);
#3938 = CARTESIAN_POINT('',(3.263154805501,-4.));
#3939 = CARTESIAN_POINT('',(0.,-4.));
#3940 = ( GEOMETRIC_REPRESENTATION_CONTEXT(2) 
PARAMETRIC_REPRESENTATION_CONTEXT() REPRESENTATION_CONTEXT('2D SPACE',''
  ) );
#3941 = ORIENTED_EDGE('',*,*,#3942,.T.);
#3942 = EDGE_CURVE('',#3917,#3943,#3945,.T.);
#3943 = VERTEX_POINT('',#3944);
#3944 = CARTESIAN_POINT('',(989.17468245269,-6.25,258.));
#3945 = SURFACE_CURVE('',#3946,(#3950,#3956),.PCURVE_S1.);
#3946 = LINE('',#3947,#3948);
#3947 = CARTESIAN_POINT('',(982.69166079382,2.198838318512,258.));
#3948 = VECTOR('',#3949,1.);
#3949 = DIRECTION('',(-0.608761429009,0.793353340291,0.));
#3950 = PCURVE('',#2471,#3951);
#3951 = DEFINITIONAL_REPRESENTATION('',(#3952),#3955);
#3952 = B_SPLINE_CURVE_WITH_KNOTS('',1,(#3953,#3954),.UNSPECIFIED.,.F.,
  .F.,(2,2),(-13.91268243641,-10.64952763091),.PIECEWISE_BEZIER_KNOTS.);
#3953 = CARTESIAN_POINT('',(-8.838834764832,-37.74226467434));
#3954 = CARTESIAN_POINT('',(-10.8253175473,-35.15342990951));
#3955 = ( GEOMETRIC_REPRESENTATION_CONTEXT(2) 
PARAMETRIC_REPRESENTATION_CONTEXT() REPRESENTATION_CONTEXT('2D SPACE',''
  ) );
#3956 = PCURVE('',#3957,#3962);
#3957 = PLANE('',#3958);
#3958 = AXIS2_PLACEMENT_3D('',#3959,#3960,#3961);
#3959 = CARTESIAN_POINT('',(989.17468245269,-6.25,254.));
#3960 = DIRECTION('',(0.793353340291,0.608761429009,-0.));
#3961 = DIRECTION('',(0.608761429009,-0.793353340291,0.));
#3962 = DEFINITIONAL_REPRESENTATION('',(#3963),#3966);
#3963 = B_SPLINE_CURVE_WITH_KNOTS('',1,(#3964,#3965),.UNSPECIFIED.,.F.,
  .F.,(2,2),(-13.91268243641,-10.64952763091),.PIECEWISE_BEZIER_KNOTS.);
#3964 = CARTESIAN_POINT('',(3.263154805501,-4.));
#3965 = CARTESIAN_POINT('',(0.,-4.));
#3966 = ( GEOMETRIC_REPRESENTATION_CONTEXT(2) 
PARAMETRIC_REPRESENTATION_CONTEXT() REPRESENTATION_CONTEXT('2D SPACE',''
  ) );
#3967 = ORIENTED_EDGE('',*,*,#3968,.T.);
#3968 = EDGE_CURVE('',#3943,#3969,#3971,.T.);
#3969 = VERTEX_POINT('',#3970);
#3970 = CARTESIAN_POINT('',(987.92592717138,-3.235238063782,258.));
#3971 = SURFACE_CURVE('',#3972,(#3976,#3982),.PCURVE_S1.);
#3972 = LINE('',#3973,#3974);
#3973 = CARTESIAN_POINT('',(983.12866316957,8.346381751685,258.));
#3974 = VECTOR('',#3975,1.);
#3975 = DIRECTION('',(-0.382683432365,0.923879532511,0.));
#3976 = PCURVE('',#2471,#3977);
#3977 = DEFINITIONAL_REPRESENTATION('',(#3978),#3981);
#3978 = B_SPLINE_CURVE_WITH_KNOTS('',1,(#3979,#3980),.UNSPECIFIED.,.F.,
  .F.,(2,2),(-15.79900976051,-12.53585495501),.PIECEWISE_BEZIER_KNOTS.);
#3979 = CARTESIAN_POINT('',(-10.8253175473,-35.15342990951));
#3980 = CARTESIAN_POINT('',(-12.07407282861,-32.13866797329));
#3981 = ( GEOMETRIC_REPRESENTATION_CONTEXT(2) 
PARAMETRIC_REPRESENTATION_CONTEXT() REPRESENTATION_CONTEXT('2D SPACE',''
  ) );
#3982 = PCURVE('',#3983,#3988);
#3983 = PLANE('',#3984);
#3984 = AXIS2_PLACEMENT_3D('',#3985,#3986,#3987);
#3985 = CARTESIAN_POINT('',(987.92592717138,-3.235238063782,254.));
#3986 = DIRECTION('',(0.923879532511,0.382683432365,-0.));
#3987 = DIRECTION('',(0.382683432365,-0.923879532511,0.));
#3988 = DEFINITIONAL_REPRESENTATION('',(#3989),#3992);
#3989 = B_SPLINE_CURVE_WITH_KNOTS('',1,(#3990,#3991),.UNSPECIFIED.,.F.,
  .F.,(2,2),(-15.79900976051,-12.53585495501),.PIECEWISE_BEZIER_KNOTS.);
#3990 = CARTESIAN_POINT('',(3.263154805501,-4.));
#3991 = CARTESIAN_POINT('',(0.,-4.));
#3992 = ( GEOMETRIC_REPRESENTATION_CONTEXT(2) 
PARAMETRIC_REPRESENTATION_CONTEXT() REPRESENTATION_CONTEXT('2D SPACE',''
  ) );
#3993 = ORIENTED_EDGE('',*,*,#3994,.T.);
#3994 = EDGE_CURVE('',#3969,#3995,#3997,.T.);
#3995 = VERTEX_POINT('',#3996);
#3996 = CARTESIAN_POINT('',(987.5,1.530808498934E-15,258.));
#3997 = SURFACE_CURVE('',#3998,(#4002,#4008),.PCURVE_S1.);
#3998 = LINE('',#3999,#4000);
#3999 = CARTESIAN_POINT('',(985.7362922605,13.396690315917,258.));
#4000 = VECTOR('',#4001,1.);
#4001 = DIRECTION('',(-0.13052619222,0.991444861374,0.));
#4002 = PCURVE('',#2471,#4003);
#4003 = DEFINITIONAL_REPRESENTATION('',(#4004),#4007);
#4004 = B_SPLINE_CURVE_WITH_KNOTS('',1,(#4005,#4006),.UNSPECIFIED.,.F.,
  .F.,(2,2),(-16.77544463405,-13.51228982855),.PIECEWISE_BEZIER_KNOTS.);
#4005 = CARTESIAN_POINT('',(-12.07407282861,-32.13866797329));
#4006 = CARTESIAN_POINT('',(-12.5,-28.90342990951));
#4007 = ( GEOMETRIC_REPRESENTATION_CONTEXT(2) 
PARAMETRIC_REPRESENTATION_CONTEXT() REPRESENTATION_CONTEXT('2D SPACE',''
  ) );
#4008 = PCURVE('',#4009,#4014);
#4009 = PLANE('',#4010);
#4010 = AXIS2_PLACEMENT_3D('',#4011,#4012,#4013);
#4011 = CARTESIAN_POINT('',(987.5,1.530808498934E-15,254.));
#4012 = DIRECTION('',(0.991444861374,0.13052619222,-0.));
#4013 = DIRECTION('',(0.13052619222,-0.991444861374,0.));
#4014 = DEFINITIONAL_REPRESENTATION('',(#4015),#4018);
#4015 = B_SPLINE_CURVE_WITH_KNOTS('',1,(#4016,#4017),.UNSPECIFIED.,.F.,
  .F.,(2,2),(-16.77544463405,-13.51228982855),.PIECEWISE_BEZIER_KNOTS.);
#4016 = CARTESIAN_POINT('',(3.263154805501,-4.));
#4017 = CARTESIAN_POINT('',(0.,-4.));
#4018 = ( GEOMETRIC_REPRESENTATION_CONTEXT(2) 
PARAMETRIC_REPRESENTATION_CONTEXT() REPRESENTATION_CONTEXT('2D SPACE',''
  ) );
#4019 = ORIENTED_EDGE('',*,*,#4020,.T.);
#4020 = EDGE_CURVE('',#3995,#4021,#4023,.T.);
#4021 = VERTEX_POINT('',#4022);
#4022 = CARTESIAN_POINT('',(987.92592717138,3.235238063782,258.));
#4023 = SURFACE_CURVE('',#4024,(#4028,#4034),.PCURVE_S1.);
#4024 = LINE('',#4025,#4026);
#4025 = CARTESIAN_POINT('',(989.68963491088,16.631928379698,258.));
#4026 = VECTOR('',#4027,1.);
#4027 = DIRECTION('',(0.13052619222,0.991444861374,-0.));
#4028 = PCURVE('',#2471,#4029);
#4029 = DEFINITIONAL_REPRESENTATION('',(#4030),#4033);
#4030 = B_SPLINE_CURVE_WITH_KNOTS('',1,(#4031,#4032),.UNSPECIFIED.,.F.,
  .F.,(2,2),(-16.77544463405,-13.51228982855),.PIECEWISE_BEZIER_KNOTS.);
#4031 = CARTESIAN_POINT('',(-12.5,-28.90342990951));
#4032 = CARTESIAN_POINT('',(-12.07407282861,-25.66819184573));
#4033 = ( GEOMETRIC_REPRESENTATION_CONTEXT(2) 
PARAMETRIC_REPRESENTATION_CONTEXT() REPRESENTATION_CONTEXT('2D SPACE',''
  ) );
#4034 = PCURVE('',#4035,#4040);
#4035 = PLANE('',#4036);
#4036 = AXIS2_PLACEMENT_3D('',#4037,#4038,#4039);
#4037 = CARTESIAN_POINT('',(987.92592717138,3.235238063782,254.));
#4038 = DIRECTION('',(0.991444861374,-0.13052619222,0.));
#4039 = DIRECTION('',(-0.13052619222,-0.991444861374,0.));
#4040 = DEFINITIONAL_REPRESENTATION('',(#4041),#4044);
#4041 = B_SPLINE_CURVE_WITH_KNOTS('',1,(#4042,#4043),.UNSPECIFIED.,.F.,
  .F.,(2,2),(-16.77544463405,-13.51228982855),.PIECEWISE_BEZIER_KNOTS.);
#4042 = CARTESIAN_POINT('',(3.263154805501,-4.));
#4043 = CARTESIAN_POINT('',(0.,-4.));
#4044 = ( GEOMETRIC_REPRESENTATION_CONTEXT(2) 
PARAMETRIC_REPRESENTATION_CONTEXT() REPRESENTATION_CONTEXT('2D SPACE',''
  ) );
#4045 = ORIENTED_EDGE('',*,*,#4046,.T.);
#4046 = EDGE_CURVE('',#4021,#4047,#4049,.T.);
#4047 = VERTEX_POINT('',#4048);
#4048 = CARTESIAN_POINT('',(989.17468245269,6.25,258.));
#4049 = SURFACE_CURVE('',#4050,(#4054,#4060),.PCURVE_S1.);
#4050 = LINE('',#4051,#4052);
#4051 = CARTESIAN_POINT('',(993.9719464545,17.831619815466,258.));
#4052 = VECTOR('',#4053,1.);
#4053 = DIRECTION('',(0.382683432365,0.923879532511,-0.));
#4054 = PCURVE('',#2471,#4055);
#4055 = DEFINITIONAL_REPRESENTATION('',(#4056),#4059);
#4056 = B_SPLINE_CURVE_WITH_KNOTS('',1,(#4057,#4058),.UNSPECIFIED.,.F.,
  .F.,(2,2),(-15.79900976051,-12.53585495501),.PIECEWISE_BEZIER_KNOTS.);
#4057 = CARTESIAN_POINT('',(-12.07407282861,-25.66819184573));
#4058 = CARTESIAN_POINT('',(-10.8253175473,-22.65342990951));
#4059 = ( GEOMETRIC_REPRESENTATION_CONTEXT(2) 
PARAMETRIC_REPRESENTATION_CONTEXT() REPRESENTATION_CONTEXT('2D SPACE',''
  ) );
#4060 = PCURVE('',#4061,#4066);
#4061 = PLANE('',#4062);
#4062 = AXIS2_PLACEMENT_3D('',#4063,#4064,#4065);
#4063 = CARTESIAN_POINT('',(989.17468245269,6.25,254.));
#4064 = DIRECTION('',(0.923879532511,-0.382683432365,0.));
#4065 = DIRECTION('',(-0.382683432365,-0.923879532511,0.));
#4066 = DEFINITIONAL_REPRESENTATION('',(#4067),#4070);
#4067 = B_SPLINE_CURVE_WITH_KNOTS('',1,(#4068,#4069),.UNSPECIFIED.,.F.,
  .F.,(2,2),(-15.79900976051,-12.53585495501),.PIECEWISE_BEZIER_KNOTS.);
#4068 = CARTESIAN_POINT('',(3.263154805501,-4.));
#4069 = CARTESIAN_POINT('',(0.,-4.));
#4070 = ( GEOMETRIC_REPRESENTATION_CONTEXT(2) 
PARAMETRIC_REPRESENTATION_CONTEXT() REPRESENTATION_CONTEXT('2D SPACE',''
  ) );
#4071 = ORIENTED_EDGE('',*,*,#4072,.T.);
#4072 = EDGE_CURVE('',#4047,#4073,#4075,.T.);
#4073 = VERTEX_POINT('',#4074);
#4074 = CARTESIAN_POINT('',(991.16116523516,8.838834764832,258.));
#4075 = SURFACE_CURVE('',#4076,(#4080,#4086),.PCURVE_S1.);
#4076 = LINE('',#4077,#4078);
#4077 = CARTESIAN_POINT('',(997.64418689403,17.287673083344,258.));
#4078 = VECTOR('',#4079,1.);
#4079 = DIRECTION('',(0.608761429009,0.793353340291,-0.));
#4080 = PCURVE('',#2471,#4081);
#4081 = DEFINITIONAL_REPRESENTATION('',(#4082),#4085);
#4082 = B_SPLINE_CURVE_WITH_KNOTS('',1,(#4083,#4084),.UNSPECIFIED.,.F.,
  .F.,(2,2),(-13.91268243641,-10.64952763091),.PIECEWISE_BEZIER_KNOTS.);
#4083 = CARTESIAN_POINT('',(-10.8253175473,-22.65342990951));
#4084 = CARTESIAN_POINT('',(-8.838834764832,-20.06459514468));
#4085 = ( GEOMETRIC_REPRESENTATION_CONTEXT(2) 
PARAMETRIC_REPRESENTATION_CONTEXT() REPRESENTATION_CONTEXT('2D SPACE',''
  ) );
#4086 = PCURVE('',#4087,#4092);
#4087 = PLANE('',#4088);
#4088 = AXIS2_PLACEMENT_3D('',#4089,#4090,#4091);
#4089 = CARTESIAN_POINT('',(991.16116523516,8.838834764832,254.));
#4090 = DIRECTION('',(0.793353340291,-0.608761429009,0.));
#4091 = DIRECTION('',(-0.608761429009,-0.793353340291,0.));
#4092 = DEFINITIONAL_REPRESENTATION('',(#4093),#4096);
#4093 = B_SPLINE_CURVE_WITH_KNOTS('',1,(#4094,#4095),.UNSPECIFIED.,.F.,
  .F.,(2,2),(-13.91268243641,-10.64952763091),.PIECEWISE_BEZIER_KNOTS.);
#4094 = CARTESIAN_POINT('',(3.263154805501,-4.));
#4095 = CARTESIAN_POINT('',(0.,-4.));
#4096 = ( GEOMETRIC_REPRESENTATION_CONTEXT(2) 
PARAMETRIC_REPRESENTATION_CONTEXT() REPRESENTATION_CONTEXT('2D SPACE',''
  ) );
#4097 = ORIENTED_EDGE('',*,*,#4098,.T.);
#4098 = EDGE_CURVE('',#4073,#4099,#4101,.T.);
#4099 = VERTEX_POINT('',#4100);
#4100 = CARTESIAN_POINT('',(993.75,10.825317547305,258.));
#4101 = SURFACE_CURVE('',#4102,(#4106,#4112),.PCURVE_S1.);
#4102 = LINE('',#4103,#4104);
#4103 = CARTESIAN_POINT('',(1.000082433663E+03,15.684364796723,258.));
#4104 = VECTOR('',#4105,1.);
#4105 = DIRECTION('',(0.793353340291,0.608761429009,-0.));
#4106 = PCURVE('',#2471,#4107);
#4107 = DEFINITIONAL_REPRESENTATION('',(#4108),#4111);
#4108 = B_SPLINE_CURVE_WITH_KNOTS('',1,(#4109,#4110),.UNSPECIFIED.,.F.,
  .F.,(2,2),(-11.24501275161,-7.981857946109),.PIECEWISE_BEZIER_KNOTS.);
#4109 = CARTESIAN_POINT('',(-8.838834764832,-20.06459514468));
#4110 = CARTESIAN_POINT('',(-6.25,-18.0781123622));
#4111 = ( GEOMETRIC_REPRESENTATION_CONTEXT(2) 
PARAMETRIC_REPRESENTATION_CONTEXT() REPRESENTATION_CONTEXT('2D SPACE',''
  ) );
#4112 = PCURVE('',#4113,#4118);
#4113 = PLANE('',#4114);
#4114 = AXIS2_PLACEMENT_3D('',#4115,#4116,#4117);
#4115 = CARTESIAN_POINT('',(993.75,10.825317547305,254.));
#4116 = DIRECTION('',(0.608761429009,-0.793353340291,0.));
#4117 = DIRECTION('',(-0.793353340291,-0.608761429009,0.));
#4118 = DEFINITIONAL_REPRESENTATION('',(#4119),#4122);
#4119 = B_SPLINE_CURVE_WITH_KNOTS('',1,(#4120,#4121),.UNSPECIFIED.,.F.,
  .F.,(2,2),(-11.24501275161,-7.981857946109),.PIECEWISE_BEZIER_KNOTS.);
#4120 = CARTESIAN_POINT('',(3.263154805501,-4.));
#4121 = CARTESIAN_POINT('',(0.,-4.));
#4122 = ( GEOMETRIC_REPRESENTATION_CONTEXT(2) 
PARAMETRIC_REPRESENTATION_CONTEXT() REPRESENTATION_CONTEXT('2D SPACE',''
  ) );
#4123 = ORIENTED_EDGE('',*,*,#4124,.T.);
#4124 = EDGE_CURVE('',#4099,#4125,#4127,.T.);
#4125 = VERTEX_POINT('',#4126);
#4126 = CARTESIAN_POINT('',(996.76476193621,12.074072828613,258.));
#4127 = SURFACE_CURVE('',#4128,(#4132,#4138),.PCURVE_S1.);
#4128 = LINE('',#4129,#4130);
#4129 = CARTESIAN_POINT('',(1.001120524274E+03,13.878288663523,258.));
#4130 = VECTOR('',#4131,1.);
#4131 = DIRECTION('',(0.923879532511,0.382683432365,-0.));
#4132 = PCURVE('',#2471,#4133);
#4133 = DEFINITIONAL_REPRESENTATION('',(#4134),#4137);
#4134 = B_SPLINE_CURVE_WITH_KNOTS('',1,(#4135,#4136),.UNSPECIFIED.,.F.,
  .F.,(2,2),(-7.977797986574,-4.714643181073),.PIECEWISE_BEZIER_KNOTS.);
#4135 = CARTESIAN_POINT('',(-6.25,-18.0781123622));
#4136 = CARTESIAN_POINT('',(-3.235238063781,-16.8293570809));
#4137 = ( GEOMETRIC_REPRESENTATION_CONTEXT(2) 
PARAMETRIC_REPRESENTATION_CONTEXT() REPRESENTATION_CONTEXT('2D SPACE',''
  ) );
#4138 = PCURVE('',#4139,#4144);
#4139 = PLANE('',#4140);
#4140 = AXIS2_PLACEMENT_3D('',#4141,#4142,#4143);
#4141 = CARTESIAN_POINT('',(996.76476193621,12.074072828613,254.));
#4142 = DIRECTION('',(0.382683432365,-0.923879532511,0.));
#4143 = DIRECTION('',(-0.923879532511,-0.382683432365,0.));
#4144 = DEFINITIONAL_REPRESENTATION('',(#4145),#4148);
#4145 = B_SPLINE_CURVE_WITH_KNOTS('',1,(#4146,#4147),.UNSPECIFIED.,.F.,
  .F.,(2,2),(-7.977797986574,-4.714643181073),.PIECEWISE_BEZIER_KNOTS.);
#4146 = CARTESIAN_POINT('',(3.263154805501,-4.));
#4147 = CARTESIAN_POINT('',(0.,-4.));
#4148 = ( GEOMETRIC_REPRESENTATION_CONTEXT(2) 
PARAMETRIC_REPRESENTATION_CONTEXT() REPRESENTATION_CONTEXT('2D SPACE',''
  ) );
#4149 = ORIENTED_EDGE('',*,*,#4150,.T.);
#4150 = EDGE_CURVE('',#4125,#4151,#4153,.T.);
#4151 = VERTEX_POINT('',#4152);
#4152 = CARTESIAN_POINT('',(1.E+03,12.5,258.));
#4153 = SURFACE_CURVE('',#4154,(#4158,#4164),.PCURVE_S1.);
#4154 = LINE('',#4155,#4156);
#4155 = CARTESIAN_POINT('',(1.001061380016E+03,12.639733330048,258.));
#4156 = VECTOR('',#4157,1.);
#4157 = DIRECTION('',(0.991444861374,0.13052619222,-0.));
#4158 = PCURVE('',#2471,#4159);
#4159 = DEFINITIONAL_REPRESENTATION('',(#4160),#4163);
#4160 = B_SPLINE_CURVE_WITH_KNOTS('',1,(#4161,#4162),.UNSPECIFIED.,.F.,
  .F.,(2,2),(-4.33369342822,-1.070538622719),.PIECEWISE_BEZIER_KNOTS.);
#4161 = CARTESIAN_POINT('',(-3.235238063781,-16.8293570809));
#4162 = CARTESIAN_POINT('',(2.262634524186E-13,-16.40342990951));
#4163 = ( GEOMETRIC_REPRESENTATION_CONTEXT(2) 
PARAMETRIC_REPRESENTATION_CONTEXT() REPRESENTATION_CONTEXT('2D SPACE',''
  ) );
#4164 = PCURVE('',#4165,#4170);
#4165 = PLANE('',#4166);
#4166 = AXIS2_PLACEMENT_3D('',#4167,#4168,#4169);
#4167 = CARTESIAN_POINT('',(1.E+03,12.5,254.));
#4168 = DIRECTION('',(0.13052619222,-0.991444861374,0.));
#4169 = DIRECTION('',(-0.991444861374,-0.13052619222,0.));
#4170 = DEFINITIONAL_REPRESENTATION('',(#4171),#4174);
#4171 = B_SPLINE_CURVE_WITH_KNOTS('',1,(#4172,#4173),.UNSPECIFIED.,.F.,
  .F.,(2,2),(-4.33369342822,-1.070538622719),.PIECEWISE_BEZIER_KNOTS.);
#4172 = CARTESIAN_POINT('',(3.263154805501,-4.));
#4173 = CARTESIAN_POINT('',(0.,-4.));
#4174 = ( GEOMETRIC_REPRESENTATION_CONTEXT(2) 
PARAMETRIC_REPRESENTATION_CONTEXT() REPRESENTATION_CONTEXT('2D SPACE',''
  ) );
#4175 = ORIENTED_EDGE('',*,*,#4176,.T.);
#4176 = EDGE_CURVE('',#4151,#4177,#4179,.T.);
#4177 = VERTEX_POINT('',#4178);
#4178 = CARTESIAN_POINT('',(1.003235238064E+03,12.074072828613,258.));
#4179 = SURFACE_CURVE('',#4180,(#4184,#4190),.PCURVE_S1.);
#4180 = LINE('',#4181,#4182);
#4181 = CARTESIAN_POINT('',(1.000556239015E+03,12.426769744355,258.));
#4182 = VECTOR('',#4183,1.);
#4183 = DIRECTION('',(0.991444861374,-0.13052619222,0.));
#4184 = PCURVE('',#2471,#4185);
#4185 = DEFINITIONAL_REPRESENTATION('',(#4186),#4189);
#4186 = B_SPLINE_CURVE_WITH_KNOTS('',1,(#4187,#4188),.UNSPECIFIED.,.F.,
  .F.,(2,2),(-0.561038780032,2.702116025469),.PIECEWISE_BEZIER_KNOTS.);
#4187 = CARTESIAN_POINT('',(2.258193632088E-13,-16.40342990951));
#4188 = CARTESIAN_POINT('',(3.235238063782,-16.8293570809));
#4189 = ( GEOMETRIC_REPRESENTATION_CONTEXT(2) 
PARAMETRIC_REPRESENTATION_CONTEXT() REPRESENTATION_CONTEXT('2D SPACE',''
  ) );
#4190 = PCURVE('',#4191,#4196);
#4191 = PLANE('',#4192);
#4192 = AXIS2_PLACEMENT_3D('',#4193,#4194,#4195);
#4193 = CARTESIAN_POINT('',(1.003235238064E+03,12.074072828613,254.));
#4194 = DIRECTION('',(-0.13052619222,-0.991444861374,0.));
#4195 = DIRECTION('',(-0.991444861374,0.13052619222,0.));
#4196 = DEFINITIONAL_REPRESENTATION('',(#4197),#4200);
#4197 = B_SPLINE_CURVE_WITH_KNOTS('',1,(#4198,#4199),.UNSPECIFIED.,.F.,
  .F.,(2,2),(-0.561038780032,2.702116025469),.PIECEWISE_BEZIER_KNOTS.);
#4198 = CARTESIAN_POINT('',(3.263154805501,-4.));
#4199 = CARTESIAN_POINT('',(0.,-4.));
#4200 = ( GEOMETRIC_REPRESENTATION_CONTEXT(2) 
PARAMETRIC_REPRESENTATION_CONTEXT() REPRESENTATION_CONTEXT('2D SPACE',''
  ) );
#4201 = ORIENTED_EDGE('',*,*,#4202,.T.);
#4202 = EDGE_CURVE('',#4177,#4203,#4205,.T.);
#4203 = VERTEX_POINT('',#4204);
#4204 = CARTESIAN_POINT('',(1.00625E+03,10.825317547305,258.));
#4205 = SURFACE_CURVE('',#4206,(#4210,#4216),.PCURVE_S1.);
#4206 = LINE('',#4207,#4208);
#4207 = CARTESIAN_POINT('',(1.000386856694E+03,13.253911022869,258.));
#4208 = VECTOR('',#4209,1.);
#4209 = DIRECTION('',(0.923879532511,-0.382683432365,0.));
#4210 = PCURVE('',#2471,#4211);
#4211 = DEFINITIONAL_REPRESENTATION('',(#4212),#4215);
#4212 = B_SPLINE_CURVE_WITH_KNOTS('',1,(#4213,#4214),.UNSPECIFIED.,.F.,
  .F.,(2,2),(3.083065778322,6.346220583824),.PIECEWISE_BEZIER_KNOTS.);
#4213 = CARTESIAN_POINT('',(3.235238063782,-16.8293570809));
#4214 = CARTESIAN_POINT('',(6.25,-18.0781123622));
#4215 = ( GEOMETRIC_REPRESENTATION_CONTEXT(2) 
PARAMETRIC_REPRESENTATION_CONTEXT() REPRESENTATION_CONTEXT('2D SPACE',''
  ) );
#4216 = PCURVE('',#4217,#4222);
#4217 = PLANE('',#4218);
#4218 = AXIS2_PLACEMENT_3D('',#4219,#4220,#4221);
#4219 = CARTESIAN_POINT('',(1.00625E+03,10.825317547305,254.));
#4220 = DIRECTION('',(-0.382683432365,-0.923879532511,0.));
#4221 = DIRECTION('',(-0.923879532511,0.382683432365,0.));
#4222 = DEFINITIONAL_REPRESENTATION('',(#4223),#4226);
#4223 = B_SPLINE_CURVE_WITH_KNOTS('',1,(#4224,#4225),.UNSPECIFIED.,.F.,
  .F.,(2,2),(3.083065778322,6.346220583824),.PIECEWISE_BEZIER_KNOTS.);
#4224 = CARTESIAN_POINT('',(3.263154805501,-4.));
#4225 = CARTESIAN_POINT('',(0.,-4.));
#4226 = ( GEOMETRIC_REPRESENTATION_CONTEXT(2) 
PARAMETRIC_REPRESENTATION_CONTEXT() REPRESENTATION_CONTEXT('2D SPACE',''
  ) );
#4227 = ORIENTED_EDGE('',*,*,#4228,.T.);
#4228 = EDGE_CURVE('',#4203,#4229,#4231,.T.);
#4229 = VERTEX_POINT('',#4230);
#4230 = CARTESIAN_POINT('',(1.008838834765E+03,8.838834764832,258.));
#4231 = SURFACE_CURVE('',#4232,(#4236,#4242),.PCURVE_S1.);
#4232 = LINE('',#4233,#4234);
#4233 = CARTESIAN_POINT('',(1.001211983719E+03,14.691123405487,258.));
#4234 = VECTOR('',#4235,1.);
#4235 = DIRECTION('',(0.793353340291,-0.608761429009,0.));
#4236 = PCURVE('',#2471,#4237);
#4237 = DEFINITIONAL_REPRESENTATION('',(#4238),#4241);
#4238 = B_SPLINE_CURVE_WITH_KNOTS('',1,(#4239,#4240),.UNSPECIFIED.,.F.,
  .F.,(2,2),(6.350280543359,9.61343534886),.PIECEWISE_BEZIER_KNOTS.);
#4239 = CARTESIAN_POINT('',(6.25,-18.0781123622));
#4240 = CARTESIAN_POINT('',(8.838834764832,-20.06459514468));
#4241 = ( GEOMETRIC_REPRESENTATION_CONTEXT(2) 
PARAMETRIC_REPRESENTATION_CONTEXT() REPRESENTATION_CONTEXT('2D SPACE',''
  ) );
#4242 = PCURVE('',#4243,#4248);
#4243 = PLANE('',#4244);
#4244 = AXIS2_PLACEMENT_3D('',#4245,#4246,#4247);
#4245 = CARTESIAN_POINT('',(1.008838834765E+03,8.838834764832,254.));
#4246 = DIRECTION('',(-0.608761429009,-0.793353340291,0.));
#4247 = DIRECTION('',(-0.793353340291,0.608761429009,0.));
#4248 = DEFINITIONAL_REPRESENTATION('',(#4249),#4252);
#4249 = B_SPLINE_CURVE_WITH_KNOTS('',1,(#4250,#4251),.UNSPECIFIED.,.F.,
  .F.,(2,2),(6.350280543359,9.61343534886),.PIECEWISE_BEZIER_KNOTS.);
#4250 = CARTESIAN_POINT('',(3.263154805501,-4.));
#4251 = CARTESIAN_POINT('',(0.,-4.));
#4252 = ( GEOMETRIC_REPRESENTATION_CONTEXT(2) 
PARAMETRIC_REPRESENTATION_CONTEXT() REPRESENTATION_CONTEXT('2D SPACE',''
  ) );
#4253 = ORIENTED_EDGE('',*,*,#4254,.T.);
#4254 = EDGE_CURVE('',#4229,#3655,#4255,.T.);
#4255 = SURFACE_CURVE('',#4256,(#4260,#4266),.PCURVE_S1.);
#4256 = LINE('',#4257,#4258);
#4257 = CARTESIAN_POINT('',(1.003349054497E+03,15.993255700928,258.));
#4258 = VECTOR('',#4259,1.);
#4259 = DIRECTION('',(0.608761429009,-0.793353340291,0.));
#4260 = PCURVE('',#2471,#4261);
#4261 = DEFINITIONAL_REPRESENTATION('',(#4262),#4265);
#4262 = B_SPLINE_CURVE_WITH_KNOTS('',1,(#4263,#4264),.UNSPECIFIED.,.F.,
  .F.,(2,2),(9.017950228167,12.281105033669),.PIECEWISE_BEZIER_KNOTS.);
#4263 = CARTESIAN_POINT('',(8.838834764832,-20.06459514468));
#4264 = CARTESIAN_POINT('',(10.825317547306,-22.65342990951));
#4265 = ( GEOMETRIC_REPRESENTATION_CONTEXT(2) 
PARAMETRIC_REPRESENTATION_CONTEXT() REPRESENTATION_CONTEXT('2D SPACE',''
  ) );
#4266 = PCURVE('',#4267,#4272);
#4267 = PLANE('',#4268);
#4268 = AXIS2_PLACEMENT_3D('',#4269,#4270,#4271);
#4269 = CARTESIAN_POINT('',(1.010825317547E+03,6.25,254.));
#4270 = DIRECTION('',(-0.793353340291,-0.608761429009,0.));
#4271 = DIRECTION('',(-0.608761429009,0.793353340291,0.));
#4272 = DEFINITIONAL_REPRESENTATION('',(#4273),#4276);
#4273 = B_SPLINE_CURVE_WITH_KNOTS('',1,(#4274,#4275),.UNSPECIFIED.,.F.,
  .F.,(2,2),(9.017950228167,12.281105033669),.PIECEWISE_BEZIER_KNOTS.);
#4274 = CARTESIAN_POINT('',(3.263154805501,-4.));
#4275 = CARTESIAN_POINT('',(0.,-4.));
#4276 = ( GEOMETRIC_REPRESENTATION_CONTEXT(2) 
PARAMETRIC_REPRESENTATION_CONTEXT() REPRESENTATION_CONTEXT('2D SPACE',''
  ) );
#4277 = ADVANCED_FACE('',(#4278),#2714,.F.);
#4278 = FACE_BOUND('',#4279,.F.);
#4279 = EDGE_LOOP('',(#4280,#4281));
#4280 = ORIENTED_EDGE('',*,*,#3630,.T.);
#4281 = ORIENTED_EDGE('',*,*,#2697,.T.);
#4282 = ADVANCED_FACE('',(#4283),#2615,.F.);
#4283 = FACE_BOUND('',#4284,.F.);
#4284 = EDGE_LOOP('',(#4285,#4286,#4307,#4308,#4309));
#4285 = ORIENTED_EDGE('',*,*,#3254,.F.);
#4286 = ORIENTED_EDGE('',*,*,#4287,.T.);
#4287 = EDGE_CURVE('',#3232,#2906,#4288,.T.);
#4288 = SURFACE_CURVE('',#4289,(#4293,#4300),.PCURVE_S1.);
#4289 = LINE('',#4290,#4291);
#4290 = CARTESIAN_POINT('',(1.324737877121E+03,397.61372992483,398.5));
#4291 = VECTOR('',#4292,1.);
#4292 = DIRECTION('',(0.,0.,1.));
#4293 = PCURVE('',#2615,#4294);
#4294 = DEFINITIONAL_REPRESENTATION('',(#4295),#4299);
#4295 = LINE('',#4296,#4297);
#4296 = CARTESIAN_POINT('',(0.,0.));
#4297 = VECTOR('',#4298,1.);
#4298 = DIRECTION('',(0.,-1.));
#4299 = ( GEOMETRIC_REPRESENTATION_CONTEXT(2) 
PARAMETRIC_REPRESENTATION_CONTEXT() REPRESENTATION_CONTEXT('2D SPACE',''
  ) );
#4300 = PCURVE('',#2921,#4301);
#4301 = DEFINITIONAL_REPRESENTATION('',(#4302),#4306);
#4302 = LINE('',#4303,#4304);
#4303 = CARTESIAN_POINT('',(136.97808294349,0.));
#4304 = VECTOR('',#4305,1.);
#4305 = DIRECTION('',(0.,-1.));
#4306 = ( GEOMETRIC_REPRESENTATION_CONTEXT(2) 
PARAMETRIC_REPRESENTATION_CONTEXT() REPRESENTATION_CONTEXT('2D SPACE',''
  ) );
#4307 = ORIENTED_EDGE('',*,*,#2933,.T.);
#4308 = ORIENTED_EDGE('',*,*,#2806,.F.);
#4309 = ORIENTED_EDGE('',*,*,#2587,.F.);
#4310 = ADVANCED_FACE('',(#4311),#3008,.T.);
#4311 = FACE_BOUND('',#4312,.T.);
#4312 = EDGE_LOOP('',(#4313,#4314,#4315));
#4313 = ORIENTED_EDGE('',*,*,#3136,.T.);
#4314 = ORIENTED_EDGE('',*,*,#2993,.F.);
#4315 = ORIENTED_EDGE('',*,*,#3077,.T.);
#4316 = ADVANCED_FACE('',(#4317),#2921,.F.);
#4317 = FACE_BOUND('',#4318,.F.);
#4318 = EDGE_LOOP('',(#4319,#4340,#4341,#4342));
#4319 = ORIENTED_EDGE('',*,*,#4320,.T.);
#4320 = EDGE_CURVE('',#3209,#2878,#4321,.T.);
#4321 = SURFACE_CURVE('',#4322,(#4326,#4333),.PCURVE_S1.);
#4322 = LINE('',#4323,#4324);
#4323 = CARTESIAN_POINT('',(1.46E+03,376.,398.5));
#4324 = VECTOR('',#4325,1.);
#4325 = DIRECTION('',(0.,0.,1.));
#4326 = PCURVE('',#2921,#4327);
#4327 = DEFINITIONAL_REPRESENTATION('',(#4328),#4332);
#4328 = LINE('',#4329,#4330);
#4329 = CARTESIAN_POINT('',(0.,0.));
#4330 = VECTOR('',#4331,1.);
#4331 = DIRECTION('',(0.,-1.));
#4332 = ( GEOMETRIC_REPRESENTATION_CONTEXT(2) 
PARAMETRIC_REPRESENTATION_CONTEXT() REPRESENTATION_CONTEXT('2D SPACE',''
  ) );
#4333 = PCURVE('',#2893,#4334);
#4334 = DEFINITIONAL_REPRESENTATION('',(#4335),#4339);
#4335 = LINE('',#4336,#4337);
#4336 = CARTESIAN_POINT('',(22.,0.));
#4337 = VECTOR('',#4338,1.);
#4338 = DIRECTION('',(0.,-1.));
#4339 = ( GEOMETRIC_REPRESENTATION_CONTEXT(2) 
PARAMETRIC_REPRESENTATION_CONTEXT() REPRESENTATION_CONTEXT('2D SPACE',''
  ) );
#4340 = ORIENTED_EDGE('',*,*,#2905,.T.);
#4341 = ORIENTED_EDGE('',*,*,#4287,.F.);
#4342 = ORIENTED_EDGE('',*,*,#3231,.F.);
#4343 = ADVANCED_FACE('',(#4344),#2893,.F.);
#4344 = FACE_BOUND('',#4345,.F.);
#4345 = EDGE_LOOP('',(#4346,#4347,#4348,#4349));
#4346 = ORIENTED_EDGE('',*,*,#3183,.T.);
#4347 = ORIENTED_EDGE('',*,*,#2877,.T.);
#4348 = ORIENTED_EDGE('',*,*,#4320,.F.);
#4349 = ORIENTED_EDGE('',*,*,#3208,.F.);
#4350 = ADVANCED_FACE('',(#4351),#3062,.T.);
#4351 = FACE_BOUND('',#4352,.T.);
#4352 = EDGE_LOOP('',(#4353,#4386,#4407,#4408));
#4353 = ORIENTED_EDGE('',*,*,#4354,.T.);
#4354 = EDGE_CURVE('',#4355,#4355,#4357,.T.);
#4355 = VERTEX_POINT('',#4356);
#4356 = CARTESIAN_POINT('',(1.441E+03,365.,517.));
#4357 = SURFACE_CURVE('',#4358,(#4363,#4370),.PCURVE_S1.);
#4358 = CIRCLE('',#4359,9.);
#4359 = AXIS2_PLACEMENT_3D('',#4360,#4361,#4362);
#4360 = CARTESIAN_POINT('',(1.45E+03,365.,517.));
#4361 = DIRECTION('',(0.,0.,-1.));
#4362 = DIRECTION('',(-1.,0.,-0.));
#4363 = PCURVE('',#3062,#4364);
#4364 = DEFINITIONAL_REPRESENTATION('',(#4365),#4369);
#4365 = LINE('',#4366,#4367);
#4366 = CARTESIAN_POINT('',(0.,3.));
#4367 = VECTOR('',#4368,1.);
#4368 = DIRECTION('',(1.,0.));
#4369 = ( GEOMETRIC_REPRESENTATION_CONTEXT(2) 
PARAMETRIC_REPRESENTATION_CONTEXT() REPRESENTATION_CONTEXT('2D SPACE',''
  ) );
#4370 = PCURVE('',#4371,#4376);
#4371 = PLANE('',#4372);
#4372 = AXIS2_PLACEMENT_3D('',#4373,#4374,#4375);
#4373 = CARTESIAN_POINT('',(1.43E+03,355.,517.));
#4374 = DIRECTION('',(0.,0.,1.));
#4375 = DIRECTION('',(1.,0.,-0.));
#4376 = DEFINITIONAL_REPRESENTATION('',(#4377),#4385);
#4377 = ( BOUNDED_CURVE() B_SPLINE_CURVE(2,(#4378,#4379,#4380,#4381,
#4382,#4383,#4384),.UNSPECIFIED.,.T.,.F.) B_SPLINE_CURVE_WITH_KNOTS((1,2
    ,2,2,2,1),(-2.094395102393,0.,2.094395102393,4.188790204786,
6.28318530718,8.377580409573),.UNSPECIFIED.) CURVE() 
GEOMETRIC_REPRESENTATION_ITEM() RATIONAL_B_SPLINE_CURVE((1.,0.5,1.,0.5,
1.,0.5,1.)) REPRESENTATION_ITEM('') );
#4378 = CARTESIAN_POINT('',(11.,10.));
#4379 = CARTESIAN_POINT('',(11.,25.58845726812));
#4380 = CARTESIAN_POINT('',(24.5,17.79422863406));
#4381 = CARTESIAN_POINT('',(38.,10.));
#4382 = CARTESIAN_POINT('',(24.5,2.20577136594));
#4383 = CARTESIAN_POINT('',(11.,-5.58845726812));
#4384 = CARTESIAN_POINT('',(11.,10.));
#4385 = ( GEOMETRIC_REPRESENTATION_CONTEXT(2) 
PARAMETRIC_REPRESENTATION_CONTEXT() REPRESENTATION_CONTEXT('2D SPACE',''
  ) );
#4386 = ORIENTED_EDGE('',*,*,#4387,.T.);
#4387 = EDGE_CURVE('',#4355,#3042,#4388,.T.);
#4388 = SEAM_CURVE('',#4389,(#4393,#4400),.PCURVE_S1.);
#4389 = LINE('',#4390,#4391);
#4390 = CARTESIAN_POINT('',(1.441E+03,365.,520.));
#4391 = VECTOR('',#4392,1.);
#4392 = DIRECTION('',(0.,0.,-1.));
#4393 = PCURVE('',#3062,#4394);
#4394 = DEFINITIONAL_REPRESENTATION('',(#4395),#4399);
#4395 = LINE('',#4396,#4397);
#4396 = CARTESIAN_POINT('',(0.,-0.));
#4397 = VECTOR('',#4398,1.);
#4398 = DIRECTION('',(0.,1.));
#4399 = ( GEOMETRIC_REPRESENTATION_CONTEXT(2) 
PARAMETRIC_REPRESENTATION_CONTEXT() REPRESENTATION_CONTEXT('2D SPACE',''
  ) );
#4400 = PCURVE('',#3062,#4401);
#4401 = DEFINITIONAL_REPRESENTATION('',(#4402),#4406);
#4402 = LINE('',#4403,#4404);
#4403 = CARTESIAN_POINT('',(6.28318530718,-0.));
#4404 = VECTOR('',#4405,1.);
#4405 = DIRECTION('',(0.,1.));
#4406 = ( GEOMETRIC_REPRESENTATION_CONTEXT(2) 
PARAMETRIC_REPRESENTATION_CONTEXT() REPRESENTATION_CONTEXT('2D SPACE',''
  ) );
#4407 = ORIENTED_EDGE('',*,*,#3041,.F.);
#4408 = ORIENTED_EDGE('',*,*,#4387,.F.);
#4409 = ADVANCED_FACE('',(#4410),#3321,.T.);
#4410 = FACE_BOUND('',#4411,.T.);
#4411 = EDGE_LOOP('',(#4412,#4413,#4436,#4463));
#4412 = ORIENTED_EDGE('',*,*,#3300,.T.);
#4413 = ORIENTED_EDGE('',*,*,#4414,.T.);
#4414 = EDGE_CURVE('',#3301,#4415,#4417,.T.);
#4415 = VERTEX_POINT('',#4416);
#4416 = CARTESIAN_POINT('',(1.441E+03,365.,254.));
#4417 = SEAM_CURVE('',#4418,(#4422,#4429),.PCURVE_S1.);
#4418 = LINE('',#4419,#4420);
#4419 = CARTESIAN_POINT('',(1.441E+03,365.,520.));
#4420 = VECTOR('',#4421,1.);
#4421 = DIRECTION('',(0.,0.,-1.));
#4422 = PCURVE('',#3321,#4423);
#4423 = DEFINITIONAL_REPRESENTATION('',(#4424),#4428);
#4424 = LINE('',#4425,#4426);
#4425 = CARTESIAN_POINT('',(0.,-0.));
#4426 = VECTOR('',#4427,1.);
#4427 = DIRECTION('',(0.,1.));
#4428 = ( GEOMETRIC_REPRESENTATION_CONTEXT(2) 
PARAMETRIC_REPRESENTATION_CONTEXT() REPRESENTATION_CONTEXT('2D SPACE',''
  ) );
#4429 = PCURVE('',#3321,#4430);
#4430 = DEFINITIONAL_REPRESENTATION('',(#4431),#4435);
#4431 = LINE('',#4432,#4433);
#4432 = CARTESIAN_POINT('',(6.28318530718,-0.));
#4433 = VECTOR('',#4434,1.);
#4434 = DIRECTION('',(0.,1.));
#4435 = ( GEOMETRIC_REPRESENTATION_CONTEXT(2) 
PARAMETRIC_REPRESENTATION_CONTEXT() REPRESENTATION_CONTEXT('2D SPACE',''
  ) );
#4436 = ORIENTED_EDGE('',*,*,#4437,.F.);
#4437 = EDGE_CURVE('',#4415,#4415,#4438,.T.);
#4438 = SURFACE_CURVE('',#4439,(#4444,#4451),.PCURVE_S1.);
#4439 = CIRCLE('',#4440,9.);
#4440 = AXIS2_PLACEMENT_3D('',#4441,#4442,#4443);
#4441 = CARTESIAN_POINT('',(1.45E+03,365.,254.));
#4442 = DIRECTION('',(0.,0.,-1.));
#4443 = DIRECTION('',(-1.,0.,-0.));
#4444 = PCURVE('',#3321,#4445);
#4445 = DEFINITIONAL_REPRESENTATION('',(#4446),#4450);
#4446 = LINE('',#4447,#4448);
#4447 = CARTESIAN_POINT('',(0.,266.));
#4448 = VECTOR('',#4449,1.);
#4449 = DIRECTION('',(1.,0.));
#4450 = ( GEOMETRIC_REPRESENTATION_CONTEXT(2) 
PARAMETRIC_REPRESENTATION_CONTEXT() REPRESENTATION_CONTEXT('2D SPACE',''
  ) );
#4451 = PCURVE('',#4452,#4457);
#4452 = PLANE('',#4453);
#4453 = AXIS2_PLACEMENT_3D('',#4454,#4455,#4456);
#4454 = CARTESIAN_POINT('',(1.45E+03,365.,254.));
#4455 = DIRECTION('',(0.,0.,-1.));
#4456 = DIRECTION('',(-1.,0.,-0.));
#4457 = DEFINITIONAL_REPRESENTATION('',(#4458),#4462);
#4458 = CIRCLE('',#4459,9.);
#4459 = AXIS2_PLACEMENT_2D('',#4460,#4461);
#4460 = CARTESIAN_POINT('',(0.,0.));
#4461 = DIRECTION('',(1.,0.));
#4462 = ( GEOMETRIC_REPRESENTATION_CONTEXT(2) 
PARAMETRIC_REPRESENTATION_CONTEXT() REPRESENTATION_CONTEXT('2D SPACE',''
  ) );
#4463 = ORIENTED_EDGE('',*,*,#4414,.F.);
#4464 = ADVANCED_FACE('',(#4465),#3381,.T.);
#4465 = FACE_BOUND('',#4466,.T.);
#4466 = EDGE_LOOP('',(#4467));
#4467 = ORIENTED_EDGE('',*,*,#3366,.T.);
#4468 = ADVANCED_FACE('',(#4469,#4517,#5023),#3421,.F.);
#4469 = FACE_BOUND('',#4470,.F.);
#4470 = EDGE_LOOP('',(#4471,#4494,#4495,#4496));
#4471 = ORIENTED_EDGE('',*,*,#4472,.T.);
#4472 = EDGE_CURVE('',#4473,#3508,#4475,.T.);
#4473 = VERTEX_POINT('',#4474);
#4474 = CARTESIAN_POINT('',(978.,-22.,255.));
#4475 = SURFACE_CURVE('',#4476,(#4480,#4487),.PCURVE_S1.);
#4476 = LINE('',#4477,#4478);
#4477 = CARTESIAN_POINT('',(978.,-22.,255.));
#4478 = VECTOR('',#4479,1.);
#4479 = DIRECTION('',(1.,0.,0.));
#4480 = PCURVE('',#3421,#4481);
#4481 = DEFINITIONAL_REPRESENTATION('',(#4482),#4486);
#4482 = LINE('',#4483,#4484);
#4483 = CARTESIAN_POINT('',(-22.,-50.90342990951));
#4484 = VECTOR('',#4485,1.);
#4485 = DIRECTION('',(1.,0.));
#4486 = ( GEOMETRIC_REPRESENTATION_CONTEXT(2) 
PARAMETRIC_REPRESENTATION_CONTEXT() REPRESENTATION_CONTEXT('2D SPACE',''
  ) );
#4487 = PCURVE('',#3546,#4488);
#4488 = DEFINITIONAL_REPRESENTATION('',(#4489),#4493);
#4489 = LINE('',#4490,#4491);
#4490 = CARTESIAN_POINT('',(0.,0.));
#4491 = VECTOR('',#4492,1.);
#4492 = DIRECTION('',(1.,0.));
#4493 = ( GEOMETRIC_REPRESENTATION_CONTEXT(2) 
PARAMETRIC_REPRESENTATION_CONTEXT() REPRESENTATION_CONTEXT('2D SPACE',''
  ) );
#4494 = ORIENTED_EDGE('',*,*,#3507,.T.);
#4495 = ORIENTED_EDGE('',*,*,#3403,.T.);
#4496 = ORIENTED_EDGE('',*,*,#4497,.T.);
#4497 = EDGE_CURVE('',#3406,#4473,#4498,.T.);
#4498 = SURFACE_CURVE('',#4499,(#4503,#4510),.PCURVE_S1.);
#4499 = LINE('',#4500,#4501);
#4500 = CARTESIAN_POINT('',(985.,85.,255.));
#4501 = VECTOR('',#4502,1.);
#4502 = DIRECTION('',(-6.528101343352E-02,-0.997866919627,0.));
#4503 = PCURVE('',#3421,#4504);
#4504 = DEFINITIONAL_REPRESENTATION('',(#4505),#4509);
#4505 = LINE('',#4506,#4507);
#4506 = CARTESIAN_POINT('',(-15.,56.096570090486));
#4507 = VECTOR('',#4508,1.);
#4508 = DIRECTION('',(-6.528101343352E-02,-0.997866919627));
#4509 = ( GEOMETRIC_REPRESENTATION_CONTEXT(2) 
PARAMETRIC_REPRESENTATION_CONTEXT() REPRESENTATION_CONTEXT('2D SPACE',''
  ) );
#4510 = PCURVE('',#3492,#4511);
#4511 = DEFINITIONAL_REPRESENTATION('',(#4512),#4516);
#4512 = LINE('',#4513,#4514);
#4513 = CARTESIAN_POINT('',(0.,0.));
#4514 = VECTOR('',#4515,1.);
#4515 = DIRECTION('',(1.,0.));
#4516 = ( GEOMETRIC_REPRESENTATION_CONTEXT(2) 
PARAMETRIC_REPRESENTATION_CONTEXT() REPRESENTATION_CONTEXT('2D SPACE',''
  ) );
#4517 = FACE_BOUND('',#4518,.F.);
#4518 = EDGE_LOOP('',(#4519,#4542,#4563,#4584,#4605,#4626,#4647,#4668,
    #4689,#4710,#4731,#4752,#4773,#4794,#4815,#4836,#4857,#4878,#4899,
    #4920,#4941,#4962,#4983,#5004));
#4519 = ORIENTED_EDGE('',*,*,#4520,.T.);
#4520 = EDGE_CURVE('',#4521,#4523,#4525,.T.);
#4521 = VERTEX_POINT('',#4522);
#4522 = CARTESIAN_POINT('',(1.010825317547E+03,6.25,255.));
#4523 = VERTEX_POINT('',#4524);
#4524 = CARTESIAN_POINT('',(1.012074072829E+03,3.235238063782,255.));
#4525 = SURFACE_CURVE('',#4526,(#4530,#4536),.PCURVE_S1.);
#4526 = LINE('',#4527,#4528);
#4527 = CARTESIAN_POINT('',(1.006652431186E+03,16.324238847357,255.));
#4528 = VECTOR('',#4529,1.);
#4529 = DIRECTION('',(0.382683432365,-0.923879532511,0.));
#4530 = PCURVE('',#3421,#4531);
#4531 = DEFINITIONAL_REPRESENTATION('',(#4532),#4535);
#4532 = B_SPLINE_CURVE_WITH_KNOTS('',1,(#4533,#4534),.UNSPECIFIED.,.F.,
  .F.,(2,2),(10.904277552261,14.167432357763),.PIECEWISE_BEZIER_KNOTS.);
#4533 = CARTESIAN_POINT('',(10.825317547306,-22.65342990951));
#4534 = CARTESIAN_POINT('',(12.074072828614,-25.66819184573));
#4535 = ( GEOMETRIC_REPRESENTATION_CONTEXT(2) 
PARAMETRIC_REPRESENTATION_CONTEXT() REPRESENTATION_CONTEXT('2D SPACE',''
  ) );
#4536 = PCURVE('',#3671,#4537);
#4537 = DEFINITIONAL_REPRESENTATION('',(#4538),#4541);
#4538 = B_SPLINE_CURVE_WITH_KNOTS('',1,(#4539,#4540),.UNSPECIFIED.,.F.,
  .F.,(2,2),(10.904277552261,14.167432357763),.PIECEWISE_BEZIER_KNOTS.);
#4539 = CARTESIAN_POINT('',(3.263154805501,-1.));
#4540 = CARTESIAN_POINT('',(0.,-1.));
#4541 = ( GEOMETRIC_REPRESENTATION_CONTEXT(2) 
PARAMETRIC_REPRESENTATION_CONTEXT() REPRESENTATION_CONTEXT('2D SPACE',''
  ) );
#4542 = ORIENTED_EDGE('',*,*,#4543,.T.);
#4543 = EDGE_CURVE('',#4523,#4544,#4546,.T.);
#4544 = VERTEX_POINT('',#4545);
#4545 = CARTESIAN_POINT('',(1.0125E+03,0.,255.));
#4546 = SURFACE_CURVE('',#4547,(#4551,#4557),.PCURVE_S1.);
#4547 = LINE('',#4548,#4549);
#4548 = CARTESIAN_POINT('',(1.010523328675E+03,15.014309347808,255.));
#4549 = VECTOR('',#4550,1.);
#4550 = DIRECTION('',(0.13052619222,-0.991444861374,0.));
#4551 = PCURVE('',#3421,#4552);
#4552 = DEFINITIONAL_REPRESENTATION('',(#4553),#4556);
#4553 = B_SPLINE_CURVE_WITH_KNOTS('',1,(#4554,#4555),.UNSPECIFIED.,.F.,
  .F.,(2,2),(11.880712425807,15.143867231308),.PIECEWISE_BEZIER_KNOTS.);
#4554 = CARTESIAN_POINT('',(12.074072828613,-25.66819184573));
#4555 = CARTESIAN_POINT('',(12.5,-28.90342990951));
#4556 = ( GEOMETRIC_REPRESENTATION_CONTEXT(2) 
PARAMETRIC_REPRESENTATION_CONTEXT() REPRESENTATION_CONTEXT('2D SPACE',''
  ) );
#4557 = PCURVE('',#3697,#4558);
#4558 = DEFINITIONAL_REPRESENTATION('',(#4559),#4562);
#4559 = B_SPLINE_CURVE_WITH_KNOTS('',1,(#4560,#4561),.UNSPECIFIED.,.F.,
  .F.,(2,2),(11.880712425807,15.143867231308),.PIECEWISE_BEZIER_KNOTS.);
#4560 = CARTESIAN_POINT('',(3.263154805501,-1.));
#4561 = CARTESIAN_POINT('',(0.,-1.));
#4562 = ( GEOMETRIC_REPRESENTATION_CONTEXT(2) 
PARAMETRIC_REPRESENTATION_CONTEXT() REPRESENTATION_CONTEXT('2D SPACE',''
  ) );
#4563 = ORIENTED_EDGE('',*,*,#4564,.T.);
#4564 = EDGE_CURVE('',#4544,#4565,#4567,.T.);
#4565 = VERTEX_POINT('',#4566);
#4566 = CARTESIAN_POINT('',(1.012074072829E+03,-3.235238063782,255.));
#4567 = SURFACE_CURVE('',#4568,(#4572,#4578),.PCURVE_S1.);
#4568 = LINE('',#4569,#4570);
#4569 = CARTESIAN_POINT('',(1.014050744154E+03,11.779071284026,255.));
#4570 = VECTOR('',#4571,1.);
#4571 = DIRECTION('',(-0.13052619222,-0.991444861374,0.));
#4572 = PCURVE('',#3421,#4573);
#4573 = DEFINITIONAL_REPRESENTATION('',(#4574),#4577);
#4574 = B_SPLINE_CURVE_WITH_KNOTS('',1,(#4575,#4576),.UNSPECIFIED.,.F.,
  .F.,(2,2),(11.880712425807,15.143867231308),.PIECEWISE_BEZIER_KNOTS.);
#4575 = CARTESIAN_POINT('',(12.5,-28.90342990951));
#4576 = CARTESIAN_POINT('',(12.074072828614,-32.13866797329));
#4577 = ( GEOMETRIC_REPRESENTATION_CONTEXT(2) 
PARAMETRIC_REPRESENTATION_CONTEXT() REPRESENTATION_CONTEXT('2D SPACE',''
  ) );
#4578 = PCURVE('',#3723,#4579);
#4579 = DEFINITIONAL_REPRESENTATION('',(#4580),#4583);
#4580 = B_SPLINE_CURVE_WITH_KNOTS('',1,(#4581,#4582),.UNSPECIFIED.,.F.,
  .F.,(2,2),(11.880712425807,15.143867231308),.PIECEWISE_BEZIER_KNOTS.);
#4581 = CARTESIAN_POINT('',(3.263154805501,-1.));
#4582 = CARTESIAN_POINT('',(0.,-1.));
#4583 = ( GEOMETRIC_REPRESENTATION_CONTEXT(2) 
PARAMETRIC_REPRESENTATION_CONTEXT() REPRESENTATION_CONTEXT('2D SPACE',''
  ) );
#4584 = ORIENTED_EDGE('',*,*,#4585,.T.);
#4585 = EDGE_CURVE('',#4565,#4586,#4588,.T.);
#4586 = VERTEX_POINT('',#4587);
#4587 = CARTESIAN_POINT('',(1.010825317547E+03,-6.25,255.));
#4588 = SURFACE_CURVE('',#4589,(#4593,#4599),.PCURVE_S1.);
#4589 = LINE('',#4590,#4591);
#4590 = CARTESIAN_POINT('',(1.01624695919E+03,6.839000783575,255.));
#4591 = VECTOR('',#4592,1.);
#4592 = DIRECTION('',(-0.382683432365,-0.923879532511,0.));
#4593 = PCURVE('',#3421,#4594);
#4594 = DEFINITIONAL_REPRESENTATION('',(#4595),#4598);
#4595 = B_SPLINE_CURVE_WITH_KNOTS('',1,(#4596,#4597),.UNSPECIFIED.,.F.,
  .F.,(2,2),(10.904277552261,14.167432357763),.PIECEWISE_BEZIER_KNOTS.);
#4596 = CARTESIAN_POINT('',(12.074072828614,-32.13866797329));
#4597 = CARTESIAN_POINT('',(10.825317547306,-35.15342990951));
#4598 = ( GEOMETRIC_REPRESENTATION_CONTEXT(2) 
PARAMETRIC_REPRESENTATION_CONTEXT() REPRESENTATION_CONTEXT('2D SPACE',''
  ) );
#4599 = PCURVE('',#3749,#4600);
#4600 = DEFINITIONAL_REPRESENTATION('',(#4601),#4604);
#4601 = B_SPLINE_CURVE_WITH_KNOTS('',1,(#4602,#4603),.UNSPECIFIED.,.F.,
  .F.,(2,2),(10.904277552261,14.167432357763),.PIECEWISE_BEZIER_KNOTS.);
#4602 = CARTESIAN_POINT('',(3.263154805501,-1.));
#4603 = CARTESIAN_POINT('',(0.,-1.));
#4604 = ( GEOMETRIC_REPRESENTATION_CONTEXT(2) 
PARAMETRIC_REPRESENTATION_CONTEXT() REPRESENTATION_CONTEXT('2D SPACE',''
  ) );
#4605 = ORIENTED_EDGE('',*,*,#4606,.T.);
#4606 = EDGE_CURVE('',#4586,#4607,#4609,.T.);
#4607 = VERTEX_POINT('',#4608);
#4608 = CARTESIAN_POINT('',(1.008838834765E+03,-8.838834764832,255.));
#4609 = SURFACE_CURVE('',#4610,(#4614,#4620),.PCURVE_S1.);
#4610 = LINE('',#4611,#4612);
#4611 = CARTESIAN_POINT('',(1.016315097815E+03,0.904420936096,255.));
#4612 = VECTOR('',#4613,1.);
#4613 = DIRECTION('',(-0.608761429009,-0.793353340291,0.));
#4614 = PCURVE('',#3421,#4615);
#4615 = DEFINITIONAL_REPRESENTATION('',(#4616),#4619);
#4616 = B_SPLINE_CURVE_WITH_KNOTS('',1,(#4617,#4618),.UNSPECIFIED.,.F.,
  .F.,(2,2),(9.017950228167,12.281105033668),.PIECEWISE_BEZIER_KNOTS.);
#4617 = CARTESIAN_POINT('',(10.825317547306,-35.15342990951));
#4618 = CARTESIAN_POINT('',(8.838834764832,-37.74226467434));
#4619 = ( GEOMETRIC_REPRESENTATION_CONTEXT(2) 
PARAMETRIC_REPRESENTATION_CONTEXT() REPRESENTATION_CONTEXT('2D SPACE',''
  ) );
#4620 = PCURVE('',#3775,#4621);
#4621 = DEFINITIONAL_REPRESENTATION('',(#4622),#4625);
#4622 = B_SPLINE_CURVE_WITH_KNOTS('',1,(#4623,#4624),.UNSPECIFIED.,.F.,
  .F.,(2,2),(9.017950228167,12.281105033668),.PIECEWISE_BEZIER_KNOTS.);
#4623 = CARTESIAN_POINT('',(3.263154805501,-1.));
#4624 = CARTESIAN_POINT('',(0.,-1.));
#4625 = ( GEOMETRIC_REPRESENTATION_CONTEXT(2) 
PARAMETRIC_REPRESENTATION_CONTEXT() REPRESENTATION_CONTEXT('2D SPACE',''
  ) );
#4626 = ORIENTED_EDGE('',*,*,#4627,.T.);
#4627 = EDGE_CURVE('',#4607,#4628,#4630,.T.);
#4628 = VERTEX_POINT('',#4629);
#4629 = CARTESIAN_POINT('',(1.00625E+03,-10.8253175473,255.));
#4630 = SURFACE_CURVE('',#4631,(#4635,#4641),.PCURVE_S1.);
#4631 = LINE('',#4632,#4633);
#4632 = CARTESIAN_POINT('',(1.013876851046E+03,-4.973028906651,255.));
#4633 = VECTOR('',#4634,1.);
#4634 = DIRECTION('',(-0.793353340291,-0.608761429009,0.));
#4635 = PCURVE('',#3421,#4636);
#4636 = DEFINITIONAL_REPRESENTATION('',(#4637),#4640);
#4637 = B_SPLINE_CURVE_WITH_KNOTS('',1,(#4638,#4639),.UNSPECIFIED.,.F.,
  .F.,(2,2),(6.350280543358,9.61343534886),.PIECEWISE_BEZIER_KNOTS.);
#4638 = CARTESIAN_POINT('',(8.838834764832,-37.74226467434));
#4639 = CARTESIAN_POINT('',(6.25,-39.72874745681));
#4640 = ( GEOMETRIC_REPRESENTATION_CONTEXT(2) 
PARAMETRIC_REPRESENTATION_CONTEXT() REPRESENTATION_CONTEXT('2D SPACE',''
  ) );
#4641 = PCURVE('',#3801,#4642);
#4642 = DEFINITIONAL_REPRESENTATION('',(#4643),#4646);
#4643 = B_SPLINE_CURVE_WITH_KNOTS('',1,(#4644,#4645),.UNSPECIFIED.,.F.,
  .F.,(2,2),(6.350280543358,9.61343534886),.PIECEWISE_BEZIER_KNOTS.);
#4644 = CARTESIAN_POINT('',(3.263154805501,-1.));
#4645 = CARTESIAN_POINT('',(0.,-1.));
#4646 = ( GEOMETRIC_REPRESENTATION_CONTEXT(2) 
PARAMETRIC_REPRESENTATION_CONTEXT() REPRESENTATION_CONTEXT('2D SPACE',''
  ) );
#4647 = ORIENTED_EDGE('',*,*,#4648,.T.);
#4648 = EDGE_CURVE('',#4628,#4649,#4651,.T.);
#4649 = VERTEX_POINT('',#4650);
#4650 = CARTESIAN_POINT('',(1.003235238064E+03,-12.07407282861,255.));
#4651 = SURFACE_CURVE('',#4652,(#4656,#4662),.PCURVE_S1.);
#4652 = LINE('',#4653,#4654);
#4653 = CARTESIAN_POINT('',(1.00909838137E+03,-9.64547935305,255.));
#4654 = VECTOR('',#4655,1.);
#4655 = DIRECTION('',(-0.923879532511,-0.382683432365,0.));
#4656 = PCURVE('',#3421,#4657);
#4657 = DEFINITIONAL_REPRESENTATION('',(#4658),#4661);
#4658 = B_SPLINE_CURVE_WITH_KNOTS('',1,(#4659,#4660),.UNSPECIFIED.,.F.,
  .F.,(2,2),(3.083065778322,6.346220583823),.PIECEWISE_BEZIER_KNOTS.);
#4659 = CARTESIAN_POINT('',(6.25,-39.72874745681));
#4660 = CARTESIAN_POINT('',(3.235238063782,-40.97750273812));
#4661 = ( GEOMETRIC_REPRESENTATION_CONTEXT(2) 
PARAMETRIC_REPRESENTATION_CONTEXT() REPRESENTATION_CONTEXT('2D SPACE',''
  ) );
#4662 = PCURVE('',#3827,#4663);
#4663 = DEFINITIONAL_REPRESENTATION('',(#4664),#4667);
#4664 = B_SPLINE_CURVE_WITH_KNOTS('',1,(#4665,#4666),.UNSPECIFIED.,.F.,
  .F.,(2,2),(3.083065778322,6.346220583823),.PIECEWISE_BEZIER_KNOTS.);
#4665 = CARTESIAN_POINT('',(3.263154805501,-1.));
#4666 = CARTESIAN_POINT('',(0.,-1.));
#4667 = ( GEOMETRIC_REPRESENTATION_CONTEXT(2) 
PARAMETRIC_REPRESENTATION_CONTEXT() REPRESENTATION_CONTEXT('2D SPACE',''
  ) );
#4668 = ORIENTED_EDGE('',*,*,#4669,.T.);
#4669 = EDGE_CURVE('',#4649,#4670,#4672,.T.);
#4670 = VERTEX_POINT('',#4671);
#4671 = CARTESIAN_POINT('',(1.E+03,-12.5,255.));
#4672 = SURFACE_CURVE('',#4673,(#4677,#4683),.PCURVE_S1.);
#4673 = LINE('',#4674,#4675);
#4674 = CARTESIAN_POINT('',(1.002678999048E+03,-12.14730308425,255.));
#4675 = VECTOR('',#4676,1.);
#4676 = DIRECTION('',(-0.991444861374,-0.13052619222,0.));
#4677 = PCURVE('',#3421,#4678);
#4678 = DEFINITIONAL_REPRESENTATION('',(#4679),#4682);
#4679 = B_SPLINE_CURVE_WITH_KNOTS('',1,(#4680,#4681),.UNSPECIFIED.,.F.,
  .F.,(2,2),(-0.561038780032,2.702116025469),.PIECEWISE_BEZIER_KNOTS.);
#4680 = CARTESIAN_POINT('',(3.235238063782,-40.97750273812));
#4681 = CARTESIAN_POINT('',(2.282618538629E-13,-41.40342990951));
#4682 = ( GEOMETRIC_REPRESENTATION_CONTEXT(2) 
PARAMETRIC_REPRESENTATION_CONTEXT() REPRESENTATION_CONTEXT('2D SPACE',''
  ) );
#4683 = PCURVE('',#3853,#4684);
#4684 = DEFINITIONAL_REPRESENTATION('',(#4685),#4688);
#4685 = B_SPLINE_CURVE_WITH_KNOTS('',1,(#4686,#4687),.UNSPECIFIED.,.F.,
  .F.,(2,2),(-0.561038780032,2.702116025469),.PIECEWISE_BEZIER_KNOTS.);
#4686 = CARTESIAN_POINT('',(3.263154805501,-1.));
#4687 = CARTESIAN_POINT('',(0.,-1.));
#4688 = ( GEOMETRIC_REPRESENTATION_CONTEXT(2) 
PARAMETRIC_REPRESENTATION_CONTEXT() REPRESENTATION_CONTEXT('2D SPACE',''
  ) );
#4689 = ORIENTED_EDGE('',*,*,#4690,.T.);
#4690 = EDGE_CURVE('',#4670,#4691,#4693,.T.);
#4691 = VERTEX_POINT('',#4692);
#4692 = CARTESIAN_POINT('',(996.76476193621,-12.07407282861,255.));
#4693 = SURFACE_CURVE('',#4694,(#4698,#4704),.PCURVE_S1.);
#4694 = LINE('',#4695,#4696);
#4695 = CARTESIAN_POINT('',(995.70338191982,-11.93433949856,255.));
#4696 = VECTOR('',#4697,1.);
#4697 = DIRECTION('',(-0.991444861374,0.13052619222,0.));
#4698 = PCURVE('',#3421,#4699);
#4699 = DEFINITIONAL_REPRESENTATION('',(#4700),#4703);
#4700 = B_SPLINE_CURVE_WITH_KNOTS('',1,(#4701,#4702),.UNSPECIFIED.,.F.,
  .F.,(2,2),(-4.33369342822,-1.070538622719),.PIECEWISE_BEZIER_KNOTS.);
#4701 = CARTESIAN_POINT('',(2.264854970235E-13,-41.40342990951));
#4702 = CARTESIAN_POINT('',(-3.235238063781,-40.97750273812));
#4703 = ( GEOMETRIC_REPRESENTATION_CONTEXT(2) 
PARAMETRIC_REPRESENTATION_CONTEXT() REPRESENTATION_CONTEXT('2D SPACE',''
  ) );
#4704 = PCURVE('',#3879,#4705);
#4705 = DEFINITIONAL_REPRESENTATION('',(#4706),#4709);
#4706 = B_SPLINE_CURVE_WITH_KNOTS('',1,(#4707,#4708),.UNSPECIFIED.,.F.,
  .F.,(2,2),(-4.33369342822,-1.070538622719),.PIECEWISE_BEZIER_KNOTS.);
#4707 = CARTESIAN_POINT('',(3.263154805501,-1.));
#4708 = CARTESIAN_POINT('',(0.,-1.));
#4709 = ( GEOMETRIC_REPRESENTATION_CONTEXT(2) 
PARAMETRIC_REPRESENTATION_CONTEXT() REPRESENTATION_CONTEXT('2D SPACE',''
  ) );
#4710 = ORIENTED_EDGE('',*,*,#4711,.T.);
#4711 = EDGE_CURVE('',#4691,#4712,#4714,.T.);
#4712 = VERTEX_POINT('',#4713);
#4713 = CARTESIAN_POINT('',(993.75,-10.8253175473,255.));
#4714 = SURFACE_CURVE('',#4715,(#4719,#4725),.PCURVE_S1.);
#4715 = LINE('',#4716,#4717);
#4716 = CARTESIAN_POINT('',(989.39423766191,-9.021101712396,255.));
#4717 = VECTOR('',#4718,1.);
#4718 = DIRECTION('',(-0.923879532511,0.382683432365,0.));
#4719 = PCURVE('',#3421,#4720);
#4720 = DEFINITIONAL_REPRESENTATION('',(#4721),#4724);
#4721 = B_SPLINE_CURVE_WITH_KNOTS('',1,(#4722,#4723),.UNSPECIFIED.,.F.,
  .F.,(2,2),(-7.977797986574,-4.714643181073),.PIECEWISE_BEZIER_KNOTS.);
#4722 = CARTESIAN_POINT('',(-3.235238063781,-40.97750273812));
#4723 = CARTESIAN_POINT('',(-6.25,-39.72874745681));
#4724 = ( GEOMETRIC_REPRESENTATION_CONTEXT(2) 
PARAMETRIC_REPRESENTATION_CONTEXT() REPRESENTATION_CONTEXT('2D SPACE',''
  ) );
#4725 = PCURVE('',#3905,#4726);
#4726 = DEFINITIONAL_REPRESENTATION('',(#4727),#4730);
#4727 = B_SPLINE_CURVE_WITH_KNOTS('',1,(#4728,#4729),.UNSPECIFIED.,.F.,
  .F.,(2,2),(-7.977797986574,-4.714643181073),.PIECEWISE_BEZIER_KNOTS.);
#4728 = CARTESIAN_POINT('',(3.263154805501,-1.));
#4729 = CARTESIAN_POINT('',(0.,-1.));
#4730 = ( GEOMETRIC_REPRESENTATION_CONTEXT(2) 
PARAMETRIC_REPRESENTATION_CONTEXT() REPRESENTATION_CONTEXT('2D SPACE',''
  ) );
#4731 = ORIENTED_EDGE('',*,*,#4732,.T.);
#4732 = EDGE_CURVE('',#4712,#4733,#4735,.T.);
#4733 = VERTEX_POINT('',#4734);
#4734 = CARTESIAN_POINT('',(991.16116523516,-8.838834764832,255.));
#4735 = SURFACE_CURVE('',#4736,(#4740,#4746),.PCURVE_S1.);
#4736 = LINE('',#4737,#4738);
#4737 = CARTESIAN_POINT('',(984.82873157189,-3.979787515414,255.));
#4738 = VECTOR('',#4739,1.);
#4739 = DIRECTION('',(-0.793353340291,0.608761429009,0.));
#4740 = PCURVE('',#3421,#4741);
#4741 = DEFINITIONAL_REPRESENTATION('',(#4742),#4745);
#4742 = B_SPLINE_CURVE_WITH_KNOTS('',1,(#4743,#4744),.UNSPECIFIED.,.F.,
  .F.,(2,2),(-11.24501275161,-7.981857946109),.PIECEWISE_BEZIER_KNOTS.);
#4743 = CARTESIAN_POINT('',(-6.25,-39.72874745681));
#4744 = CARTESIAN_POINT('',(-8.838834764832,-37.74226467434));
#4745 = ( GEOMETRIC_REPRESENTATION_CONTEXT(2) 
PARAMETRIC_REPRESENTATION_CONTEXT() REPRESENTATION_CONTEXT('2D SPACE',''
  ) );
#4746 = PCURVE('',#3931,#4747);
#4747 = DEFINITIONAL_REPRESENTATION('',(#4748),#4751);
#4748 = B_SPLINE_CURVE_WITH_KNOTS('',1,(#4749,#4750),.UNSPECIFIED.,.F.,
  .F.,(2,2),(-11.24501275161,-7.981857946109),.PIECEWISE_BEZIER_KNOTS.);
#4749 = CARTESIAN_POINT('',(3.263154805501,-1.));
#4750 = CARTESIAN_POINT('',(0.,-1.));
#4751 = ( GEOMETRIC_REPRESENTATION_CONTEXT(2) 
PARAMETRIC_REPRESENTATION_CONTEXT() REPRESENTATION_CONTEXT('2D SPACE',''
  ) );
#4752 = ORIENTED_EDGE('',*,*,#4753,.T.);
#4753 = EDGE_CURVE('',#4733,#4754,#4756,.T.);
#4754 = VERTEX_POINT('',#4755);
#4755 = CARTESIAN_POINT('',(989.17468245269,-6.25,255.));
#4756 = SURFACE_CURVE('',#4757,(#4761,#4767),.PCURVE_S1.);
#4757 = LINE('',#4758,#4759);
#4758 = CARTESIAN_POINT('',(982.69166079382,2.198838318512,255.));
#4759 = VECTOR('',#4760,1.);
#4760 = DIRECTION('',(-0.608761429009,0.793353340291,0.));
#4761 = PCURVE('',#3421,#4762);
#4762 = DEFINITIONAL_REPRESENTATION('',(#4763),#4766);
#4763 = B_SPLINE_CURVE_WITH_KNOTS('',1,(#4764,#4765),.UNSPECIFIED.,.F.,
  .F.,(2,2),(-13.91268243641,-10.64952763091),.PIECEWISE_BEZIER_KNOTS.);
#4764 = CARTESIAN_POINT('',(-8.838834764832,-37.74226467434));
#4765 = CARTESIAN_POINT('',(-10.8253175473,-35.15342990951));
#4766 = ( GEOMETRIC_REPRESENTATION_CONTEXT(2) 
PARAMETRIC_REPRESENTATION_CONTEXT() REPRESENTATION_CONTEXT('2D SPACE',''
  ) );
#4767 = PCURVE('',#3957,#4768);
#4768 = DEFINITIONAL_REPRESENTATION('',(#4769),#4772);
#4769 = B_SPLINE_CURVE_WITH_KNOTS('',1,(#4770,#4771),.UNSPECIFIED.,.F.,
  .F.,(2,2),(-13.91268243641,-10.64952763091),.PIECEWISE_BEZIER_KNOTS.);
#4770 = CARTESIAN_POINT('',(3.263154805501,-1.));
#4771 = CARTESIAN_POINT('',(0.,-1.));
#4772 = ( GEOMETRIC_REPRESENTATION_CONTEXT(2) 
PARAMETRIC_REPRESENTATION_CONTEXT() REPRESENTATION_CONTEXT('2D SPACE',''
  ) );
#4773 = ORIENTED_EDGE('',*,*,#4774,.T.);
#4774 = EDGE_CURVE('',#4754,#4775,#4777,.T.);
#4775 = VERTEX_POINT('',#4776);
#4776 = CARTESIAN_POINT('',(987.92592717138,-3.235238063782,255.));
#4777 = SURFACE_CURVE('',#4778,(#4782,#4788),.PCURVE_S1.);
#4778 = LINE('',#4779,#4780);
#4779 = CARTESIAN_POINT('',(983.12866316957,8.346381751685,255.));
#4780 = VECTOR('',#4781,1.);
#4781 = DIRECTION('',(-0.382683432365,0.923879532511,0.));
#4782 = PCURVE('',#3421,#4783);
#4783 = DEFINITIONAL_REPRESENTATION('',(#4784),#4787);
#4784 = B_SPLINE_CURVE_WITH_KNOTS('',1,(#4785,#4786),.UNSPECIFIED.,.F.,
  .F.,(2,2),(-15.79900976051,-12.53585495501),.PIECEWISE_BEZIER_KNOTS.);
#4785 = CARTESIAN_POINT('',(-10.8253175473,-35.15342990951));
#4786 = CARTESIAN_POINT('',(-12.07407282861,-32.13866797329));
#4787 = ( GEOMETRIC_REPRESENTATION_CONTEXT(2) 
PARAMETRIC_REPRESENTATION_CONTEXT() REPRESENTATION_CONTEXT('2D SPACE',''
  ) );
#4788 = PCURVE('',#3983,#4789);
#4789 = DEFINITIONAL_REPRESENTATION('',(#4790),#4793);
#4790 = B_SPLINE_CURVE_WITH_KNOTS('',1,(#4791,#4792),.UNSPECIFIED.,.F.,
  .F.,(2,2),(-15.79900976051,-12.53585495501),.PIECEWISE_BEZIER_KNOTS.);
#4791 = CARTESIAN_POINT('',(3.263154805501,-1.));
#4792 = CARTESIAN_POINT('',(0.,-1.));
#4793 = ( GEOMETRIC_REPRESENTATION_CONTEXT(2) 
PARAMETRIC_REPRESENTATION_CONTEXT() REPRESENTATION_CONTEXT('2D SPACE',''
  ) );
#4794 = ORIENTED_EDGE('',*,*,#4795,.T.);
#4795 = EDGE_CURVE('',#4775,#4796,#4798,.T.);
#4796 = VERTEX_POINT('',#4797);
#4797 = CARTESIAN_POINT('',(987.5,1.530808498934E-15,255.));
#4798 = SURFACE_CURVE('',#4799,(#4803,#4809),.PCURVE_S1.);
#4799 = LINE('',#4800,#4801);
#4800 = CARTESIAN_POINT('',(985.7362922605,13.396690315917,255.));
#4801 = VECTOR('',#4802,1.);
#4802 = DIRECTION('',(-0.13052619222,0.991444861374,0.));
#4803 = PCURVE('',#3421,#4804);
#4804 = DEFINITIONAL_REPRESENTATION('',(#4805),#4808);
#4805 = B_SPLINE_CURVE_WITH_KNOTS('',1,(#4806,#4807),.UNSPECIFIED.,.F.,
  .F.,(2,2),(-16.77544463405,-13.51228982855),.PIECEWISE_BEZIER_KNOTS.);
#4806 = CARTESIAN_POINT('',(-12.07407282861,-32.13866797329));
#4807 = CARTESIAN_POINT('',(-12.5,-28.90342990951));
#4808 = ( GEOMETRIC_REPRESENTATION_CONTEXT(2) 
PARAMETRIC_REPRESENTATION_CONTEXT() REPRESENTATION_CONTEXT('2D SPACE',''
  ) );
#4809 = PCURVE('',#4009,#4810);
#4810 = DEFINITIONAL_REPRESENTATION('',(#4811),#4814);
#4811 = B_SPLINE_CURVE_WITH_KNOTS('',1,(#4812,#4813),.UNSPECIFIED.,.F.,
  .F.,(2,2),(-16.77544463405,-13.51228982855),.PIECEWISE_BEZIER_KNOTS.);
#4812 = CARTESIAN_POINT('',(3.263154805501,-1.));
#4813 = CARTESIAN_POINT('',(0.,-1.));
#4814 = ( GEOMETRIC_REPRESENTATION_CONTEXT(2) 
PARAMETRIC_REPRESENTATION_CONTEXT() REPRESENTATION_CONTEXT('2D SPACE',''
  ) );
#4815 = ORIENTED_EDGE('',*,*,#4816,.T.);
#4816 = EDGE_CURVE('',#4796,#4817,#4819,.T.);
#4817 = VERTEX_POINT('',#4818);
#4818 = CARTESIAN_POINT('',(987.92592717138,3.235238063782,255.));
#4819 = SURFACE_CURVE('',#4820,(#4824,#4830),.PCURVE_S1.);
#4820 = LINE('',#4821,#4822);
#4821 = CARTESIAN_POINT('',(989.68963491088,16.631928379698,255.));
#4822 = VECTOR('',#4823,1.);
#4823 = DIRECTION('',(0.13052619222,0.991444861374,-0.));
#4824 = PCURVE('',#3421,#4825);
#4825 = DEFINITIONAL_REPRESENTATION('',(#4826),#4829);
#4826 = B_SPLINE_CURVE_WITH_KNOTS('',1,(#4827,#4828),.UNSPECIFIED.,.F.,
  .F.,(2,2),(-16.77544463405,-13.51228982855),.PIECEWISE_BEZIER_KNOTS.);
#4827 = CARTESIAN_POINT('',(-12.5,-28.90342990951));
#4828 = CARTESIAN_POINT('',(-12.07407282861,-25.66819184573));
#4829 = ( GEOMETRIC_REPRESENTATION_CONTEXT(2) 
PARAMETRIC_REPRESENTATION_CONTEXT() REPRESENTATION_CONTEXT('2D SPACE',''
  ) );
#4830 = PCURVE('',#4035,#4831);
#4831 = DEFINITIONAL_REPRESENTATION('',(#4832),#4835);
#4832 = B_SPLINE_CURVE_WITH_KNOTS('',1,(#4833,#4834),.UNSPECIFIED.,.F.,
  .F.,(2,2),(-16.77544463405,-13.51228982855),.PIECEWISE_BEZIER_KNOTS.);
#4833 = CARTESIAN_POINT('',(3.263154805501,-1.));
#4834 = CARTESIAN_POINT('',(0.,-1.));
#4835 = ( GEOMETRIC_REPRESENTATION_CONTEXT(2) 
PARAMETRIC_REPRESENTATION_CONTEXT() REPRESENTATION_CONTEXT('2D SPACE',''
  ) );
#4836 = ORIENTED_EDGE('',*,*,#4837,.T.);
#4837 = EDGE_CURVE('',#4817,#4838,#4840,.T.);
#4838 = VERTEX_POINT('',#4839);
#4839 = CARTESIAN_POINT('',(989.17468245269,6.25,255.));
#4840 = SURFACE_CURVE('',#4841,(#4845,#4851),.PCURVE_S1.);
#4841 = LINE('',#4842,#4843);
#4842 = CARTESIAN_POINT('',(993.9719464545,17.831619815466,255.));
#4843 = VECTOR('',#4844,1.);
#4844 = DIRECTION('',(0.382683432365,0.923879532511,-0.));
#4845 = PCURVE('',#3421,#4846);
#4846 = DEFINITIONAL_REPRESENTATION('',(#4847),#4850);
#4847 = B_SPLINE_CURVE_WITH_KNOTS('',1,(#4848,#4849),.UNSPECIFIED.,.F.,
  .F.,(2,2),(-15.79900976051,-12.53585495501),.PIECEWISE_BEZIER_KNOTS.);
#4848 = CARTESIAN_POINT('',(-12.07407282861,-25.66819184573));
#4849 = CARTESIAN_POINT('',(-10.8253175473,-22.65342990951));
#4850 = ( GEOMETRIC_REPRESENTATION_CONTEXT(2) 
PARAMETRIC_REPRESENTATION_CONTEXT() REPRESENTATION_CONTEXT('2D SPACE',''
  ) );
#4851 = PCURVE('',#4061,#4852);
#4852 = DEFINITIONAL_REPRESENTATION('',(#4853),#4856);
#4853 = B_SPLINE_CURVE_WITH_KNOTS('',1,(#4854,#4855),.UNSPECIFIED.,.F.,
  .F.,(2,2),(-15.79900976051,-12.53585495501),.PIECEWISE_BEZIER_KNOTS.);
#4854 = CARTESIAN_POINT('',(3.263154805501,-1.));
#4855 = CARTESIAN_POINT('',(0.,-1.));
#4856 = ( GEOMETRIC_REPRESENTATION_CONTEXT(2) 
PARAMETRIC_REPRESENTATION_CONTEXT() REPRESENTATION_CONTEXT('2D SPACE',''
  ) );
#4857 = ORIENTED_EDGE('',*,*,#4858,.T.);
#4858 = EDGE_CURVE('',#4838,#4859,#4861,.T.);
#4859 = VERTEX_POINT('',#4860);
#4860 = CARTESIAN_POINT('',(991.16116523516,8.838834764832,255.));
#4861 = SURFACE_CURVE('',#4862,(#4866,#4872),.PCURVE_S1.);
#4862 = LINE('',#4863,#4864);
#4863 = CARTESIAN_POINT('',(997.64418689403,17.287673083344,255.));
#4864 = VECTOR('',#4865,1.);
#4865 = DIRECTION('',(0.608761429009,0.793353340291,-0.));
#4866 = PCURVE('',#3421,#4867);
#4867 = DEFINITIONAL_REPRESENTATION('',(#4868),#4871);
#4868 = B_SPLINE_CURVE_WITH_KNOTS('',1,(#4869,#4870),.UNSPECIFIED.,.F.,
  .F.,(2,2),(-13.91268243641,-10.64952763091),.PIECEWISE_BEZIER_KNOTS.);
#4869 = CARTESIAN_POINT('',(-10.8253175473,-22.65342990951));
#4870 = CARTESIAN_POINT('',(-8.838834764832,-20.06459514468));
#4871 = ( GEOMETRIC_REPRESENTATION_CONTEXT(2) 
PARAMETRIC_REPRESENTATION_CONTEXT() REPRESENTATION_CONTEXT('2D SPACE',''
  ) );
#4872 = PCURVE('',#4087,#4873);
#4873 = DEFINITIONAL_REPRESENTATION('',(#4874),#4877);
#4874 = B_SPLINE_CURVE_WITH_KNOTS('',1,(#4875,#4876),.UNSPECIFIED.,.F.,
  .F.,(2,2),(-13.91268243641,-10.64952763091),.PIECEWISE_BEZIER_KNOTS.);
#4875 = CARTESIAN_POINT('',(3.263154805501,-1.));
#4876 = CARTESIAN_POINT('',(0.,-1.));
#4877 = ( GEOMETRIC_REPRESENTATION_CONTEXT(2) 
PARAMETRIC_REPRESENTATION_CONTEXT() REPRESENTATION_CONTEXT('2D SPACE',''
  ) );
#4878 = ORIENTED_EDGE('',*,*,#4879,.T.);
#4879 = EDGE_CURVE('',#4859,#4880,#4882,.T.);
#4880 = VERTEX_POINT('',#4881);
#4881 = CARTESIAN_POINT('',(993.75,10.825317547305,255.));
#4882 = SURFACE_CURVE('',#4883,(#4887,#4893),.PCURVE_S1.);
#4883 = LINE('',#4884,#4885);
#4884 = CARTESIAN_POINT('',(1.000082433663E+03,15.684364796723,255.));
#4885 = VECTOR('',#4886,1.);
#4886 = DIRECTION('',(0.793353340291,0.608761429009,-0.));
#4887 = PCURVE('',#3421,#4888);
#4888 = DEFINITIONAL_REPRESENTATION('',(#4889),#4892);
#4889 = B_SPLINE_CURVE_WITH_KNOTS('',1,(#4890,#4891),.UNSPECIFIED.,.F.,
  .F.,(2,2),(-11.24501275161,-7.981857946109),.PIECEWISE_BEZIER_KNOTS.);
#4890 = CARTESIAN_POINT('',(-8.838834764832,-20.06459514468));
#4891 = CARTESIAN_POINT('',(-6.25,-18.0781123622));
#4892 = ( GEOMETRIC_REPRESENTATION_CONTEXT(2) 
PARAMETRIC_REPRESENTATION_CONTEXT() REPRESENTATION_CONTEXT('2D SPACE',''
  ) );
#4893 = PCURVE('',#4113,#4894);
#4894 = DEFINITIONAL_REPRESENTATION('',(#4895),#4898);
#4895 = B_SPLINE_CURVE_WITH_KNOTS('',1,(#4896,#4897),.UNSPECIFIED.,.F.,
  .F.,(2,2),(-11.24501275161,-7.981857946109),.PIECEWISE_BEZIER_KNOTS.);
#4896 = CARTESIAN_POINT('',(3.263154805501,-1.));
#4897 = CARTESIAN_POINT('',(0.,-1.));
#4898 = ( GEOMETRIC_REPRESENTATION_CONTEXT(2) 
PARAMETRIC_REPRESENTATION_CONTEXT() REPRESENTATION_CONTEXT('2D SPACE',''
  ) );
#4899 = ORIENTED_EDGE('',*,*,#4900,.T.);
#4900 = EDGE_CURVE('',#4880,#4901,#4903,.T.);
#4901 = VERTEX_POINT('',#4902);
#4902 = CARTESIAN_POINT('',(996.76476193621,12.074072828613,255.));
#4903 = SURFACE_CURVE('',#4904,(#4908,#4914),.PCURVE_S1.);
#4904 = LINE('',#4905,#4906);
#4905 = CARTESIAN_POINT('',(1.001120524274E+03,13.878288663523,255.));
#4906 = VECTOR('',#4907,1.);
#4907 = DIRECTION('',(0.923879532511,0.382683432365,-0.));
#4908 = PCURVE('',#3421,#4909);
#4909 = DEFINITIONAL_REPRESENTATION('',(#4910),#4913);
#4910 = B_SPLINE_CURVE_WITH_KNOTS('',1,(#4911,#4912),.UNSPECIFIED.,.F.,
  .F.,(2,2),(-7.977797986574,-4.714643181073),.PIECEWISE_BEZIER_KNOTS.);
#4911 = CARTESIAN_POINT('',(-6.25,-18.0781123622));
#4912 = CARTESIAN_POINT('',(-3.235238063781,-16.8293570809));
#4913 = ( GEOMETRIC_REPRESENTATION_CONTEXT(2) 
PARAMETRIC_REPRESENTATION_CONTEXT() REPRESENTATION_CONTEXT('2D SPACE',''
  ) );
#4914 = PCURVE('',#4139,#4915);
#4915 = DEFINITIONAL_REPRESENTATION('',(#4916),#4919);
#4916 = B_SPLINE_CURVE_WITH_KNOTS('',1,(#4917,#4918),.UNSPECIFIED.,.F.,
  .F.,(2,2),(-7.977797986574,-4.714643181073),.PIECEWISE_BEZIER_KNOTS.);
#4917 = CARTESIAN_POINT('',(3.263154805501,-1.));
#4918 = CARTESIAN_POINT('',(0.,-1.));
#4919 = ( GEOMETRIC_REPRESENTATION_CONTEXT(2) 
PARAMETRIC_REPRESENTATION_CONTEXT() REPRESENTATION_CONTEXT('2D SPACE',''
  ) );
#4920 = ORIENTED_EDGE('',*,*,#4921,.T.);
#4921 = EDGE_CURVE('',#4901,#4922,#4924,.T.);
#4922 = VERTEX_POINT('',#4923);
#4923 = CARTESIAN_POINT('',(1.E+03,12.5,255.));
#4924 = SURFACE_CURVE('',#4925,(#4929,#4935),.PCURVE_S1.);
#4925 = LINE('',#4926,#4927);
#4926 = CARTESIAN_POINT('',(1.001061380016E+03,12.639733330048,255.));
#4927 = VECTOR('',#4928,1.);
#4928 = DIRECTION('',(0.991444861374,0.13052619222,-0.));
#4929 = PCURVE('',#3421,#4930);
#4930 = DEFINITIONAL_REPRESENTATION('',(#4931),#4934);
#4931 = B_SPLINE_CURVE_WITH_KNOTS('',1,(#4932,#4933),.UNSPECIFIED.,.F.,
  .F.,(2,2),(-4.33369342822,-1.070538622719),.PIECEWISE_BEZIER_KNOTS.);
#4932 = CARTESIAN_POINT('',(-3.235238063781,-16.8293570809));
#4933 = CARTESIAN_POINT('',(2.262634524186E-13,-16.40342990951));
#4934 = ( GEOMETRIC_REPRESENTATION_CONTEXT(2) 
PARAMETRIC_REPRESENTATION_CONTEXT() REPRESENTATION_CONTEXT('2D SPACE',''
  ) );
#4935 = PCURVE('',#4165,#4936);
#4936 = DEFINITIONAL_REPRESENTATION('',(#4937),#4940);
#4937 = B_SPLINE_CURVE_WITH_KNOTS('',1,(#4938,#4939),.UNSPECIFIED.,.F.,
  .F.,(2,2),(-4.33369342822,-1.070538622719),.PIECEWISE_BEZIER_KNOTS.);
#4938 = CARTESIAN_POINT('',(3.263154805501,-1.));
#4939 = CARTESIAN_POINT('',(0.,-1.));
#4940 = ( GEOMETRIC_REPRESENTATION_CONTEXT(2) 
PARAMETRIC_REPRESENTATION_CONTEXT() REPRESENTATION_CONTEXT('2D SPACE',''
  ) );
#4941 = ORIENTED_EDGE('',*,*,#4942,.T.);
#4942 = EDGE_CURVE('',#4922,#4943,#4945,.T.);
#4943 = VERTEX_POINT('',#4944);
#4944 = CARTESIAN_POINT('',(1.003235238064E+03,12.074072828613,255.));
#4945 = SURFACE_CURVE('',#4946,(#4950,#4956),.PCURVE_S1.);
#4946 = LINE('',#4947,#4948);
#4947 = CARTESIAN_POINT('',(1.000556239015E+03,12.426769744355,255.));
#4948 = VECTOR('',#4949,1.);
#4949 = DIRECTION('',(0.991444861374,-0.13052619222,0.));
#4950 = PCURVE('',#3421,#4951);
#4951 = DEFINITIONAL_REPRESENTATION('',(#4952),#4955);
#4952 = B_SPLINE_CURVE_WITH_KNOTS('',1,(#4953,#4954),.UNSPECIFIED.,.F.,
  .F.,(2,2),(-0.561038780032,2.702116025469),.PIECEWISE_BEZIER_KNOTS.);
#4953 = CARTESIAN_POINT('',(2.258193632088E-13,-16.40342990951));
#4954 = CARTESIAN_POINT('',(3.235238063782,-16.8293570809));
#4955 = ( GEOMETRIC_REPRESENTATION_CONTEXT(2) 
PARAMETRIC_REPRESENTATION_CONTEXT() REPRESENTATION_CONTEXT('2D SPACE',''
  ) );
#4956 = PCURVE('',#4191,#4957);
#4957 = DEFINITIONAL_REPRESENTATION('',(#4958),#4961);
#4958 = B_SPLINE_CURVE_WITH_KNOTS('',1,(#4959,#4960),.UNSPECIFIED.,.F.,
  .F.,(2,2),(-0.561038780032,2.702116025469),.PIECEWISE_BEZIER_KNOTS.);
#4959 = CARTESIAN_POINT('',(3.263154805501,-1.));
#4960 = CARTESIAN_POINT('',(0.,-1.));
#4961 = ( GEOMETRIC_REPRESENTATION_CONTEXT(2) 
PARAMETRIC_REPRESENTATION_CONTEXT() REPRESENTATION_CONTEXT('2D SPACE',''
  ) );
#4962 = ORIENTED_EDGE('',*,*,#4963,.T.);
#4963 = EDGE_CURVE('',#4943,#4964,#4966,.T.);
#4964 = VERTEX_POINT('',#4965);
#4965 = CARTESIAN_POINT('',(1.00625E+03,10.825317547305,255.));
#4966 = SURFACE_CURVE('',#4967,(#4971,#4977),.PCURVE_S1.);
#4967 = LINE('',#4968,#4969);
#4968 = CARTESIAN_POINT('',(1.000386856694E+03,13.253911022869,255.));
#4969 = VECTOR('',#4970,1.);
#4970 = DIRECTION('',(0.923879532511,-0.382683432365,0.));
#4971 = PCURVE('',#3421,#4972);
#4972 = DEFINITIONAL_REPRESENTATION('',(#4973),#4976);
#4973 = B_SPLINE_CURVE_WITH_KNOTS('',1,(#4974,#4975),.UNSPECIFIED.,.F.,
  .F.,(2,2),(3.083065778322,6.346220583824),.PIECEWISE_BEZIER_KNOTS.);
#4974 = CARTESIAN_POINT('',(3.235238063782,-16.8293570809));
#4975 = CARTESIAN_POINT('',(6.25,-18.0781123622));
#4976 = ( GEOMETRIC_REPRESENTATION_CONTEXT(2) 
PARAMETRIC_REPRESENTATION_CONTEXT() REPRESENTATION_CONTEXT('2D SPACE',''
  ) );
#4977 = PCURVE('',#4217,#4978);
#4978 = DEFINITIONAL_REPRESENTATION('',(#4979),#4982);
#4979 = B_SPLINE_CURVE_WITH_KNOTS('',1,(#4980,#4981),.UNSPECIFIED.,.F.,
  .F.,(2,2),(3.083065778322,6.346220583824),.PIECEWISE_BEZIER_KNOTS.);
#4980 = CARTESIAN_POINT('',(3.263154805501,-1.));
#4981 = CARTESIAN_POINT('',(0.,-1.));
#4982 = ( GEOMETRIC_REPRESENTATION_CONTEXT(2) 
PARAMETRIC_REPRESENTATION_CONTEXT() REPRESENTATION_CONTEXT('2D SPACE',''
  ) );
#4983 = ORIENTED_EDGE('',*,*,#4984,.T.);
#4984 = EDGE_CURVE('',#4964,#4985,#4987,.T.);
#4985 = VERTEX_POINT('',#4986);
#4986 = CARTESIAN_POINT('',(1.008838834765E+03,8.838834764832,255.));
#4987 = SURFACE_CURVE('',#4988,(#4992,#4998),.PCURVE_S1.);
#4988 = LINE('',#4989,#4990);
#4989 = CARTESIAN_POINT('',(1.001211983719E+03,14.691123405487,255.));
#4990 = VECTOR('',#4991,1.);
#4991 = DIRECTION('',(0.793353340291,-0.608761429009,0.));
#4992 = PCURVE('',#3421,#4993);
#4993 = DEFINITIONAL_REPRESENTATION('',(#4994),#4997);
#4994 = B_SPLINE_CURVE_WITH_KNOTS('',1,(#4995,#4996),.UNSPECIFIED.,.F.,
  .F.,(2,2),(6.350280543359,9.61343534886),.PIECEWISE_BEZIER_KNOTS.);
#4995 = CARTESIAN_POINT('',(6.25,-18.0781123622));
#4996 = CARTESIAN_POINT('',(8.838834764832,-20.06459514468));
#4997 = ( GEOMETRIC_REPRESENTATION_CONTEXT(2) 
PARAMETRIC_REPRESENTATION_CONTEXT() REPRESENTATION_CONTEXT('2D SPACE',''
  ) );
#4998 = PCURVE('',#4243,#4999);
#4999 = DEFINITIONAL_REPRESENTATION('',(#5000),#5003);
#5000 = B_SPLINE_CURVE_WITH_KNOTS('',1,(#5001,#5002),.UNSPECIFIED.,.F.,
  .F.,(2,2),(6.350280543359,9.61343534886),.PIECEWISE_BEZIER_KNOTS.);
#5001 = CARTESIAN_POINT('',(3.263154805501,-1.));
#5002 = CARTESIAN_POINT('',(0.,-1.));
#5003 = ( GEOMETRIC_REPRESENTATION_CONTEXT(2) 
PARAMETRIC_REPRESENTATION_CONTEXT() REPRESENTATION_CONTEXT('2D SPACE',''
  ) );
#5004 = ORIENTED_EDGE('',*,*,#5005,.T.);
#5005 = EDGE_CURVE('',#4985,#4521,#5006,.T.);
#5006 = SURFACE_CURVE('',#5007,(#5011,#5017),.PCURVE_S1.);
#5007 = LINE('',#5008,#5009);
#5008 = CARTESIAN_POINT('',(1.003349054497E+03,15.993255700928,255.));
#5009 = VECTOR('',#5010,1.);
#5010 = DIRECTION('',(0.608761429009,-0.793353340291,0.));
#5011 = PCURVE('',#3421,#5012);
#5012 = DEFINITIONAL_REPRESENTATION('',(#5013),#5016);
#5013 = B_SPLINE_CURVE_WITH_KNOTS('',1,(#5014,#5015),.UNSPECIFIED.,.F.,
  .F.,(2,2),(9.017950228167,12.281105033669),.PIECEWISE_BEZIER_KNOTS.);
#5014 = CARTESIAN_POINT('',(8.838834764832,-20.06459514468));
#5015 = CARTESIAN_POINT('',(10.825317547306,-22.65342990951));
#5016 = ( GEOMETRIC_REPRESENTATION_CONTEXT(2) 
PARAMETRIC_REPRESENTATION_CONTEXT() REPRESENTATION_CONTEXT('2D SPACE',''
  ) );
#5017 = PCURVE('',#4267,#5018);
#5018 = DEFINITIONAL_REPRESENTATION('',(#5019),#5022);
#5019 = B_SPLINE_CURVE_WITH_KNOTS('',1,(#5020,#5021),.UNSPECIFIED.,.F.,
  .F.,(2,2),(9.017950228167,12.281105033669),.PIECEWISE_BEZIER_KNOTS.);
#5020 = CARTESIAN_POINT('',(3.263154805501,-1.));
#5021 = CARTESIAN_POINT('',(0.,-1.));
#5022 = ( GEOMETRIC_REPRESENTATION_CONTEXT(2) 
PARAMETRIC_REPRESENTATION_CONTEXT() REPRESENTATION_CONTEXT('2D SPACE',''
  ) );
#5023 = FACE_BOUND('',#5024,.F.);
#5024 = EDGE_LOOP('',(#5025,#5069));
#5025 = ORIENTED_EDGE('',*,*,#5026,.F.);
#5026 = EDGE_CURVE('',#5027,#5029,#5031,.T.);
#5027 = VERTEX_POINT('',#5028);
#5028 = CARTESIAN_POINT('',(1.003601209404E+03,66.872494471301,255.));
#5029 = VERTEX_POINT('',#5030);
#5030 = CARTESIAN_POINT('',(997.07758914707,73.769551008634,255.));
#5031 = SURFACE_CURVE('',#5032,(#5037,#5044),.PCURVE_S1.);
#5032 = ELLIPSE('',#5033,16.814724180339,5.);
#5033 = AXIS2_PLACEMENT_3D('',#5034,#5035,#5036);
#5034 = CARTESIAN_POINT('',(996.50099780012,66.690448816117,255.));
#5035 = DIRECTION('',(0.,0.,1.));
#5036 = DIRECTION('',(0.726501146558,0.687165252359,-0.));
#5037 = PCURVE('',#3421,#5038);
#5038 = DEFINITIONAL_REPRESENTATION('',(#5039),#5043);
#5039 = ELLIPSE('',#5040,16.814724180339,5.);
#5040 = AXIS2_PLACEMENT_2D('',#5041,#5042);
#5041 = CARTESIAN_POINT('',(-3.499002199876,37.787018906603));
#5042 = DIRECTION('',(0.726501146558,0.687165252359));
#5043 = ( GEOMETRIC_REPRESENTATION_CONTEXT(2) 
PARAMETRIC_REPRESENTATION_CONTEXT() REPRESENTATION_CONTEXT('2D SPACE',''
  ) );
#5044 = PCURVE('',#5045,#5050);
#5045 = CYLINDRICAL_SURFACE('',#5046,5.);
#5046 = AXIS2_PLACEMENT_3D('',#5047,#5048,#5049);
#5047 = CARTESIAN_POINT('',(1.E+03,70.,256.5));
#5048 = DIRECTION('',(0.693638536152,0.656081964907,0.297358431002));
#5049 = DIRECTION('',(-0.687165252359,0.726501146558,-2.775557561563E-17
    ));
#5050 = DEFINITIONAL_REPRESENTATION('',(#5051),#5068);
#5051 = B_SPLINE_CURVE_WITH_KNOTS('',8,(#5052,#5053,#5054,#5055,#5056,
    #5057,#5058,#5059,#5060,#5061,#5062,#5063,#5064,#5065,#5066,#5067),
  .UNSPECIFIED.,.F.,.F.,(9,7,9),(5.032016526794,6.28318530718,
    7.534354087566),.UNSPECIFIED.);
#5052 = CARTESIAN_POINT('',(3.461220199999,-2.40000008489E-06));
#5053 = CARTESIAN_POINT('',(3.617616297547,2.383634355623));
#5054 = CARTESIAN_POINT('',(3.774012395096,4.626259680923));
#5055 = CARTESIAN_POINT('',(3.930408492637,6.639029960519));
#5056 = CARTESIAN_POINT('',(4.086804590188,8.340463704495));
#5057 = CARTESIAN_POINT('',(4.243200687739,9.663378291705));
#5058 = CARTESIAN_POINT('',(4.399596785287,10.560931456925));
#5059 = CARTESIAN_POINT('',(4.555992882836,11.009708360857));
#5060 = CARTESIAN_POINT('',(4.868785077933,11.009708360857));
#5061 = CARTESIAN_POINT('',(5.025181175468,10.560931456918));
#5062 = CARTESIAN_POINT('',(5.181577273044,9.663378291734));
#5063 = CARTESIAN_POINT('',(5.33797337053,8.340463704473));
#5064 = CARTESIAN_POINT('',(5.494369468164,6.63902996053));
#5065 = CARTESIAN_POINT('',(5.650765565664,4.626259680913));
#5066 = CARTESIAN_POINT('',(5.807161663223,2.383634355623));
#5067 = CARTESIAN_POINT('',(5.963557760771,-2.40000008489E-06));
#5068 = ( GEOMETRIC_REPRESENTATION_CONTEXT(2) 
PARAMETRIC_REPRESENTATION_CONTEXT() REPRESENTATION_CONTEXT('2D SPACE',''
  ) );
#5069 = ORIENTED_EDGE('',*,*,#5070,.T.);
#5070 = EDGE_CURVE('',#5027,#5029,#5071,.T.);
#5071 = SURFACE_CURVE('',#5072,(#5076,#5082),.PCURVE_S1.);
#5072 = LINE('',#5073,#5074);
#5073 = CARTESIAN_POINT('',(1.010597644488E+03,59.475557427031,255.));
#5074 = VECTOR('',#5075,1.);
#5075 = DIRECTION('',(-0.687165252359,0.726501146558,0.));
#5076 = PCURVE('',#3421,#5077);
#5077 = DEFINITIONAL_REPRESENTATION('',(#5078),#5081);
#5078 = B_SPLINE_CURVE_WITH_KNOTS('',1,(#5079,#5080),.UNSPECIFIED.,.F.,
  .F.,(2,2),(9.928352645168,19.928352645168),.PIECEWISE_BEZIER_KNOTS.);
#5079 = CARTESIAN_POINT('',(3.77522553709,37.785087097664));
#5080 = CARTESIAN_POINT('',(-3.096426986503,45.050098563243));
#5081 = ( GEOMETRIC_REPRESENTATION_CONTEXT(2) 
PARAMETRIC_REPRESENTATION_CONTEXT() REPRESENTATION_CONTEXT('2D SPACE',''
  ) );
#5082 = PCURVE('',#5083,#5088);
#5083 = PLANE('',#5084);
#5084 = AXIS2_PLACEMENT_3D('',#5085,#5086,#5087);
#5085 = CARTESIAN_POINT('',(1.E+03,70.,256.5));
#5086 = DIRECTION('',(0.693638536152,0.656081964907,0.297358431002));
#5087 = DIRECTION('',(-0.687165252359,0.726501146558,-2.775557561563E-17
    ));
#5088 = DEFINITIONAL_REPRESENTATION('',(#5089),#5092);
#5089 = B_SPLINE_CURVE_WITH_KNOTS('',1,(#5090,#5091),.UNSPECIFIED.,.F.,
  .F.,(2,2),(9.928352645168,19.928352645168),.PIECEWISE_BEZIER_KNOTS.);
#5090 = CARTESIAN_POINT('',(-5.,-1.571065710798));
#5091 = CARTESIAN_POINT('',(5.,-1.571065710798));
#5092 = ( GEOMETRIC_REPRESENTATION_CONTEXT(2) 
PARAMETRIC_REPRESENTATION_CONTEXT() REPRESENTATION_CONTEXT('2D SPACE',''
  ) );
#5093 = ADVANCED_FACE('',(#5094),#3492,.F.);
#5094 = FACE_BOUND('',#5095,.F.);
#5095 = EDGE_LOOP('',(#5096,#5097,#5098,#5119));
#5096 = ORIENTED_EDGE('',*,*,#3478,.T.);
#5097 = ORIENTED_EDGE('',*,*,#3584,.T.);
#5098 = ORIENTED_EDGE('',*,*,#5099,.F.);
#5099 = EDGE_CURVE('',#4473,#3585,#5100,.T.);
#5100 = SURFACE_CURVE('',#5101,(#5105,#5112),.PCURVE_S1.);
#5101 = LINE('',#5102,#5103);
#5102 = CARTESIAN_POINT('',(978.,-22.,255.));
#5103 = VECTOR('',#5104,1.);
#5104 = DIRECTION('',(0.,0.,1.));
#5105 = PCURVE('',#3492,#5106);
#5106 = DEFINITIONAL_REPRESENTATION('',(#5107),#5111);
#5107 = LINE('',#5108,#5109);
#5108 = CARTESIAN_POINT('',(107.22872749408,0.));
#5109 = VECTOR('',#5110,1.);
#5110 = DIRECTION('',(0.,-1.));
#5111 = ( GEOMETRIC_REPRESENTATION_CONTEXT(2) 
PARAMETRIC_REPRESENTATION_CONTEXT() REPRESENTATION_CONTEXT('2D SPACE',''
  ) );
#5112 = PCURVE('',#3546,#5113);
#5113 = DEFINITIONAL_REPRESENTATION('',(#5114),#5118);
#5114 = LINE('',#5115,#5116);
#5115 = CARTESIAN_POINT('',(0.,0.));
#5116 = VECTOR('',#5117,1.);
#5117 = DIRECTION('',(0.,-1.));
#5118 = ( GEOMETRIC_REPRESENTATION_CONTEXT(2) 
PARAMETRIC_REPRESENTATION_CONTEXT() REPRESENTATION_CONTEXT('2D SPACE',''
  ) );
#5119 = ORIENTED_EDGE('',*,*,#4497,.F.);
#5120 = ADVANCED_FACE('',(#5121),#3546,.F.);
#5121 = FACE_BOUND('',#5122,.F.);
#5122 = EDGE_LOOP('',(#5123,#5124,#5125,#5126));
#5123 = ORIENTED_EDGE('',*,*,#5099,.T.);
#5124 = ORIENTED_EDGE('',*,*,#3607,.T.);
#5125 = ORIENTED_EDGE('',*,*,#3530,.F.);
#5126 = ORIENTED_EDGE('',*,*,#4472,.F.);
#5127 = ADVANCED_FACE('',(#5128),#3671,.T.);
#5128 = FACE_BOUND('',#5129,.T.);
#5129 = EDGE_LOOP('',(#5130,#5131,#5152,#5153));
#5130 = ORIENTED_EDGE('',*,*,#4520,.T.);
#5131 = ORIENTED_EDGE('',*,*,#5132,.T.);
#5132 = EDGE_CURVE('',#4523,#3657,#5133,.T.);
#5133 = SURFACE_CURVE('',#5134,(#5138,#5145),.PCURVE_S1.);
#5134 = LINE('',#5135,#5136);
#5135 = CARTESIAN_POINT('',(1.012074072829E+03,3.235238063782,254.));
#5136 = VECTOR('',#5137,1.);
#5137 = DIRECTION('',(0.,0.,1.));
#5138 = PCURVE('',#3671,#5139);
#5139 = DEFINITIONAL_REPRESENTATION('',(#5140),#5144);
#5140 = LINE('',#5141,#5142);
#5141 = CARTESIAN_POINT('',(0.,0.));
#5142 = VECTOR('',#5143,1.);
#5143 = DIRECTION('',(0.,-1.));
#5144 = ( GEOMETRIC_REPRESENTATION_CONTEXT(2) 
PARAMETRIC_REPRESENTATION_CONTEXT() REPRESENTATION_CONTEXT('2D SPACE',''
  ) );
#5145 = PCURVE('',#3697,#5146);
#5146 = DEFINITIONAL_REPRESENTATION('',(#5147),#5151);
#5147 = LINE('',#5148,#5149);
#5148 = CARTESIAN_POINT('',(3.263154805501,0.));
#5149 = VECTOR('',#5150,1.);
#5150 = DIRECTION('',(0.,-1.));
#5151 = ( GEOMETRIC_REPRESENTATION_CONTEXT(2) 
PARAMETRIC_REPRESENTATION_CONTEXT() REPRESENTATION_CONTEXT('2D SPACE',''
  ) );
#5152 = ORIENTED_EDGE('',*,*,#3654,.F.);
#5153 = ORIENTED_EDGE('',*,*,#5154,.F.);
#5154 = EDGE_CURVE('',#4521,#3655,#5155,.T.);
#5155 = SURFACE_CURVE('',#5156,(#5160,#5167),.PCURVE_S1.);
#5156 = LINE('',#5157,#5158);
#5157 = CARTESIAN_POINT('',(1.010825317547E+03,6.25,254.));
#5158 = VECTOR('',#5159,1.);
#5159 = DIRECTION('',(0.,0.,1.));
#5160 = PCURVE('',#3671,#5161);
#5161 = DEFINITIONAL_REPRESENTATION('',(#5162),#5166);
#5162 = LINE('',#5163,#5164);
#5163 = CARTESIAN_POINT('',(3.263154805501,0.));
#5164 = VECTOR('',#5165,1.);
#5165 = DIRECTION('',(0.,-1.));
#5166 = ( GEOMETRIC_REPRESENTATION_CONTEXT(2) 
PARAMETRIC_REPRESENTATION_CONTEXT() REPRESENTATION_CONTEXT('2D SPACE',''
  ) );
#5167 = PCURVE('',#4267,#5168);
#5168 = DEFINITIONAL_REPRESENTATION('',(#5169),#5173);
#5169 = LINE('',#5170,#5171);
#5170 = CARTESIAN_POINT('',(0.,0.));
#5171 = VECTOR('',#5172,1.);
#5172 = DIRECTION('',(0.,-1.));
#5173 = ( GEOMETRIC_REPRESENTATION_CONTEXT(2) 
PARAMETRIC_REPRESENTATION_CONTEXT() REPRESENTATION_CONTEXT('2D SPACE',''
  ) );
#5174 = ADVANCED_FACE('',(#5175),#4267,.T.);
#5175 = FACE_BOUND('',#5176,.T.);
#5176 = EDGE_LOOP('',(#5177,#5178,#5179,#5180));
#5177 = ORIENTED_EDGE('',*,*,#5005,.T.);
#5178 = ORIENTED_EDGE('',*,*,#5154,.T.);
#5179 = ORIENTED_EDGE('',*,*,#4254,.F.);
#5180 = ORIENTED_EDGE('',*,*,#5181,.F.);
#5181 = EDGE_CURVE('',#4985,#4229,#5182,.T.);
#5182 = SURFACE_CURVE('',#5183,(#5187,#5194),.PCURVE_S1.);
#5183 = LINE('',#5184,#5185);
#5184 = CARTESIAN_POINT('',(1.008838834765E+03,8.838834764832,254.));
#5185 = VECTOR('',#5186,1.);
#5186 = DIRECTION('',(0.,0.,1.));
#5187 = PCURVE('',#4267,#5188);
#5188 = DEFINITIONAL_REPRESENTATION('',(#5189),#5193);
#5189 = LINE('',#5190,#5191);
#5190 = CARTESIAN_POINT('',(3.263154805501,0.));
#5191 = VECTOR('',#5192,1.);
#5192 = DIRECTION('',(0.,-1.));
#5193 = ( GEOMETRIC_REPRESENTATION_CONTEXT(2) 
PARAMETRIC_REPRESENTATION_CONTEXT() REPRESENTATION_CONTEXT('2D SPACE',''
  ) );
#5194 = PCURVE('',#4243,#5195);
#5195 = DEFINITIONAL_REPRESENTATION('',(#5196),#5200);
#5196 = LINE('',#5197,#5198);
#5197 = CARTESIAN_POINT('',(0.,0.));
#5198 = VECTOR('',#5199,1.);
#5199 = DIRECTION('',(0.,-1.));
#5200 = ( GEOMETRIC_REPRESENTATION_CONTEXT(2) 
PARAMETRIC_REPRESENTATION_CONTEXT() REPRESENTATION_CONTEXT('2D SPACE',''
  ) );
#5201 = ADVANCED_FACE('',(#5202),#3697,.T.);
#5202 = FACE_BOUND('',#5203,.T.);
#5203 = EDGE_LOOP('',(#5204,#5205,#5226,#5227));
#5204 = ORIENTED_EDGE('',*,*,#4543,.T.);
#5205 = ORIENTED_EDGE('',*,*,#5206,.T.);
#5206 = EDGE_CURVE('',#4544,#3683,#5207,.T.);
#5207 = SURFACE_CURVE('',#5208,(#5212,#5219),.PCURVE_S1.);
#5208 = LINE('',#5209,#5210);
#5209 = CARTESIAN_POINT('',(1.0125E+03,0.,254.));
#5210 = VECTOR('',#5211,1.);
#5211 = DIRECTION('',(0.,0.,1.));
#5212 = PCURVE('',#3697,#5213);
#5213 = DEFINITIONAL_REPRESENTATION('',(#5214),#5218);
#5214 = LINE('',#5215,#5216);
#5215 = CARTESIAN_POINT('',(0.,0.));
#5216 = VECTOR('',#5217,1.);
#5217 = DIRECTION('',(0.,-1.));
#5218 = ( GEOMETRIC_REPRESENTATION_CONTEXT(2) 
PARAMETRIC_REPRESENTATION_CONTEXT() REPRESENTATION_CONTEXT('2D SPACE',''
  ) );
#5219 = PCURVE('',#3723,#5220);
#5220 = DEFINITIONAL_REPRESENTATION('',(#5221),#5225);
#5221 = LINE('',#5222,#5223);
#5222 = CARTESIAN_POINT('',(3.263154805501,0.));
#5223 = VECTOR('',#5224,1.);
#5224 = DIRECTION('',(0.,-1.));
#5225 = ( GEOMETRIC_REPRESENTATION_CONTEXT(2) 
PARAMETRIC_REPRESENTATION_CONTEXT() REPRESENTATION_CONTEXT('2D SPACE',''
  ) );
#5226 = ORIENTED_EDGE('',*,*,#3682,.F.);
#5227 = ORIENTED_EDGE('',*,*,#5132,.F.);
#5228 = ADVANCED_FACE('',(#5229),#4243,.T.);
#5229 = FACE_BOUND('',#5230,.T.);
#5230 = EDGE_LOOP('',(#5231,#5232,#5233,#5234));
#5231 = ORIENTED_EDGE('',*,*,#4984,.T.);
#5232 = ORIENTED_EDGE('',*,*,#5181,.T.);
#5233 = ORIENTED_EDGE('',*,*,#4228,.F.);
#5234 = ORIENTED_EDGE('',*,*,#5235,.F.);
#5235 = EDGE_CURVE('',#4964,#4203,#5236,.T.);
#5236 = SURFACE_CURVE('',#5237,(#5241,#5248),.PCURVE_S1.);
#5237 = LINE('',#5238,#5239);
#5238 = CARTESIAN_POINT('',(1.00625E+03,10.825317547305,254.));
#5239 = VECTOR('',#5240,1.);
#5240 = DIRECTION('',(0.,0.,1.));
#5241 = PCURVE('',#4243,#5242);
#5242 = DEFINITIONAL_REPRESENTATION('',(#5243),#5247);
#5243 = LINE('',#5244,#5245);
#5244 = CARTESIAN_POINT('',(3.263154805501,0.));
#5245 = VECTOR('',#5246,1.);
#5246 = DIRECTION('',(0.,-1.));
#5247 = ( GEOMETRIC_REPRESENTATION_CONTEXT(2) 
PARAMETRIC_REPRESENTATION_CONTEXT() REPRESENTATION_CONTEXT('2D SPACE',''
  ) );
#5248 = PCURVE('',#4217,#5249);
#5249 = DEFINITIONAL_REPRESENTATION('',(#5250),#5254);
#5250 = LINE('',#5251,#5252);
#5251 = CARTESIAN_POINT('',(0.,0.));
#5252 = VECTOR('',#5253,1.);
#5253 = DIRECTION('',(0.,-1.));
#5254 = ( GEOMETRIC_REPRESENTATION_CONTEXT(2) 
PARAMETRIC_REPRESENTATION_CONTEXT() REPRESENTATION_CONTEXT('2D SPACE',''
  ) );
#5255 = ADVANCED_FACE('',(#5256),#3723,.T.);
#5256 = FACE_BOUND('',#5257,.T.);
#5257 = EDGE_LOOP('',(#5258,#5259,#5280,#5281));
#5258 = ORIENTED_EDGE('',*,*,#4564,.T.);
#5259 = ORIENTED_EDGE('',*,*,#5260,.T.);
#5260 = EDGE_CURVE('',#4565,#3709,#5261,.T.);
#5261 = SURFACE_CURVE('',#5262,(#5266,#5273),.PCURVE_S1.);
#5262 = LINE('',#5263,#5264);
#5263 = CARTESIAN_POINT('',(1.012074072829E+03,-3.235238063782,254.));
#5264 = VECTOR('',#5265,1.);
#5265 = DIRECTION('',(0.,0.,1.));
#5266 = PCURVE('',#3723,#5267);
#5267 = DEFINITIONAL_REPRESENTATION('',(#5268),#5272);
#5268 = LINE('',#5269,#5270);
#5269 = CARTESIAN_POINT('',(0.,0.));
#5270 = VECTOR('',#5271,1.);
#5271 = DIRECTION('',(0.,-1.));
#5272 = ( GEOMETRIC_REPRESENTATION_CONTEXT(2) 
PARAMETRIC_REPRESENTATION_CONTEXT() REPRESENTATION_CONTEXT('2D SPACE',''
  ) );
#5273 = PCURVE('',#3749,#5274);
#5274 = DEFINITIONAL_REPRESENTATION('',(#5275),#5279);
#5275 = LINE('',#5276,#5277);
#5276 = CARTESIAN_POINT('',(3.263154805501,0.));
#5277 = VECTOR('',#5278,1.);
#5278 = DIRECTION('',(0.,-1.));
#5279 = ( GEOMETRIC_REPRESENTATION_CONTEXT(2) 
PARAMETRIC_REPRESENTATION_CONTEXT() REPRESENTATION_CONTEXT('2D SPACE',''
  ) );
#5280 = ORIENTED_EDGE('',*,*,#3708,.F.);
#5281 = ORIENTED_EDGE('',*,*,#5206,.F.);
#5282 = ADVANCED_FACE('',(#5283),#4217,.T.);
#5283 = FACE_BOUND('',#5284,.T.);
#5284 = EDGE_LOOP('',(#5285,#5286,#5287,#5288));
#5285 = ORIENTED_EDGE('',*,*,#4963,.T.);
#5286 = ORIENTED_EDGE('',*,*,#5235,.T.);
#5287 = ORIENTED_EDGE('',*,*,#4202,.F.);
#5288 = ORIENTED_EDGE('',*,*,#5289,.F.);
#5289 = EDGE_CURVE('',#4943,#4177,#5290,.T.);
#5290 = SURFACE_CURVE('',#5291,(#5295,#5302),.PCURVE_S1.);
#5291 = LINE('',#5292,#5293);
#5292 = CARTESIAN_POINT('',(1.003235238064E+03,12.074072828613,254.));
#5293 = VECTOR('',#5294,1.);
#5294 = DIRECTION('',(0.,0.,1.));
#5295 = PCURVE('',#4217,#5296);
#5296 = DEFINITIONAL_REPRESENTATION('',(#5297),#5301);
#5297 = LINE('',#5298,#5299);
#5298 = CARTESIAN_POINT('',(3.263154805501,0.));
#5299 = VECTOR('',#5300,1.);
#5300 = DIRECTION('',(0.,-1.));
#5301 = ( GEOMETRIC_REPRESENTATION_CONTEXT(2) 
PARAMETRIC_REPRESENTATION_CONTEXT() REPRESENTATION_CONTEXT('2D SPACE',''
  ) );
#5302 = PCURVE('',#4191,#5303);
#5303 = DEFINITIONAL_REPRESENTATION('',(#5304),#5308);
#5304 = LINE('',#5305,#5306);
#5305 = CARTESIAN_POINT('',(0.,0.));
#5306 = VECTOR('',#5307,1.);
#5307 = DIRECTION('',(0.,-1.));
#5308 = ( GEOMETRIC_REPRESENTATION_CONTEXT(2) 
PARAMETRIC_REPRESENTATION_CONTEXT() REPRESENTATION_CONTEXT('2D SPACE',''
  ) );
#5309 = ADVANCED_FACE('',(#5310),#3749,.T.);
#5310 = FACE_BOUND('',#5311,.T.);
#5311 = EDGE_LOOP('',(#5312,#5313,#5334,#5335));
#5312 = ORIENTED_EDGE('',*,*,#4585,.T.);
#5313 = ORIENTED_EDGE('',*,*,#5314,.T.);
#5314 = EDGE_CURVE('',#4586,#3735,#5315,.T.);
#5315 = SURFACE_CURVE('',#5316,(#5320,#5327),.PCURVE_S1.);
#5316 = LINE('',#5317,#5318);
#5317 = CARTESIAN_POINT('',(1.010825317547E+03,-6.25,254.));
#5318 = VECTOR('',#5319,1.);
#5319 = DIRECTION('',(0.,0.,1.));
#5320 = PCURVE('',#3749,#5321);
#5321 = DEFINITIONAL_REPRESENTATION('',(#5322),#5326);
#5322 = LINE('',#5323,#5324);
#5323 = CARTESIAN_POINT('',(0.,0.));
#5324 = VECTOR('',#5325,1.);
#5325 = DIRECTION('',(0.,-1.));
#5326 = ( GEOMETRIC_REPRESENTATION_CONTEXT(2) 
PARAMETRIC_REPRESENTATION_CONTEXT() REPRESENTATION_CONTEXT('2D SPACE',''
  ) );
#5327 = PCURVE('',#3775,#5328);
#5328 = DEFINITIONAL_REPRESENTATION('',(#5329),#5333);
#5329 = LINE('',#5330,#5331);
#5330 = CARTESIAN_POINT('',(3.263154805501,0.));
#5331 = VECTOR('',#5332,1.);
#5332 = DIRECTION('',(0.,-1.));
#5333 = ( GEOMETRIC_REPRESENTATION_CONTEXT(2) 
PARAMETRIC_REPRESENTATION_CONTEXT() REPRESENTATION_CONTEXT('2D SPACE',''
  ) );
#5334 = ORIENTED_EDGE('',*,*,#3734,.F.);
#5335 = ORIENTED_EDGE('',*,*,#5260,.F.);
#5336 = ADVANCED_FACE('',(#5337),#4191,.T.);
#5337 = FACE_BOUND('',#5338,.T.);
#5338 = EDGE_LOOP('',(#5339,#5340,#5341,#5342));
#5339 = ORIENTED_EDGE('',*,*,#4942,.T.);
#5340 = ORIENTED_EDGE('',*,*,#5289,.T.);
#5341 = ORIENTED_EDGE('',*,*,#4176,.F.);
#5342 = ORIENTED_EDGE('',*,*,#5343,.F.);
#5343 = EDGE_CURVE('',#4922,#4151,#5344,.T.);
#5344 = SURFACE_CURVE('',#5345,(#5349,#5356),.PCURVE_S1.);
#5345 = LINE('',#5346,#5347);
#5346 = CARTESIAN_POINT('',(1.E+03,12.5,254.));
#5347 = VECTOR('',#5348,1.);
#5348 = DIRECTION('',(0.,0.,1.));
#5349 = PCURVE('',#4191,#5350);
#5350 = DEFINITIONAL_REPRESENTATION('',(#5351),#5355);
#5351 = LINE('',#5352,#5353);
#5352 = CARTESIAN_POINT('',(3.263154805501,0.));
#5353 = VECTOR('',#5354,1.);
#5354 = DIRECTION('',(0.,-1.));
#5355 = ( GEOMETRIC_REPRESENTATION_CONTEXT(2) 
PARAMETRIC_REPRESENTATION_CONTEXT() REPRESENTATION_CONTEXT('2D SPACE',''
  ) );
#5356 = PCURVE('',#4165,#5357);
#5357 = DEFINITIONAL_REPRESENTATION('',(#5358),#5362);
#5358 = LINE('',#5359,#5360);
#5359 = CARTESIAN_POINT('',(0.,0.));
#5360 = VECTOR('',#5361,1.);
#5361 = DIRECTION('',(0.,-1.));
#5362 = ( GEOMETRIC_REPRESENTATION_CONTEXT(2) 
PARAMETRIC_REPRESENTATION_CONTEXT() REPRESENTATION_CONTEXT('2D SPACE',''
  ) );
#5363 = ADVANCED_FACE('',(#5364),#3775,.T.);
#5364 = FACE_BOUND('',#5365,.T.);
#5365 = EDGE_LOOP('',(#5366,#5367,#5388,#5389));
#5366 = ORIENTED_EDGE('',*,*,#4606,.T.);
#5367 = ORIENTED_EDGE('',*,*,#5368,.T.);
#5368 = EDGE_CURVE('',#4607,#3761,#5369,.T.);
#5369 = SURFACE_CURVE('',#5370,(#5374,#5381),.PCURVE_S1.);
#5370 = LINE('',#5371,#5372);
#5371 = CARTESIAN_POINT('',(1.008838834765E+03,-8.838834764832,254.));
#5372 = VECTOR('',#5373,1.);
#5373 = DIRECTION('',(0.,0.,1.));
#5374 = PCURVE('',#3775,#5375);
#5375 = DEFINITIONAL_REPRESENTATION('',(#5376),#5380);
#5376 = LINE('',#5377,#5378);
#5377 = CARTESIAN_POINT('',(0.,0.));
#5378 = VECTOR('',#5379,1.);
#5379 = DIRECTION('',(0.,-1.));
#5380 = ( GEOMETRIC_REPRESENTATION_CONTEXT(2) 
PARAMETRIC_REPRESENTATION_CONTEXT() REPRESENTATION_CONTEXT('2D SPACE',''
  ) );
#5381 = PCURVE('',#3801,#5382);
#5382 = DEFINITIONAL_REPRESENTATION('',(#5383),#5387);
#5383 = LINE('',#5384,#5385);
#5384 = CARTESIAN_POINT('',(3.263154805501,0.));
#5385 = VECTOR('',#5386,1.);
#5386 = DIRECTION('',(0.,-1.));
#5387 = ( GEOMETRIC_REPRESENTATION_CONTEXT(2) 
PARAMETRIC_REPRESENTATION_CONTEXT() REPRESENTATION_CONTEXT('2D SPACE',''
  ) );
#5388 = ORIENTED_EDGE('',*,*,#3760,.F.);
#5389 = ORIENTED_EDGE('',*,*,#5314,.F.);
#5390 = ADVANCED_FACE('',(#5391),#4165,.T.);
#5391 = FACE_BOUND('',#5392,.T.);
#5392 = EDGE_LOOP('',(#5393,#5394,#5395,#5396));
#5393 = ORIENTED_EDGE('',*,*,#4921,.T.);
#5394 = ORIENTED_EDGE('',*,*,#5343,.T.);
#5395 = ORIENTED_EDGE('',*,*,#4150,.F.);
#5396 = ORIENTED_EDGE('',*,*,#5397,.F.);
#5397 = EDGE_CURVE('',#4901,#4125,#5398,.T.);
#5398 = SURFACE_CURVE('',#5399,(#5403,#5410),.PCURVE_S1.);
#5399 = LINE('',#5400,#5401);
#5400 = CARTESIAN_POINT('',(996.76476193621,12.074072828613,254.));
#5401 = VECTOR('',#5402,1.);
#5402 = DIRECTION('',(0.,0.,1.));
#5403 = PCURVE('',#4165,#5404);
#5404 = DEFINITIONAL_REPRESENTATION('',(#5405),#5409);
#5405 = LINE('',#5406,#5407);
#5406 = CARTESIAN_POINT('',(3.263154805501,0.));
#5407 = VECTOR('',#5408,1.);
#5408 = DIRECTION('',(0.,-1.));
#5409 = ( GEOMETRIC_REPRESENTATION_CONTEXT(2) 
PARAMETRIC_REPRESENTATION_CONTEXT() REPRESENTATION_CONTEXT('2D SPACE',''
  ) );
#5410 = PCURVE('',#4139,#5411);
#5411 = DEFINITIONAL_REPRESENTATION('',(#5412),#5416);
#5412 = LINE('',#5413,#5414);
#5413 = CARTESIAN_POINT('',(0.,0.));
#5414 = VECTOR('',#5415,1.);
#5415 = DIRECTION('',(0.,-1.));
#5416 = ( GEOMETRIC_REPRESENTATION_CONTEXT(2) 
PARAMETRIC_REPRESENTATION_CONTEXT() REPRESENTATION_CONTEXT('2D SPACE',''
  ) );
#5417 = ADVANCED_FACE('',(#5418),#3801,.T.);
#5418 = FACE_BOUND('',#5419,.T.);
#5419 = EDGE_LOOP('',(#5420,#5421,#5442,#5443));
#5420 = ORIENTED_EDGE('',*,*,#4627,.T.);
#5421 = ORIENTED_EDGE('',*,*,#5422,.T.);
#5422 = EDGE_CURVE('',#4628,#3787,#5423,.T.);
#5423 = SURFACE_CURVE('',#5424,(#5428,#5435),.PCURVE_S1.);
#5424 = LINE('',#5425,#5426);
#5425 = CARTESIAN_POINT('',(1.00625E+03,-10.8253175473,254.));
#5426 = VECTOR('',#5427,1.);
#5427 = DIRECTION('',(0.,0.,1.));
#5428 = PCURVE('',#3801,#5429);
#5429 = DEFINITIONAL_REPRESENTATION('',(#5430),#5434);
#5430 = LINE('',#5431,#5432);
#5431 = CARTESIAN_POINT('',(0.,0.));
#5432 = VECTOR('',#5433,1.);
#5433 = DIRECTION('',(0.,-1.));
#5434 = ( GEOMETRIC_REPRESENTATION_CONTEXT(2) 
PARAMETRIC_REPRESENTATION_CONTEXT() REPRESENTATION_CONTEXT('2D SPACE',''
  ) );
#5435 = PCURVE('',#3827,#5436);
#5436 = DEFINITIONAL_REPRESENTATION('',(#5437),#5441);
#5437 = LINE('',#5438,#5439);
#5438 = CARTESIAN_POINT('',(3.263154805501,0.));
#5439 = VECTOR('',#5440,1.);
#5440 = DIRECTION('',(0.,-1.));
#5441 = ( GEOMETRIC_REPRESENTATION_CONTEXT(2) 
PARAMETRIC_REPRESENTATION_CONTEXT() REPRESENTATION_CONTEXT('2D SPACE',''
  ) );
#5442 = ORIENTED_EDGE('',*,*,#3786,.F.);
#5443 = ORIENTED_EDGE('',*,*,#5368,.F.);
#5444 = ADVANCED_FACE('',(#5445),#4139,.T.);
#5445 = FACE_BOUND('',#5446,.T.);
#5446 = EDGE_LOOP('',(#5447,#5448,#5449,#5450));
#5447 = ORIENTED_EDGE('',*,*,#4900,.T.);
#5448 = ORIENTED_EDGE('',*,*,#5397,.T.);
#5449 = ORIENTED_EDGE('',*,*,#4124,.F.);
#5450 = ORIENTED_EDGE('',*,*,#5451,.F.);
#5451 = EDGE_CURVE('',#4880,#4099,#5452,.T.);
#5452 = SURFACE_CURVE('',#5453,(#5457,#5464),.PCURVE_S1.);
#5453 = LINE('',#5454,#5455);
#5454 = CARTESIAN_POINT('',(993.75,10.825317547305,254.));
#5455 = VECTOR('',#5456,1.);
#5456 = DIRECTION('',(0.,0.,1.));
#5457 = PCURVE('',#4139,#5458);
#5458 = DEFINITIONAL_REPRESENTATION('',(#5459),#5463);
#5459 = LINE('',#5460,#5461);
#5460 = CARTESIAN_POINT('',(3.263154805501,0.));
#5461 = VECTOR('',#5462,1.);
#5462 = DIRECTION('',(0.,-1.));
#5463 = ( GEOMETRIC_REPRESENTATION_CONTEXT(2) 
PARAMETRIC_REPRESENTATION_CONTEXT() REPRESENTATION_CONTEXT('2D SPACE',''
  ) );
#5464 = PCURVE('',#4113,#5465);
#5465 = DEFINITIONAL_REPRESENTATION('',(#5466),#5470);
#5466 = LINE('',#5467,#5468);
#5467 = CARTESIAN_POINT('',(0.,0.));
#5468 = VECTOR('',#5469,1.);
#5469 = DIRECTION('',(0.,-1.));
#5470 = ( GEOMETRIC_REPRESENTATION_CONTEXT(2) 
PARAMETRIC_REPRESENTATION_CONTEXT() REPRESENTATION_CONTEXT('2D SPACE',''
  ) );
#5471 = ADVANCED_FACE('',(#5472),#3827,.T.);
#5472 = FACE_BOUND('',#5473,.T.);
#5473 = EDGE_LOOP('',(#5474,#5475,#5496,#5497));
#5474 = ORIENTED_EDGE('',*,*,#4648,.T.);
#5475 = ORIENTED_EDGE('',*,*,#5476,.T.);
#5476 = EDGE_CURVE('',#4649,#3813,#5477,.T.);
#5477 = SURFACE_CURVE('',#5478,(#5482,#5489),.PCURVE_S1.);
#5478 = LINE('',#5479,#5480);
#5479 = CARTESIAN_POINT('',(1.003235238064E+03,-12.07407282861,254.));
#5480 = VECTOR('',#5481,1.);
#5481 = DIRECTION('',(0.,0.,1.));
#5482 = PCURVE('',#3827,#5483);
#5483 = DEFINITIONAL_REPRESENTATION('',(#5484),#5488);
#5484 = LINE('',#5485,#5486);
#5485 = CARTESIAN_POINT('',(0.,0.));
#5486 = VECTOR('',#5487,1.);
#5487 = DIRECTION('',(0.,-1.));
#5488 = ( GEOMETRIC_REPRESENTATION_CONTEXT(2) 
PARAMETRIC_REPRESENTATION_CONTEXT() REPRESENTATION_CONTEXT('2D SPACE',''
  ) );
#5489 = PCURVE('',#3853,#5490);
#5490 = DEFINITIONAL_REPRESENTATION('',(#5491),#5495);
#5491 = LINE('',#5492,#5493);
#5492 = CARTESIAN_POINT('',(3.263154805501,0.));
#5493 = VECTOR('',#5494,1.);
#5494 = DIRECTION('',(0.,-1.));
#5495 = ( GEOMETRIC_REPRESENTATION_CONTEXT(2) 
PARAMETRIC_REPRESENTATION_CONTEXT() REPRESENTATION_CONTEXT('2D SPACE',''
  ) );
#5496 = ORIENTED_EDGE('',*,*,#3812,.F.);
#5497 = ORIENTED_EDGE('',*,*,#5422,.F.);
#5498 = ADVANCED_FACE('',(#5499),#4113,.T.);
#5499 = FACE_BOUND('',#5500,.T.);
#5500 = EDGE_LOOP('',(#5501,#5502,#5503,#5504));
#5501 = ORIENTED_EDGE('',*,*,#4879,.T.);
#5502 = ORIENTED_EDGE('',*,*,#5451,.T.);
#5503 = ORIENTED_EDGE('',*,*,#4098,.F.);
#5504 = ORIENTED_EDGE('',*,*,#5505,.F.);
#5505 = EDGE_CURVE('',#4859,#4073,#5506,.T.);
#5506 = SURFACE_CURVE('',#5507,(#5511,#5518),.PCURVE_S1.);
#5507 = LINE('',#5508,#5509);
#5508 = CARTESIAN_POINT('',(991.16116523516,8.838834764832,254.));
#5509 = VECTOR('',#5510,1.);
#5510 = DIRECTION('',(0.,0.,1.));
#5511 = PCURVE('',#4113,#5512);
#5512 = DEFINITIONAL_REPRESENTATION('',(#5513),#5517);
#5513 = LINE('',#5514,#5515);
#5514 = CARTESIAN_POINT('',(3.263154805501,0.));
#5515 = VECTOR('',#5516,1.);
#5516 = DIRECTION('',(0.,-1.));
#5517 = ( GEOMETRIC_REPRESENTATION_CONTEXT(2) 
PARAMETRIC_REPRESENTATION_CONTEXT() REPRESENTATION_CONTEXT('2D SPACE',''
  ) );
#5518 = PCURVE('',#4087,#5519);
#5519 = DEFINITIONAL_REPRESENTATION('',(#5520),#5524);
#5520 = LINE('',#5521,#5522);
#5521 = CARTESIAN_POINT('',(0.,0.));
#5522 = VECTOR('',#5523,1.);
#5523 = DIRECTION('',(0.,-1.));
#5524 = ( GEOMETRIC_REPRESENTATION_CONTEXT(2) 
PARAMETRIC_REPRESENTATION_CONTEXT() REPRESENTATION_CONTEXT('2D SPACE',''
  ) );
#5525 = ADVANCED_FACE('',(#5526),#3853,.T.);
#5526 = FACE_BOUND('',#5527,.T.);
#5527 = EDGE_LOOP('',(#5528,#5529,#5550,#5551));
#5528 = ORIENTED_EDGE('',*,*,#4669,.T.);
#5529 = ORIENTED_EDGE('',*,*,#5530,.T.);
#5530 = EDGE_CURVE('',#4670,#3839,#5531,.T.);
#5531 = SURFACE_CURVE('',#5532,(#5536,#5543),.PCURVE_S1.);
#5532 = LINE('',#5533,#5534);
#5533 = CARTESIAN_POINT('',(1.E+03,-12.5,254.));
#5534 = VECTOR('',#5535,1.);
#5535 = DIRECTION('',(0.,0.,1.));
#5536 = PCURVE('',#3853,#5537);
#5537 = DEFINITIONAL_REPRESENTATION('',(#5538),#5542);
#5538 = LINE('',#5539,#5540);
#5539 = CARTESIAN_POINT('',(0.,0.));
#5540 = VECTOR('',#5541,1.);
#5541 = DIRECTION('',(0.,-1.));
#5542 = ( GEOMETRIC_REPRESENTATION_CONTEXT(2) 
PARAMETRIC_REPRESENTATION_CONTEXT() REPRESENTATION_CONTEXT('2D SPACE',''
  ) );
#5543 = PCURVE('',#3879,#5544);
#5544 = DEFINITIONAL_REPRESENTATION('',(#5545),#5549);
#5545 = LINE('',#5546,#5547);
#5546 = CARTESIAN_POINT('',(3.263154805501,0.));
#5547 = VECTOR('',#5548,1.);
#5548 = DIRECTION('',(0.,-1.));
#5549 = ( GEOMETRIC_REPRESENTATION_CONTEXT(2) 
PARAMETRIC_REPRESENTATION_CONTEXT() REPRESENTATION_CONTEXT('2D SPACE',''
  ) );
#5550 = ORIENTED_EDGE('',*,*,#3838,.F.);
#5551 = ORIENTED_EDGE('',*,*,#5476,.F.);
#5552 = ADVANCED_FACE('',(#5553),#4087,.T.);
#5553 = FACE_BOUND('',#5554,.T.);
#5554 = EDGE_LOOP('',(#5555,#5556,#5557,#5558));
#5555 = ORIENTED_EDGE('',*,*,#4858,.T.);
#5556 = ORIENTED_EDGE('',*,*,#5505,.T.);
#5557 = ORIENTED_EDGE('',*,*,#4072,.F.);
#5558 = ORIENTED_EDGE('',*,*,#5559,.F.);
#5559 = EDGE_CURVE('',#4838,#4047,#5560,.T.);
#5560 = SURFACE_CURVE('',#5561,(#5565,#5572),.PCURVE_S1.);
#5561 = LINE('',#5562,#5563);
#5562 = CARTESIAN_POINT('',(989.17468245269,6.25,254.));
#5563 = VECTOR('',#5564,1.);
#5564 = DIRECTION('',(0.,0.,1.));
#5565 = PCURVE('',#4087,#5566);
#5566 = DEFINITIONAL_REPRESENTATION('',(#5567),#5571);
#5567 = LINE('',#5568,#5569);
#5568 = CARTESIAN_POINT('',(3.263154805501,0.));
#5569 = VECTOR('',#5570,1.);
#5570 = DIRECTION('',(0.,-1.));
#5571 = ( GEOMETRIC_REPRESENTATION_CONTEXT(2) 
PARAMETRIC_REPRESENTATION_CONTEXT() REPRESENTATION_CONTEXT('2D SPACE',''
  ) );
#5572 = PCURVE('',#4061,#5573);
#5573 = DEFINITIONAL_REPRESENTATION('',(#5574),#5578);
#5574 = LINE('',#5575,#5576);
#5575 = CARTESIAN_POINT('',(0.,0.));
#5576 = VECTOR('',#5577,1.);
#5577 = DIRECTION('',(0.,-1.));
#5578 = ( GEOMETRIC_REPRESENTATION_CONTEXT(2) 
PARAMETRIC_REPRESENTATION_CONTEXT() REPRESENTATION_CONTEXT('2D SPACE',''
  ) );
#5579 = ADVANCED_FACE('',(#5580),#3879,.T.);
#5580 = FACE_BOUND('',#5581,.T.);
#5581 = EDGE_LOOP('',(#5582,#5583,#5604,#5605));
#5582 = ORIENTED_EDGE('',*,*,#4690,.T.);
#5583 = ORIENTED_EDGE('',*,*,#5584,.T.);
#5584 = EDGE_CURVE('',#4691,#3865,#5585,.T.);
#5585 = SURFACE_CURVE('',#5586,(#5590,#5597),.PCURVE_S1.);
#5586 = LINE('',#5587,#5588);
#5587 = CARTESIAN_POINT('',(996.76476193621,-12.07407282861,254.));
#5588 = VECTOR('',#5589,1.);
#5589 = DIRECTION('',(0.,0.,1.));
#5590 = PCURVE('',#3879,#5591);
#5591 = DEFINITIONAL_REPRESENTATION('',(#5592),#5596);
#5592 = LINE('',#5593,#5594);
#5593 = CARTESIAN_POINT('',(0.,0.));
#5594 = VECTOR('',#5595,1.);
#5595 = DIRECTION('',(0.,-1.));
#5596 = ( GEOMETRIC_REPRESENTATION_CONTEXT(2) 
PARAMETRIC_REPRESENTATION_CONTEXT() REPRESENTATION_CONTEXT('2D SPACE',''
  ) );
#5597 = PCURVE('',#3905,#5598);
#5598 = DEFINITIONAL_REPRESENTATION('',(#5599),#5603);
#5599 = LINE('',#5600,#5601);
#5600 = CARTESIAN_POINT('',(3.263154805501,0.));
#5601 = VECTOR('',#5602,1.);
#5602 = DIRECTION('',(0.,-1.));
#5603 = ( GEOMETRIC_REPRESENTATION_CONTEXT(2) 
PARAMETRIC_REPRESENTATION_CONTEXT() REPRESENTATION_CONTEXT('2D SPACE',''
  ) );
#5604 = ORIENTED_EDGE('',*,*,#3864,.F.);
#5605 = ORIENTED_EDGE('',*,*,#5530,.F.);
#5606 = ADVANCED_FACE('',(#5607),#4061,.T.);
#5607 = FACE_BOUND('',#5608,.T.);
#5608 = EDGE_LOOP('',(#5609,#5610,#5611,#5612));
#5609 = ORIENTED_EDGE('',*,*,#4837,.T.);
#5610 = ORIENTED_EDGE('',*,*,#5559,.T.);
#5611 = ORIENTED_EDGE('',*,*,#4046,.F.);
#5612 = ORIENTED_EDGE('',*,*,#5613,.F.);
#5613 = EDGE_CURVE('',#4817,#4021,#5614,.T.);
#5614 = SURFACE_CURVE('',#5615,(#5619,#5626),.PCURVE_S1.);
#5615 = LINE('',#5616,#5617);
#5616 = CARTESIAN_POINT('',(987.92592717138,3.235238063782,254.));
#5617 = VECTOR('',#5618,1.);
#5618 = DIRECTION('',(0.,0.,1.));
#5619 = PCURVE('',#4061,#5620);
#5620 = DEFINITIONAL_REPRESENTATION('',(#5621),#5625);
#5621 = LINE('',#5622,#5623);
#5622 = CARTESIAN_POINT('',(3.263154805501,0.));
#5623 = VECTOR('',#5624,1.);
#5624 = DIRECTION('',(0.,-1.));
#5625 = ( GEOMETRIC_REPRESENTATION_CONTEXT(2) 
PARAMETRIC_REPRESENTATION_CONTEXT() REPRESENTATION_CONTEXT('2D SPACE',''
  ) );
#5626 = PCURVE('',#4035,#5627);
#5627 = DEFINITIONAL_REPRESENTATION('',(#5628),#5632);
#5628 = LINE('',#5629,#5630);
#5629 = CARTESIAN_POINT('',(0.,0.));
#5630 = VECTOR('',#5631,1.);
#5631 = DIRECTION('',(0.,-1.));
#5632 = ( GEOMETRIC_REPRESENTATION_CONTEXT(2) 
PARAMETRIC_REPRESENTATION_CONTEXT() REPRESENTATION_CONTEXT('2D SPACE',''
  ) );
#5633 = ADVANCED_FACE('',(#5634),#3905,.T.);
#5634 = FACE_BOUND('',#5635,.T.);
#5635 = EDGE_LOOP('',(#5636,#5637,#5658,#5659));
#5636 = ORIENTED_EDGE('',*,*,#4711,.T.);
#5637 = ORIENTED_EDGE('',*,*,#5638,.T.);
#5638 = EDGE_CURVE('',#4712,#3891,#5639,.T.);
#5639 = SURFACE_CURVE('',#5640,(#5644,#5651),.PCURVE_S1.);
#5640 = LINE('',#5641,#5642);
#5641 = CARTESIAN_POINT('',(993.75,-10.8253175473,254.));
#5642 = VECTOR('',#5643,1.);
#5643 = DIRECTION('',(0.,0.,1.));
#5644 = PCURVE('',#3905,#5645);
#5645 = DEFINITIONAL_REPRESENTATION('',(#5646),#5650);
#5646 = LINE('',#5647,#5648);
#5647 = CARTESIAN_POINT('',(0.,0.));
#5648 = VECTOR('',#5649,1.);
#5649 = DIRECTION('',(0.,-1.));
#5650 = ( GEOMETRIC_REPRESENTATION_CONTEXT(2) 
PARAMETRIC_REPRESENTATION_CONTEXT() REPRESENTATION_CONTEXT('2D SPACE',''
  ) );
#5651 = PCURVE('',#3931,#5652);
#5652 = DEFINITIONAL_REPRESENTATION('',(#5653),#5657);
#5653 = LINE('',#5654,#5655);
#5654 = CARTESIAN_POINT('',(3.263154805501,0.));
#5655 = VECTOR('',#5656,1.);
#5656 = DIRECTION('',(0.,-1.));
#5657 = ( GEOMETRIC_REPRESENTATION_CONTEXT(2) 
PARAMETRIC_REPRESENTATION_CONTEXT() REPRESENTATION_CONTEXT('2D SPACE',''
  ) );
#5658 = ORIENTED_EDGE('',*,*,#3890,.F.);
#5659 = ORIENTED_EDGE('',*,*,#5584,.F.);
#5660 = ADVANCED_FACE('',(#5661),#4035,.T.);
#5661 = FACE_BOUND('',#5662,.T.);
#5662 = EDGE_LOOP('',(#5663,#5664,#5665,#5666));
#5663 = ORIENTED_EDGE('',*,*,#4816,.T.);
#5664 = ORIENTED_EDGE('',*,*,#5613,.T.);
#5665 = ORIENTED_EDGE('',*,*,#4020,.F.);
#5666 = ORIENTED_EDGE('',*,*,#5667,.F.);
#5667 = EDGE_CURVE('',#4796,#3995,#5668,.T.);
#5668 = SURFACE_CURVE('',#5669,(#5673,#5680),.PCURVE_S1.);
#5669 = LINE('',#5670,#5671);
#5670 = CARTESIAN_POINT('',(987.5,1.530808498934E-15,254.));
#5671 = VECTOR('',#5672,1.);
#5672 = DIRECTION('',(0.,0.,1.));
#5673 = PCURVE('',#4035,#5674);
#5674 = DEFINITIONAL_REPRESENTATION('',(#5675),#5679);
#5675 = LINE('',#5676,#5677);
#5676 = CARTESIAN_POINT('',(3.263154805501,0.));
#5677 = VECTOR('',#5678,1.);
#5678 = DIRECTION('',(0.,-1.));
#5679 = ( GEOMETRIC_REPRESENTATION_CONTEXT(2) 
PARAMETRIC_REPRESENTATION_CONTEXT() REPRESENTATION_CONTEXT('2D SPACE',''
  ) );
#5680 = PCURVE('',#4009,#5681);
#5681 = DEFINITIONAL_REPRESENTATION('',(#5682),#5686);
#5682 = LINE('',#5683,#5684);
#5683 = CARTESIAN_POINT('',(0.,0.));
#5684 = VECTOR('',#5685,1.);
#5685 = DIRECTION('',(0.,-1.));
#5686 = ( GEOMETRIC_REPRESENTATION_CONTEXT(2) 
PARAMETRIC_REPRESENTATION_CONTEXT() REPRESENTATION_CONTEXT('2D SPACE',''
  ) );
#5687 = ADVANCED_FACE('',(#5688),#3931,.T.);
#5688 = FACE_BOUND('',#5689,.T.);
#5689 = EDGE_LOOP('',(#5690,#5691,#5712,#5713));
#5690 = ORIENTED_EDGE('',*,*,#4732,.T.);
#5691 = ORIENTED_EDGE('',*,*,#5692,.T.);
#5692 = EDGE_CURVE('',#4733,#3917,#5693,.T.);
#5693 = SURFACE_CURVE('',#5694,(#5698,#5705),.PCURVE_S1.);
#5694 = LINE('',#5695,#5696);
#5695 = CARTESIAN_POINT('',(991.16116523516,-8.838834764832,254.));
#5696 = VECTOR('',#5697,1.);
#5697 = DIRECTION('',(0.,0.,1.));
#5698 = PCURVE('',#3931,#5699);
#5699 = DEFINITIONAL_REPRESENTATION('',(#5700),#5704);
#5700 = LINE('',#5701,#5702);
#5701 = CARTESIAN_POINT('',(0.,0.));
#5702 = VECTOR('',#5703,1.);
#5703 = DIRECTION('',(0.,-1.));
#5704 = ( GEOMETRIC_REPRESENTATION_CONTEXT(2) 
PARAMETRIC_REPRESENTATION_CONTEXT() REPRESENTATION_CONTEXT('2D SPACE',''
  ) );
#5705 = PCURVE('',#3957,#5706);
#5706 = DEFINITIONAL_REPRESENTATION('',(#5707),#5711);
#5707 = LINE('',#5708,#5709);
#5708 = CARTESIAN_POINT('',(3.263154805501,0.));
#5709 = VECTOR('',#5710,1.);
#5710 = DIRECTION('',(0.,-1.));
#5711 = ( GEOMETRIC_REPRESENTATION_CONTEXT(2) 
PARAMETRIC_REPRESENTATION_CONTEXT() REPRESENTATION_CONTEXT('2D SPACE',''
  ) );
#5712 = ORIENTED_EDGE('',*,*,#3916,.F.);
#5713 = ORIENTED_EDGE('',*,*,#5638,.F.);
#5714 = ADVANCED_FACE('',(#5715),#4009,.T.);
#5715 = FACE_BOUND('',#5716,.T.);
#5716 = EDGE_LOOP('',(#5717,#5718,#5719,#5720));
#5717 = ORIENTED_EDGE('',*,*,#4795,.T.);
#5718 = ORIENTED_EDGE('',*,*,#5667,.T.);
#5719 = ORIENTED_EDGE('',*,*,#3994,.F.);
#5720 = ORIENTED_EDGE('',*,*,#5721,.F.);
#5721 = EDGE_CURVE('',#4775,#3969,#5722,.T.);
#5722 = SURFACE_CURVE('',#5723,(#5727,#5734),.PCURVE_S1.);
#5723 = LINE('',#5724,#5725);
#5724 = CARTESIAN_POINT('',(987.92592717138,-3.235238063782,254.));
#5725 = VECTOR('',#5726,1.);
#5726 = DIRECTION('',(0.,0.,1.));
#5727 = PCURVE('',#4009,#5728);
#5728 = DEFINITIONAL_REPRESENTATION('',(#5729),#5733);
#5729 = LINE('',#5730,#5731);
#5730 = CARTESIAN_POINT('',(3.263154805501,0.));
#5731 = VECTOR('',#5732,1.);
#5732 = DIRECTION('',(0.,-1.));
#5733 = ( GEOMETRIC_REPRESENTATION_CONTEXT(2) 
PARAMETRIC_REPRESENTATION_CONTEXT() REPRESENTATION_CONTEXT('2D SPACE',''
  ) );
#5734 = PCURVE('',#3983,#5735);
#5735 = DEFINITIONAL_REPRESENTATION('',(#5736),#5740);
#5736 = LINE('',#5737,#5738);
#5737 = CARTESIAN_POINT('',(0.,0.));
#5738 = VECTOR('',#5739,1.);
#5739 = DIRECTION('',(0.,-1.));
#5740 = ( GEOMETRIC_REPRESENTATION_CONTEXT(2) 
PARAMETRIC_REPRESENTATION_CONTEXT() REPRESENTATION_CONTEXT('2D SPACE',''
  ) );
#5741 = ADVANCED_FACE('',(#5742),#3957,.T.);
#5742 = FACE_BOUND('',#5743,.T.);
#5743 = EDGE_LOOP('',(#5744,#5745,#5766,#5767));
#5744 = ORIENTED_EDGE('',*,*,#4753,.T.);
#5745 = ORIENTED_EDGE('',*,*,#5746,.T.);
#5746 = EDGE_CURVE('',#4754,#3943,#5747,.T.);
#5747 = SURFACE_CURVE('',#5748,(#5752,#5759),.PCURVE_S1.);
#5748 = LINE('',#5749,#5750);
#5749 = CARTESIAN_POINT('',(989.17468245269,-6.25,254.));
#5750 = VECTOR('',#5751,1.);
#5751 = DIRECTION('',(0.,0.,1.));
#5752 = PCURVE('',#3957,#5753);
#5753 = DEFINITIONAL_REPRESENTATION('',(#5754),#5758);
#5754 = LINE('',#5755,#5756);
#5755 = CARTESIAN_POINT('',(0.,0.));
#5756 = VECTOR('',#5757,1.);
#5757 = DIRECTION('',(0.,-1.));
#5758 = ( GEOMETRIC_REPRESENTATION_CONTEXT(2) 
PARAMETRIC_REPRESENTATION_CONTEXT() REPRESENTATION_CONTEXT('2D SPACE',''
  ) );
#5759 = PCURVE('',#3983,#5760);
#5760 = DEFINITIONAL_REPRESENTATION('',(#5761),#5765);
#5761 = LINE('',#5762,#5763);
#5762 = CARTESIAN_POINT('',(3.263154805501,0.));
#5763 = VECTOR('',#5764,1.);
#5764 = DIRECTION('',(0.,-1.));
#5765 = ( GEOMETRIC_REPRESENTATION_CONTEXT(2) 
PARAMETRIC_REPRESENTATION_CONTEXT() REPRESENTATION_CONTEXT('2D SPACE',''
  ) );
#5766 = ORIENTED_EDGE('',*,*,#3942,.F.);
#5767 = ORIENTED_EDGE('',*,*,#5692,.F.);
#5768 = ADVANCED_FACE('',(#5769),#3983,.T.);
#5769 = FACE_BOUND('',#5770,.T.);
#5770 = EDGE_LOOP('',(#5771,#5772,#5773,#5774));
#5771 = ORIENTED_EDGE('',*,*,#4774,.T.);
#5772 = ORIENTED_EDGE('',*,*,#5721,.T.);
#5773 = ORIENTED_EDGE('',*,*,#3968,.F.);
#5774 = ORIENTED_EDGE('',*,*,#5746,.F.);
#5775 = ADVANCED_FACE('',(#5776,#5890,#5893),#4371,.F.);
#5776 = FACE_BOUND('',#5777,.F.);
#5777 = EDGE_LOOP('',(#5778,#5808,#5836,#5864));
#5778 = ORIENTED_EDGE('',*,*,#5779,.F.);
#5779 = EDGE_CURVE('',#5780,#5782,#5784,.T.);
#5780 = VERTEX_POINT('',#5781);
#5781 = CARTESIAN_POINT('',(1.43E+03,355.,517.));
#5782 = VERTEX_POINT('',#5783);
#5783 = CARTESIAN_POINT('',(1.43E+03,485.,517.));
#5784 = SURFACE_CURVE('',#5785,(#5789,#5796),.PCURVE_S1.);
#5785 = LINE('',#5786,#5787);
#5786 = CARTESIAN_POINT('',(1.43E+03,355.,517.));
#5787 = VECTOR('',#5788,1.);
#5788 = DIRECTION('',(-0.,1.,0.));
#5789 = PCURVE('',#4371,#5790);
#5790 = DEFINITIONAL_REPRESENTATION('',(#5791),#5795);
#5791 = LINE('',#5792,#5793);
#5792 = CARTESIAN_POINT('',(0.,0.));
#5793 = VECTOR('',#5794,1.);
#5794 = DIRECTION('',(0.,1.));
#5795 = ( GEOMETRIC_REPRESENTATION_CONTEXT(2) 
PARAMETRIC_REPRESENTATION_CONTEXT() REPRESENTATION_CONTEXT('2D SPACE',''
  ) );
#5796 = PCURVE('',#5797,#5802);
#5797 = PLANE('',#5798);
#5798 = AXIS2_PLACEMENT_3D('',#5799,#5800,#5801);
#5799 = CARTESIAN_POINT('',(1.43E+03,355.,517.));
#5800 = DIRECTION('',(1.,0.,-0.));
#5801 = DIRECTION('',(0.,0.,1.));
#5802 = DEFINITIONAL_REPRESENTATION('',(#5803),#5807);
#5803 = LINE('',#5804,#5805);
#5804 = CARTESIAN_POINT('',(0.,0.));
#5805 = VECTOR('',#5806,1.);
#5806 = DIRECTION('',(0.,-1.));
#5807 = ( GEOMETRIC_REPRESENTATION_CONTEXT(2) 
PARAMETRIC_REPRESENTATION_CONTEXT() REPRESENTATION_CONTEXT('2D SPACE',''
  ) );
#5808 = ORIENTED_EDGE('',*,*,#5809,.T.);
#5809 = EDGE_CURVE('',#5780,#5810,#5812,.T.);
#5810 = VERTEX_POINT('',#5811);
#5811 = CARTESIAN_POINT('',(1.47E+03,355.,517.));
#5812 = SURFACE_CURVE('',#5813,(#5817,#5824),.PCURVE_S1.);
#5813 = LINE('',#5814,#5815);
#5814 = CARTESIAN_POINT('',(1.43E+03,355.,517.));
#5815 = VECTOR('',#5816,1.);
#5816 = DIRECTION('',(1.,0.,-0.));
#5817 = PCURVE('',#4371,#5818);
#5818 = DEFINITIONAL_REPRESENTATION('',(#5819),#5823);
#5819 = LINE('',#5820,#5821);
#5820 = CARTESIAN_POINT('',(0.,0.));
#5821 = VECTOR('',#5822,1.);
#5822 = DIRECTION('',(1.,0.));
#5823 = ( GEOMETRIC_REPRESENTATION_CONTEXT(2) 
PARAMETRIC_REPRESENTATION_CONTEXT() REPRESENTATION_CONTEXT('2D SPACE',''
  ) );
#5824 = PCURVE('',#5825,#5830);
#5825 = PLANE('',#5826);
#5826 = AXIS2_PLACEMENT_3D('',#5827,#5828,#5829);
#5827 = CARTESIAN_POINT('',(1.43E+03,355.,517.));
#5828 = DIRECTION('',(-0.,1.,0.));
#5829 = DIRECTION('',(0.,0.,1.));
#5830 = DEFINITIONAL_REPRESENTATION('',(#5831),#5835);
#5831 = LINE('',#5832,#5833);
#5832 = CARTESIAN_POINT('',(0.,0.));
#5833 = VECTOR('',#5834,1.);
#5834 = DIRECTION('',(0.,1.));
#5835 = ( GEOMETRIC_REPRESENTATION_CONTEXT(2) 
PARAMETRIC_REPRESENTATION_CONTEXT() REPRESENTATION_CONTEXT('2D SPACE',''
  ) );
#5836 = ORIENTED_EDGE('',*,*,#5837,.T.);
#5837 = EDGE_CURVE('',#5810,#5838,#5840,.T.);
#5838 = VERTEX_POINT('',#5839);
#5839 = CARTESIAN_POINT('',(1.47E+03,485.,517.));
#5840 = SURFACE_CURVE('',#5841,(#5845,#5852),.PCURVE_S1.);
#5841 = LINE('',#5842,#5843);
#5842 = CARTESIAN_POINT('',(1.47E+03,355.,517.));
#5843 = VECTOR('',#5844,1.);
#5844 = DIRECTION('',(-0.,1.,0.));
#5845 = PCURVE('',#4371,#5846);
#5846 = DEFINITIONAL_REPRESENTATION('',(#5847),#5851);
#5847 = LINE('',#5848,#5849);
#5848 = CARTESIAN_POINT('',(40.,0.));
#5849 = VECTOR('',#5850,1.);
#5850 = DIRECTION('',(0.,1.));
#5851 = ( GEOMETRIC_REPRESENTATION_CONTEXT(2) 
PARAMETRIC_REPRESENTATION_CONTEXT() REPRESENTATION_CONTEXT('2D SPACE',''
  ) );
#5852 = PCURVE('',#5853,#5858);
#5853 = PLANE('',#5854);
#5854 = AXIS2_PLACEMENT_3D('',#5855,#5856,#5857);
#5855 = CARTESIAN_POINT('',(1.47E+03,355.,517.));
#5856 = DIRECTION('',(1.,0.,-0.));
#5857 = DIRECTION('',(0.,0.,1.));
#5858 = DEFINITIONAL_REPRESENTATION('',(#5859),#5863);
#5859 = LINE('',#5860,#5861);
#5860 = CARTESIAN_POINT('',(0.,0.));
#5861 = VECTOR('',#5862,1.);
#5862 = DIRECTION('',(0.,-1.));
#5863 = ( GEOMETRIC_REPRESENTATION_CONTEXT(2) 
PARAMETRIC_REPRESENTATION_CONTEXT() REPRESENTATION_CONTEXT('2D SPACE',''
  ) );
#5864 = ORIENTED_EDGE('',*,*,#5865,.F.);
#5865 = EDGE_CURVE('',#5782,#5838,#5866,.T.);
#5866 = SURFACE_CURVE('',#5867,(#5871,#5878),.PCURVE_S1.);
#5867 = LINE('',#5868,#5869);
#5868 = CARTESIAN_POINT('',(1.43E+03,485.,517.));
#5869 = VECTOR('',#5870,1.);
#5870 = DIRECTION('',(1.,0.,-0.));
#5871 = PCURVE('',#4371,#5872);
#5872 = DEFINITIONAL_REPRESENTATION('',(#5873),#5877);
#5873 = LINE('',#5874,#5875);
#5874 = CARTESIAN_POINT('',(0.,130.));
#5875 = VECTOR('',#5876,1.);
#5876 = DIRECTION('',(1.,0.));
#5877 = ( GEOMETRIC_REPRESENTATION_CONTEXT(2) 
PARAMETRIC_REPRESENTATION_CONTEXT() REPRESENTATION_CONTEXT('2D SPACE',''
  ) );
#5878 = PCURVE('',#5879,#5884);
#5879 = PLANE('',#5880);
#5880 = AXIS2_PLACEMENT_3D('',#5881,#5882,#5883);
#5881 = CARTESIAN_POINT('',(1.43E+03,485.,517.));
#5882 = DIRECTION('',(-0.,1.,0.));
#5883 = DIRECTION('',(0.,0.,1.));
#5884 = DEFINITIONAL_REPRESENTATION('',(#5885),#5889);
#5885 = LINE('',#5886,#5887);
#5886 = CARTESIAN_POINT('',(0.,0.));
#5887 = VECTOR('',#5888,1.);
#5888 = DIRECTION('',(0.,1.));
#5889 = ( GEOMETRIC_REPRESENTATION_CONTEXT(2) 
PARAMETRIC_REPRESENTATION_CONTEXT() REPRESENTATION_CONTEXT('2D SPACE',''
  ) );
#5890 = FACE_BOUND('',#5891,.F.);
#5891 = EDGE_LOOP('',(#5892));
#5892 = ORIENTED_EDGE('',*,*,#4354,.T.);
#5893 = FACE_BOUND('',#5894,.F.);
#5894 = EDGE_LOOP('',(#5895));
#5895 = ORIENTED_EDGE('',*,*,#5896,.T.);
#5896 = EDGE_CURVE('',#5897,#5897,#5899,.T.);
#5897 = VERTEX_POINT('',#5898);
#5898 = CARTESIAN_POINT('',(1.441E+03,475.,517.));
#5899 = SURFACE_CURVE('',#5900,(#5905,#5916),.PCURVE_S1.);
#5900 = CIRCLE('',#5901,9.);
#5901 = AXIS2_PLACEMENT_3D('',#5902,#5903,#5904);
#5902 = CARTESIAN_POINT('',(1.45E+03,475.,517.));
#5903 = DIRECTION('',(0.,0.,-1.));
#5904 = DIRECTION('',(-1.,0.,-0.));
#5905 = PCURVE('',#4371,#5906);
#5906 = DEFINITIONAL_REPRESENTATION('',(#5907),#5915);
#5907 = ( BOUNDED_CURVE() B_SPLINE_CURVE(2,(#5908,#5909,#5910,#5911,
#5912,#5913,#5914),.UNSPECIFIED.,.T.,.F.) B_SPLINE_CURVE_WITH_KNOTS((1,2
    ,2,2,2,1),(-2.094395102393,0.,2.094395102393,4.188790204786,
6.28318530718,8.377580409573),.UNSPECIFIED.) CURVE() 
GEOMETRIC_REPRESENTATION_ITEM() RATIONAL_B_SPLINE_CURVE((1.,0.5,1.,0.5,
1.,0.5,1.)) REPRESENTATION_ITEM('') );
#5908 = CARTESIAN_POINT('',(11.,120.));
#5909 = CARTESIAN_POINT('',(11.,135.58845726812));
#5910 = CARTESIAN_POINT('',(24.5,127.79422863406));
#5911 = CARTESIAN_POINT('',(38.,120.));
#5912 = CARTESIAN_POINT('',(24.5,112.20577136594));
#5913 = CARTESIAN_POINT('',(11.,104.41154273188));
#5914 = CARTESIAN_POINT('',(11.,120.));
#5915 = ( GEOMETRIC_REPRESENTATION_CONTEXT(2) 
PARAMETRIC_REPRESENTATION_CONTEXT() REPRESENTATION_CONTEXT('2D SPACE',''
  ) );
#5916 = PCURVE('',#5917,#5922);
#5917 = CYLINDRICAL_SURFACE('',#5918,9.);
#5918 = AXIS2_PLACEMENT_3D('',#5919,#5920,#5921);
#5919 = CARTESIAN_POINT('',(1.45E+03,475.,520.));
#5920 = DIRECTION('',(0.,0.,-1.));
#5921 = DIRECTION('',(-1.,0.,-0.));
#5922 = DEFINITIONAL_REPRESENTATION('',(#5923),#5927);
#5923 = LINE('',#5924,#5925);
#5924 = CARTESIAN_POINT('',(0.,3.));
#5925 = VECTOR('',#5926,1.);
#5926 = DIRECTION('',(1.,0.));
#5927 = ( GEOMETRIC_REPRESENTATION_CONTEXT(2) 
PARAMETRIC_REPRESENTATION_CONTEXT() REPRESENTATION_CONTEXT('2D SPACE',''
  ) );
#5928 = ADVANCED_FACE('',(#5929),#4452,.T.);
#5929 = FACE_BOUND('',#5930,.T.);
#5930 = EDGE_LOOP('',(#5931));
#5931 = ORIENTED_EDGE('',*,*,#4437,.T.);
#5932 = ADVANCED_FACE('',(#5933),#5045,.T.);
#5933 = FACE_BOUND('',#5934,.T.);
#5934 = EDGE_LOOP('',(#5935,#5957));
#5935 = ORIENTED_EDGE('',*,*,#5936,.T.);
#5936 = EDGE_CURVE('',#5027,#5029,#5937,.T.);
#5937 = SURFACE_CURVE('',#5938,(#5943,#5950),.PCURVE_S1.);
#5938 = CIRCLE('',#5939,5.);
#5939 = AXIS2_PLACEMENT_3D('',#5940,#5941,#5942);
#5940 = CARTESIAN_POINT('',(1.E+03,70.,256.5));
#5941 = DIRECTION('',(0.693638536152,0.656081964907,0.297358431002));
#5942 = DIRECTION('',(-0.687165252359,0.726501146558,-2.775557561563E-17
    ));
#5943 = PCURVE('',#5045,#5944);
#5944 = DEFINITIONAL_REPRESENTATION('',(#5945),#5949);
#5945 = LINE('',#5946,#5947);
#5946 = CARTESIAN_POINT('',(0.,0.));
#5947 = VECTOR('',#5948,1.);
#5948 = DIRECTION('',(1.,0.));
#5949 = ( GEOMETRIC_REPRESENTATION_CONTEXT(2) 
PARAMETRIC_REPRESENTATION_CONTEXT() REPRESENTATION_CONTEXT('2D SPACE',''
  ) );
#5950 = PCURVE('',#5083,#5951);
#5951 = DEFINITIONAL_REPRESENTATION('',(#5952),#5956);
#5952 = CIRCLE('',#5953,5.);
#5953 = AXIS2_PLACEMENT_2D('',#5954,#5955);
#5954 = CARTESIAN_POINT('',(0.,0.));
#5955 = DIRECTION('',(1.,0.));
#5956 = ( GEOMETRIC_REPRESENTATION_CONTEXT(2) 
PARAMETRIC_REPRESENTATION_CONTEXT() REPRESENTATION_CONTEXT('2D SPACE',''
  ) );
#5957 = ORIENTED_EDGE('',*,*,#5026,.F.);
#5958 = ADVANCED_FACE('',(#5959),#5083,.F.);
#5959 = FACE_BOUND('',#5960,.F.);
#5960 = EDGE_LOOP('',(#5961,#5962));
#5961 = ORIENTED_EDGE('',*,*,#5936,.T.);
#5962 = ORIENTED_EDGE('',*,*,#5070,.F.);
#5963 = ADVANCED_FACE('',(#5964),#5797,.F.);
#5964 = FACE_BOUND('',#5965,.F.);
#5965 = EDGE_LOOP('',(#5966,#5989,#5990,#6013));
#5966 = ORIENTED_EDGE('',*,*,#5967,.F.);
#5967 = EDGE_CURVE('',#5780,#5968,#5970,.T.);
#5968 = VERTEX_POINT('',#5969);
#5969 = CARTESIAN_POINT('',(1.43E+03,355.,543.));
#5970 = SURFACE_CURVE('',#5971,(#5975,#5982),.PCURVE_S1.);
#5971 = LINE('',#5972,#5973);
#5972 = CARTESIAN_POINT('',(1.43E+03,355.,517.));
#5973 = VECTOR('',#5974,1.);
#5974 = DIRECTION('',(0.,0.,1.));
#5975 = PCURVE('',#5797,#5976);
#5976 = DEFINITIONAL_REPRESENTATION('',(#5977),#5981);
#5977 = LINE('',#5978,#5979);
#5978 = CARTESIAN_POINT('',(0.,0.));
#5979 = VECTOR('',#5980,1.);
#5980 = DIRECTION('',(1.,0.));
#5981 = ( GEOMETRIC_REPRESENTATION_CONTEXT(2) 
PARAMETRIC_REPRESENTATION_CONTEXT() REPRESENTATION_CONTEXT('2D SPACE',''
  ) );
#5982 = PCURVE('',#5825,#5983);
#5983 = DEFINITIONAL_REPRESENTATION('',(#5984),#5988);
#5984 = LINE('',#5985,#5986);
#5985 = CARTESIAN_POINT('',(0.,0.));
#5986 = VECTOR('',#5987,1.);
#5987 = DIRECTION('',(1.,0.));
#5988 = ( GEOMETRIC_REPRESENTATION_CONTEXT(2) 
PARAMETRIC_REPRESENTATION_CONTEXT() REPRESENTATION_CONTEXT('2D SPACE',''
  ) );
#5989 = ORIENTED_EDGE('',*,*,#5779,.T.);
#5990 = ORIENTED_EDGE('',*,*,#5991,.T.);
#5991 = EDGE_CURVE('',#5782,#5992,#5994,.T.);
#5992 = VERTEX_POINT('',#5993);
#5993 = CARTESIAN_POINT('',(1.43E+03,485.,543.));
#5994 = SURFACE_CURVE('',#5995,(#5999,#6006),.PCURVE_S1.);
#5995 = LINE('',#5996,#5997);
#5996 = CARTESIAN_POINT('',(1.43E+03,485.,517.));
#5997 = VECTOR('',#5998,1.);
#5998 = DIRECTION('',(0.,0.,1.));
#5999 = PCURVE('',#5797,#6000);
#6000 = DEFINITIONAL_REPRESENTATION('',(#6001),#6005);
#6001 = LINE('',#6002,#6003);
#6002 = CARTESIAN_POINT('',(0.,-130.));
#6003 = VECTOR('',#6004,1.);
#6004 = DIRECTION('',(1.,0.));
#6005 = ( GEOMETRIC_REPRESENTATION_CONTEXT(2) 
PARAMETRIC_REPRESENTATION_CONTEXT() REPRESENTATION_CONTEXT('2D SPACE',''
  ) );
#6006 = PCURVE('',#5879,#6007);
#6007 = DEFINITIONAL_REPRESENTATION('',(#6008),#6012);
#6008 = LINE('',#6009,#6010);
#6009 = CARTESIAN_POINT('',(0.,0.));
#6010 = VECTOR('',#6011,1.);
#6011 = DIRECTION('',(1.,0.));
#6012 = ( GEOMETRIC_REPRESENTATION_CONTEXT(2) 
PARAMETRIC_REPRESENTATION_CONTEXT() REPRESENTATION_CONTEXT('2D SPACE',''
  ) );
#6013 = ORIENTED_EDGE('',*,*,#6014,.F.);
#6014 = EDGE_CURVE('',#5968,#5992,#6015,.T.);
#6015 = SURFACE_CURVE('',#6016,(#6020,#6027),.PCURVE_S1.);
#6016 = LINE('',#6017,#6018);
#6017 = CARTESIAN_POINT('',(1.43E+03,355.,543.));
#6018 = VECTOR('',#6019,1.);
#6019 = DIRECTION('',(-0.,1.,0.));
#6020 = PCURVE('',#5797,#6021);
#6021 = DEFINITIONAL_REPRESENTATION('',(#6022),#6026);
#6022 = LINE('',#6023,#6024);
#6023 = CARTESIAN_POINT('',(26.,0.));
#6024 = VECTOR('',#6025,1.);
#6025 = DIRECTION('',(0.,-1.));
#6026 = ( GEOMETRIC_REPRESENTATION_CONTEXT(2) 
PARAMETRIC_REPRESENTATION_CONTEXT() REPRESENTATION_CONTEXT('2D SPACE',''
  ) );
#6027 = PCURVE('',#6028,#6033);
#6028 = PLANE('',#6029);
#6029 = AXIS2_PLACEMENT_3D('',#6030,#6031,#6032);
#6030 = CARTESIAN_POINT('',(1.43E+03,355.,543.));
#6031 = DIRECTION('',(0.,0.,1.));
#6032 = DIRECTION('',(1.,0.,-0.));
#6033 = DEFINITIONAL_REPRESENTATION('',(#6034),#6038);
#6034 = LINE('',#6035,#6036);
#6035 = CARTESIAN_POINT('',(0.,0.));
#6036 = VECTOR('',#6037,1.);
#6037 = DIRECTION('',(0.,1.));
#6038 = ( GEOMETRIC_REPRESENTATION_CONTEXT(2) 
PARAMETRIC_REPRESENTATION_CONTEXT() REPRESENTATION_CONTEXT('2D SPACE',''
  ) );
#6039 = ADVANCED_FACE('',(#6040),#5879,.T.);
#6040 = FACE_BOUND('',#6041,.T.);
#6041 = EDGE_LOOP('',(#6042,#6043,#6044,#6067));
#6042 = ORIENTED_EDGE('',*,*,#5865,.F.);
#6043 = ORIENTED_EDGE('',*,*,#5991,.T.);
#6044 = ORIENTED_EDGE('',*,*,#6045,.T.);
#6045 = EDGE_CURVE('',#5992,#6046,#6048,.T.);
#6046 = VERTEX_POINT('',#6047);
#6047 = CARTESIAN_POINT('',(1.47E+03,485.,543.));
#6048 = SURFACE_CURVE('',#6049,(#6053,#6060),.PCURVE_S1.);
#6049 = LINE('',#6050,#6051);
#6050 = CARTESIAN_POINT('',(1.43E+03,485.,543.));
#6051 = VECTOR('',#6052,1.);
#6052 = DIRECTION('',(1.,0.,-0.));
#6053 = PCURVE('',#5879,#6054);
#6054 = DEFINITIONAL_REPRESENTATION('',(#6055),#6059);
#6055 = LINE('',#6056,#6057);
#6056 = CARTESIAN_POINT('',(26.,0.));
#6057 = VECTOR('',#6058,1.);
#6058 = DIRECTION('',(0.,1.));
#6059 = ( GEOMETRIC_REPRESENTATION_CONTEXT(2) 
PARAMETRIC_REPRESENTATION_CONTEXT() REPRESENTATION_CONTEXT('2D SPACE',''
  ) );
#6060 = PCURVE('',#6028,#6061);
#6061 = DEFINITIONAL_REPRESENTATION('',(#6062),#6066);
#6062 = LINE('',#6063,#6064);
#6063 = CARTESIAN_POINT('',(0.,130.));
#6064 = VECTOR('',#6065,1.);
#6065 = DIRECTION('',(1.,0.));
#6066 = ( GEOMETRIC_REPRESENTATION_CONTEXT(2) 
PARAMETRIC_REPRESENTATION_CONTEXT() REPRESENTATION_CONTEXT('2D SPACE',''
  ) );
#6067 = ORIENTED_EDGE('',*,*,#6068,.F.);
#6068 = EDGE_CURVE('',#5838,#6046,#6069,.T.);
#6069 = SURFACE_CURVE('',#6070,(#6074,#6081),.PCURVE_S1.);
#6070 = LINE('',#6071,#6072);
#6071 = CARTESIAN_POINT('',(1.47E+03,485.,517.));
#6072 = VECTOR('',#6073,1.);
#6073 = DIRECTION('',(0.,0.,1.));
#6074 = PCURVE('',#5879,#6075);
#6075 = DEFINITIONAL_REPRESENTATION('',(#6076),#6080);
#6076 = LINE('',#6077,#6078);
#6077 = CARTESIAN_POINT('',(0.,40.));
#6078 = VECTOR('',#6079,1.);
#6079 = DIRECTION('',(1.,0.));
#6080 = ( GEOMETRIC_REPRESENTATION_CONTEXT(2) 
PARAMETRIC_REPRESENTATION_CONTEXT() REPRESENTATION_CONTEXT('2D SPACE',''
  ) );
#6081 = PCURVE('',#5853,#6082);
#6082 = DEFINITIONAL_REPRESENTATION('',(#6083),#6087);
#6083 = LINE('',#6084,#6085);
#6084 = CARTESIAN_POINT('',(0.,-130.));
#6085 = VECTOR('',#6086,1.);
#6086 = DIRECTION('',(1.,0.));
#6087 = ( GEOMETRIC_REPRESENTATION_CONTEXT(2) 
PARAMETRIC_REPRESENTATION_CONTEXT() REPRESENTATION_CONTEXT('2D SPACE',''
  ) );
#6088 = ADVANCED_FACE('',(#6089),#5825,.F.);
#6089 = FACE_BOUND('',#6090,.F.);
#6090 = EDGE_LOOP('',(#6091,#6092,#6093,#6116));
#6091 = ORIENTED_EDGE('',*,*,#5809,.F.);
#6092 = ORIENTED_EDGE('',*,*,#5967,.T.);
#6093 = ORIENTED_EDGE('',*,*,#6094,.T.);
#6094 = EDGE_CURVE('',#5968,#6095,#6097,.T.);
#6095 = VERTEX_POINT('',#6096);
#6096 = CARTESIAN_POINT('',(1.47E+03,355.,543.));
#6097 = SURFACE_CURVE('',#6098,(#6102,#6109),.PCURVE_S1.);
#6098 = LINE('',#6099,#6100);
#6099 = CARTESIAN_POINT('',(1.43E+03,355.,543.));
#6100 = VECTOR('',#6101,1.);
#6101 = DIRECTION('',(1.,0.,-0.));
#6102 = PCURVE('',#5825,#6103);
#6103 = DEFINITIONAL_REPRESENTATION('',(#6104),#6108);
#6104 = LINE('',#6105,#6106);
#6105 = CARTESIAN_POINT('',(26.,0.));
#6106 = VECTOR('',#6107,1.);
#6107 = DIRECTION('',(0.,1.));
#6108 = ( GEOMETRIC_REPRESENTATION_CONTEXT(2) 
PARAMETRIC_REPRESENTATION_CONTEXT() REPRESENTATION_CONTEXT('2D SPACE',''
  ) );
#6109 = PCURVE('',#6028,#6110);
#6110 = DEFINITIONAL_REPRESENTATION('',(#6111),#6115);
#6111 = LINE('',#6112,#6113);
#6112 = CARTESIAN_POINT('',(0.,0.));
#6113 = VECTOR('',#6114,1.);
#6114 = DIRECTION('',(1.,0.));
#6115 = ( GEOMETRIC_REPRESENTATION_CONTEXT(2) 
PARAMETRIC_REPRESENTATION_CONTEXT() REPRESENTATION_CONTEXT('2D SPACE',''
  ) );
#6116 = ORIENTED_EDGE('',*,*,#6117,.F.);
#6117 = EDGE_CURVE('',#5810,#6095,#6118,.T.);
#6118 = SURFACE_CURVE('',#6119,(#6123,#6130),.PCURVE_S1.);
#6119 = LINE('',#6120,#6121);
#6120 = CARTESIAN_POINT('',(1.47E+03,355.,517.));
#6121 = VECTOR('',#6122,1.);
#6122 = DIRECTION('',(0.,0.,1.));
#6123 = PCURVE('',#5825,#6124);
#6124 = DEFINITIONAL_REPRESENTATION('',(#6125),#6129);
#6125 = LINE('',#6126,#6127);
#6126 = CARTESIAN_POINT('',(0.,40.));
#6127 = VECTOR('',#6128,1.);
#6128 = DIRECTION('',(1.,0.));
#6129 = ( GEOMETRIC_REPRESENTATION_CONTEXT(2) 
PARAMETRIC_REPRESENTATION_CONTEXT() REPRESENTATION_CONTEXT('2D SPACE',''
  ) );
#6130 = PCURVE('',#5853,#6131);
#6131 = DEFINITIONAL_REPRESENTATION('',(#6132),#6136);
#6132 = LINE('',#6133,#6134);
#6133 = CARTESIAN_POINT('',(0.,0.));
#6134 = VECTOR('',#6135,1.);
#6135 = DIRECTION('',(1.,0.));
#6136 = ( GEOMETRIC_REPRESENTATION_CONTEXT(2) 
PARAMETRIC_REPRESENTATION_CONTEXT() REPRESENTATION_CONTEXT('2D SPACE',''
  ) );
#6137 = ADVANCED_FACE('',(#6138),#5853,.T.);
#6138 = FACE_BOUND('',#6139,.T.);
#6139 = EDGE_LOOP('',(#6140,#6141,#6142,#6143));
#6140 = ORIENTED_EDGE('',*,*,#6117,.F.);
#6141 = ORIENTED_EDGE('',*,*,#5837,.T.);
#6142 = ORIENTED_EDGE('',*,*,#6068,.T.);
#6143 = ORIENTED_EDGE('',*,*,#6144,.F.);
#6144 = EDGE_CURVE('',#6095,#6046,#6145,.T.);
#6145 = SURFACE_CURVE('',#6146,(#6150,#6157),.PCURVE_S1.);
#6146 = LINE('',#6147,#6148);
#6147 = CARTESIAN_POINT('',(1.47E+03,355.,543.));
#6148 = VECTOR('',#6149,1.);
#6149 = DIRECTION('',(-0.,1.,0.));
#6150 = PCURVE('',#5853,#6151);
#6151 = DEFINITIONAL_REPRESENTATION('',(#6152),#6156);
#6152 = LINE('',#6153,#6154);
#6153 = CARTESIAN_POINT('',(26.,0.));
#6154 = VECTOR('',#6155,1.);
#6155 = DIRECTION('',(0.,-1.));
#6156 = ( GEOMETRIC_REPRESENTATION_CONTEXT(2) 
PARAMETRIC_REPRESENTATION_CONTEXT() REPRESENTATION_CONTEXT('2D SPACE',''
  ) );
#6157 = PCURVE('',#6028,#6158);
#6158 = DEFINITIONAL_REPRESENTATION('',(#6159),#6163);
#6159 = LINE('',#6160,#6161);
#6160 = CARTESIAN_POINT('',(40.,0.));
#6161 = VECTOR('',#6162,1.);
#6162 = DIRECTION('',(0.,1.));
#6163 = ( GEOMETRIC_REPRESENTATION_CONTEXT(2) 
PARAMETRIC_REPRESENTATION_CONTEXT() REPRESENTATION_CONTEXT('2D SPACE',''
  ) );
#6164 = ADVANCED_FACE('',(#6165),#5917,.T.);
#6165 = FACE_BOUND('',#6166,.T.);
#6166 = EDGE_LOOP('',(#6167,#6190,#6217,#6218));
#6167 = ORIENTED_EDGE('',*,*,#6168,.T.);
#6168 = EDGE_CURVE('',#5897,#6169,#6171,.T.);
#6169 = VERTEX_POINT('',#6170);
#6170 = CARTESIAN_POINT('',(1.441E+03,475.,254.));
#6171 = SEAM_CURVE('',#6172,(#6176,#6183),.PCURVE_S1.);
#6172 = LINE('',#6173,#6174);
#6173 = CARTESIAN_POINT('',(1.441E+03,475.,520.));
#6174 = VECTOR('',#6175,1.);
#6175 = DIRECTION('',(0.,0.,-1.));
#6176 = PCURVE('',#5917,#6177);
#6177 = DEFINITIONAL_REPRESENTATION('',(#6178),#6182);
#6178 = LINE('',#6179,#6180);
#6179 = CARTESIAN_POINT('',(6.28318530718,-0.));
#6180 = VECTOR('',#6181,1.);
#6181 = DIRECTION('',(0.,1.));
#6182 = ( GEOMETRIC_REPRESENTATION_CONTEXT(2) 
PARAMETRIC_REPRESENTATION_CONTEXT() REPRESENTATION_CONTEXT('2D SPACE',''
  ) );
#6183 = PCURVE('',#5917,#6184);
#6184 = DEFINITIONAL_REPRESENTATION('',(#6185),#6189);
#6185 = LINE('',#6186,#6187);
#6186 = CARTESIAN_POINT('',(0.,-0.));
#6187 = VECTOR('',#6188,1.);
#6188 = DIRECTION('',(0.,1.));
#6189 = ( GEOMETRIC_REPRESENTATION_CONTEXT(2) 
PARAMETRIC_REPRESENTATION_CONTEXT() REPRESENTATION_CONTEXT('2D SPACE',''
  ) );
#6190 = ORIENTED_EDGE('',*,*,#6191,.F.);
#6191 = EDGE_CURVE('',#6169,#6169,#6192,.T.);
#6192 = SURFACE_CURVE('',#6193,(#6198,#6205),.PCURVE_S1.);
#6193 = CIRCLE('',#6194,9.);
#6194 = AXIS2_PLACEMENT_3D('',#6195,#6196,#6197);
#6195 = CARTESIAN_POINT('',(1.45E+03,475.,254.));
#6196 = DIRECTION('',(0.,0.,-1.));
#6197 = DIRECTION('',(-1.,0.,-0.));
#6198 = PCURVE('',#5917,#6199);
#6199 = DEFINITIONAL_REPRESENTATION('',(#6200),#6204);
#6200 = LINE('',#6201,#6202);
#6201 = CARTESIAN_POINT('',(0.,266.));
#6202 = VECTOR('',#6203,1.);
#6203 = DIRECTION('',(1.,0.));
#6204 = ( GEOMETRIC_REPRESENTATION_CONTEXT(2) 
PARAMETRIC_REPRESENTATION_CONTEXT() REPRESENTATION_CONTEXT('2D SPACE',''
  ) );
#6205 = PCURVE('',#6206,#6211);
#6206 = PLANE('',#6207);
#6207 = AXIS2_PLACEMENT_3D('',#6208,#6209,#6210);
#6208 = CARTESIAN_POINT('',(1.45E+03,475.,254.));
#6209 = DIRECTION('',(0.,0.,-1.));
#6210 = DIRECTION('',(-1.,0.,-0.));
#6211 = DEFINITIONAL_REPRESENTATION('',(#6212),#6216);
#6212 = CIRCLE('',#6213,9.);
#6213 = AXIS2_PLACEMENT_2D('',#6214,#6215);
#6214 = CARTESIAN_POINT('',(0.,0.));
#6215 = DIRECTION('',(1.,0.));
#6216 = ( GEOMETRIC_REPRESENTATION_CONTEXT(2) 
PARAMETRIC_REPRESENTATION_CONTEXT() REPRESENTATION_CONTEXT('2D SPACE',''
  ) );
#6217 = ORIENTED_EDGE('',*,*,#6168,.F.);
#6218 = ORIENTED_EDGE('',*,*,#5896,.T.);
#6219 = ADVANCED_FACE('',(#6220,#6226),#6028,.T.);
#6220 = FACE_BOUND('',#6221,.T.);
#6221 = EDGE_LOOP('',(#6222,#6223,#6224,#6225));
#6222 = ORIENTED_EDGE('',*,*,#6014,.F.);
#6223 = ORIENTED_EDGE('',*,*,#6094,.T.);
#6224 = ORIENTED_EDGE('',*,*,#6144,.T.);
#6225 = ORIENTED_EDGE('',*,*,#6045,.F.);
#6226 = FACE_BOUND('',#6227,.T.);
#6227 = EDGE_LOOP('',(#6228));
#6228 = ORIENTED_EDGE('',*,*,#6229,.F.);
#6229 = EDGE_CURVE('',#6230,#6230,#6232,.T.);
#6230 = VERTEX_POINT('',#6231);
#6231 = CARTESIAN_POINT('',(1.462E+03,420.,543.));
#6232 = SURFACE_CURVE('',#6233,(#6238,#6245),.PCURVE_S1.);
#6233 = CIRCLE('',#6234,12.);
#6234 = AXIS2_PLACEMENT_3D('',#6235,#6236,#6237);
#6235 = CARTESIAN_POINT('',(1.45E+03,420.,543.));
#6236 = DIRECTION('',(0.,0.,1.));
#6237 = DIRECTION('',(1.,0.,-0.));
#6238 = PCURVE('',#6028,#6239);
#6239 = DEFINITIONAL_REPRESENTATION('',(#6240),#6244);
#6240 = CIRCLE('',#6241,12.);
#6241 = AXIS2_PLACEMENT_2D('',#6242,#6243);
#6242 = CARTESIAN_POINT('',(20.,65.));
#6243 = DIRECTION('',(1.,0.));
#6244 = ( GEOMETRIC_REPRESENTATION_CONTEXT(2) 
PARAMETRIC_REPRESENTATION_CONTEXT() REPRESENTATION_CONTEXT('2D SPACE',''
  ) );
#6245 = PCURVE('',#6246,#6251);
#6246 = CYLINDRICAL_SURFACE('',#6247,12.);
#6247 = AXIS2_PLACEMENT_3D('',#6248,#6249,#6250);
#6248 = CARTESIAN_POINT('',(1.45E+03,420.,520.));
#6249 = DIRECTION('',(0.,0.,1.));
#6250 = DIRECTION('',(1.,0.,-0.));
#6251 = DEFINITIONAL_REPRESENTATION('',(#6252),#6256);
#6252 = LINE('',#6253,#6254);
#6253 = CARTESIAN_POINT('',(0.,23.));
#6254 = VECTOR('',#6255,1.);
#6255 = DIRECTION('',(1.,0.));
#6256 = ( GEOMETRIC_REPRESENTATION_CONTEXT(2) 
PARAMETRIC_REPRESENTATION_CONTEXT() REPRESENTATION_CONTEXT('2D SPACE',''
  ) );
#6257 = ADVANCED_FACE('',(#6258),#6206,.T.);
#6258 = FACE_BOUND('',#6259,.T.);
#6259 = EDGE_LOOP('',(#6260));
#6260 = ORIENTED_EDGE('',*,*,#6191,.T.);
#6261 = ADVANCED_FACE('',(#6262),#6246,.T.);
#6262 = FACE_BOUND('',#6263,.T.);
#6263 = EDGE_LOOP('',(#6264,#6287,#6314,#6315));
#6264 = ORIENTED_EDGE('',*,*,#6265,.T.);
#6265 = EDGE_CURVE('',#6230,#6266,#6268,.T.);
#6266 = VERTEX_POINT('',#6267);
#6267 = CARTESIAN_POINT('',(1.462E+03,420.,705.));
#6268 = SEAM_CURVE('',#6269,(#6273,#6280),.PCURVE_S1.);
#6269 = LINE('',#6270,#6271);
#6270 = CARTESIAN_POINT('',(1.462E+03,420.,520.));
#6271 = VECTOR('',#6272,1.);
#6272 = DIRECTION('',(0.,0.,1.));
#6273 = PCURVE('',#6246,#6274);
#6274 = DEFINITIONAL_REPRESENTATION('',(#6275),#6279);
#6275 = LINE('',#6276,#6277);
#6276 = CARTESIAN_POINT('',(6.28318530718,-0.));
#6277 = VECTOR('',#6278,1.);
#6278 = DIRECTION('',(0.,1.));
#6279 = ( GEOMETRIC_REPRESENTATION_CONTEXT(2) 
PARAMETRIC_REPRESENTATION_CONTEXT() REPRESENTATION_CONTEXT('2D SPACE',''
  ) );
#6280 = PCURVE('',#6246,#6281);
#6281 = DEFINITIONAL_REPRESENTATION('',(#6282),#6286);
#6282 = LINE('',#6283,#6284);
#6283 = CARTESIAN_POINT('',(0.,-0.));
#6284 = VECTOR('',#6285,1.);
#6285 = DIRECTION('',(0.,1.));
#6286 = ( GEOMETRIC_REPRESENTATION_CONTEXT(2) 
PARAMETRIC_REPRESENTATION_CONTEXT() REPRESENTATION_CONTEXT('2D SPACE',''
  ) );
#6287 = ORIENTED_EDGE('',*,*,#6288,.F.);
#6288 = EDGE_CURVE('',#6266,#6266,#6289,.T.);
#6289 = SURFACE_CURVE('',#6290,(#6295,#6302),.PCURVE_S1.);
#6290 = CIRCLE('',#6291,12.);
#6291 = AXIS2_PLACEMENT_3D('',#6292,#6293,#6294);
#6292 = CARTESIAN_POINT('',(1.45E+03,420.,705.));
#6293 = DIRECTION('',(0.,0.,1.));
#6294 = DIRECTION('',(1.,0.,-0.));
#6295 = PCURVE('',#6246,#6296);
#6296 = DEFINITIONAL_REPRESENTATION('',(#6297),#6301);
#6297 = LINE('',#6298,#6299);
#6298 = CARTESIAN_POINT('',(0.,185.));
#6299 = VECTOR('',#6300,1.);
#6300 = DIRECTION('',(1.,0.));
#6301 = ( GEOMETRIC_REPRESENTATION_CONTEXT(2) 
PARAMETRIC_REPRESENTATION_CONTEXT() REPRESENTATION_CONTEXT('2D SPACE',''
  ) );
#6302 = PCURVE('',#6303,#6308);
#6303 = PLANE('',#6304);
#6304 = AXIS2_PLACEMENT_3D('',#6305,#6306,#6307);
#6305 = CARTESIAN_POINT('',(1.45E+03,420.,705.));
#6306 = DIRECTION('',(0.,0.,1.));
#6307 = DIRECTION('',(1.,0.,-0.));
#6308 = DEFINITIONAL_REPRESENTATION('',(#6309),#6313);
#6309 = CIRCLE('',#6310,12.);
#6310 = AXIS2_PLACEMENT_2D('',#6311,#6312);
#6311 = CARTESIAN_POINT('',(0.,0.));
#6312 = DIRECTION('',(1.,0.));
#6313 = ( GEOMETRIC_REPRESENTATION_CONTEXT(2) 
PARAMETRIC_REPRESENTATION_CONTEXT() REPRESENTATION_CONTEXT('2D SPACE',''
  ) );
#6314 = ORIENTED_EDGE('',*,*,#6265,.F.);
#6315 = ORIENTED_EDGE('',*,*,#6229,.T.);
#6316 = ADVANCED_FACE('',(#6317),#6303,.T.);
#6317 = FACE_BOUND('',#6318,.T.);
#6318 = EDGE_LOOP('',(#6319));
#6319 = ORIENTED_EDGE('',*,*,#6288,.T.);
#6320 = MANIFOLD_SOLID_BREP('',#6321);
#6321 = CLOSED_SHELL('',(#6322,#6410,#6445,#6475));
#6322 = ADVANCED_FACE('',(#6323),#6336,.T.);
#6323 = FACE_BOUND('',#6324,.T.);
#6324 = EDGE_LOOP('',(#6325,#6359,#6382,#6409));
#6325 = ORIENTED_EDGE('',*,*,#6326,.F.);
#6326 = EDGE_CURVE('',#6327,#6327,#6329,.T.);
#6327 = VERTEX_POINT('',#6328);
#6328 = CARTESIAN_POINT('',(1.02E+03,-4.898587196589E-15,510.));
#6329 = SURFACE_CURVE('',#6330,(#6335,#6347),.PCURVE_S1.);
#6330 = CIRCLE('',#6331,20.);
#6331 = AXIS2_PLACEMENT_3D('',#6332,#6333,#6334);
#6332 = CARTESIAN_POINT('',(1.E+03,0.,510.));
#6333 = DIRECTION('',(0.,0.,1.));
#6334 = DIRECTION('',(1.,0.,-0.));
#6335 = PCURVE('',#6336,#6341);
#6336 = CYLINDRICAL_SURFACE('',#6337,20.);
#6337 = AXIS2_PLACEMENT_3D('',#6338,#6339,#6340);
#6338 = CARTESIAN_POINT('',(1.E+03,0.,310.));
#6339 = DIRECTION('',(0.,0.,1.));
#6340 = DIRECTION('',(1.,0.,-0.));
#6341 = DEFINITIONAL_REPRESENTATION('',(#6342),#6346);
#6342 = LINE('',#6343,#6344);
#6343 = CARTESIAN_POINT('',(0.,200.));
#6344 = VECTOR('',#6345,1.);
#6345 = DIRECTION('',(1.,0.));
#6346 = ( GEOMETRIC_REPRESENTATION_CONTEXT(2) 
PARAMETRIC_REPRESENTATION_CONTEXT() REPRESENTATION_CONTEXT('2D SPACE',''
  ) );
#6347 = PCURVE('',#6348,#6353);
#6348 = PLANE('',#6349);
#6349 = AXIS2_PLACEMENT_3D('',#6350,#6351,#6352);
#6350 = CARTESIAN_POINT('',(1.E+03,0.,510.));
#6351 = DIRECTION('',(0.,0.,1.));
#6352 = DIRECTION('',(1.,0.,-0.));
#6353 = DEFINITIONAL_REPRESENTATION('',(#6354),#6358);
#6354 = CIRCLE('',#6355,20.);
#6355 = AXIS2_PLACEMENT_2D('',#6356,#6357);
#6356 = CARTESIAN_POINT('',(0.,0.));
#6357 = DIRECTION('',(1.,0.));
#6358 = ( GEOMETRIC_REPRESENTATION_CONTEXT(2) 
PARAMETRIC_REPRESENTATION_CONTEXT() REPRESENTATION_CONTEXT('2D SPACE',''
  ) );
#6359 = ORIENTED_EDGE('',*,*,#6360,.F.);
#6360 = EDGE_CURVE('',#6361,#6327,#6363,.T.);
#6361 = VERTEX_POINT('',#6362);
#6362 = CARTESIAN_POINT('',(1.02E+03,-4.898587196589E-15,310.));
#6363 = SEAM_CURVE('',#6364,(#6368,#6375),.PCURVE_S1.);
#6364 = LINE('',#6365,#6366);
#6365 = CARTESIAN_POINT('',(1.02E+03,-4.898587196589E-15,310.));
#6366 = VECTOR('',#6367,1.);
#6367 = DIRECTION('',(0.,0.,1.));
#6368 = PCURVE('',#6336,#6369);
#6369 = DEFINITIONAL_REPRESENTATION('',(#6370),#6374);
#6370 = LINE('',#6371,#6372);
#6371 = CARTESIAN_POINT('',(6.28318530718,-0.));
#6372 = VECTOR('',#6373,1.);
#6373 = DIRECTION('',(0.,1.));
#6374 = ( GEOMETRIC_REPRESENTATION_CONTEXT(2) 
PARAMETRIC_REPRESENTATION_CONTEXT() REPRESENTATION_CONTEXT('2D SPACE',''
  ) );
#6375 = PCURVE('',#6336,#6376);
#6376 = DEFINITIONAL_REPRESENTATION('',(#6377),#6381);
#6377 = LINE('',#6378,#6379);
#6378 = CARTESIAN_POINT('',(0.,-0.));
#6379 = VECTOR('',#6380,1.);
#6380 = DIRECTION('',(0.,1.));
#6381 = ( GEOMETRIC_REPRESENTATION_CONTEXT(2) 
PARAMETRIC_REPRESENTATION_CONTEXT() REPRESENTATION_CONTEXT('2D SPACE',''
  ) );
#6382 = ORIENTED_EDGE('',*,*,#6383,.T.);
#6383 = EDGE_CURVE('',#6361,#6361,#6384,.T.);
#6384 = SURFACE_CURVE('',#6385,(#6390,#6397),.PCURVE_S1.);
#6385 = CIRCLE('',#6386,20.);
#6386 = AXIS2_PLACEMENT_3D('',#6387,#6388,#6389);
#6387 = CARTESIAN_POINT('',(1.E+03,0.,310.));
#6388 = DIRECTION('',(0.,0.,1.));
#6389 = DIRECTION('',(1.,0.,-0.));
#6390 = PCURVE('',#6336,#6391);
#6391 = DEFINITIONAL_REPRESENTATION('',(#6392),#6396);
#6392 = LINE('',#6393,#6394);
#6393 = CARTESIAN_POINT('',(0.,0.));
#6394 = VECTOR('',#6395,1.);
#6395 = DIRECTION('',(1.,0.));
#6396 = ( GEOMETRIC_REPRESENTATION_CONTEXT(2) 
PARAMETRIC_REPRESENTATION_CONTEXT() REPRESENTATION_CONTEXT('2D SPACE',''
  ) );
#6397 = PCURVE('',#6398,#6403);
#6398 = PLANE('',#6399);
#6399 = AXIS2_PLACEMENT_3D('',#6400,#6401,#6402);
#6400 = CARTESIAN_POINT('',(1.E+03,0.,310.));
#6401 = DIRECTION('',(0.,0.,1.));
#6402 = DIRECTION('',(1.,0.,-0.));
#6403 = DEFINITIONAL_REPRESENTATION('',(#6404),#6408);
#6404 = CIRCLE('',#6405,20.);
#6405 = AXIS2_PLACEMENT_2D('',#6406,#6407);
#6406 = CARTESIAN_POINT('',(0.,0.));
#6407 = DIRECTION('',(1.,0.));
#6408 = ( GEOMETRIC_REPRESENTATION_CONTEXT(2) 
PARAMETRIC_REPRESENTATION_CONTEXT() REPRESENTATION_CONTEXT('2D SPACE',''
  ) );
#6409 = ORIENTED_EDGE('',*,*,#6360,.T.);
#6410 = ADVANCED_FACE('',(#6411,#6414),#6348,.T.);
#6411 = FACE_BOUND('',#6412,.T.);
#6412 = EDGE_LOOP('',(#6413));
#6413 = ORIENTED_EDGE('',*,*,#6326,.T.);
#6414 = FACE_BOUND('',#6415,.T.);
#6415 = EDGE_LOOP('',(#6416));
#6416 = ORIENTED_EDGE('',*,*,#6417,.F.);
#6417 = EDGE_CURVE('',#6418,#6418,#6420,.T.);
#6418 = VERTEX_POINT('',#6419);
#6419 = CARTESIAN_POINT('',(1.017E+03,-4.163799117101E-15,510.));
#6420 = SURFACE_CURVE('',#6421,(#6426,#6433),.PCURVE_S1.);
#6421 = CIRCLE('',#6422,17.);
#6422 = AXIS2_PLACEMENT_3D('',#6423,#6424,#6425);
#6423 = CARTESIAN_POINT('',(1.E+03,0.,510.));
#6424 = DIRECTION('',(0.,0.,1.));
#6425 = DIRECTION('',(1.,0.,-0.));
#6426 = PCURVE('',#6348,#6427);
#6427 = DEFINITIONAL_REPRESENTATION('',(#6428),#6432);
#6428 = CIRCLE('',#6429,17.);
#6429 = AXIS2_PLACEMENT_2D('',#6430,#6431);
#6430 = CARTESIAN_POINT('',(0.,0.));
#6431 = DIRECTION('',(1.,0.));
#6432 = ( GEOMETRIC_REPRESENTATION_CONTEXT(2) 
PARAMETRIC_REPRESENTATION_CONTEXT() REPRESENTATION_CONTEXT('2D SPACE',''
  ) );
#6433 = PCURVE('',#6434,#6439);
#6434 = CYLINDRICAL_SURFACE('',#6435,17.);
#6435 = AXIS2_PLACEMENT_3D('',#6436,#6437,#6438);
#6436 = CARTESIAN_POINT('',(1.E+03,0.,309.));
#6437 = DIRECTION('',(0.,0.,1.));
#6438 = DIRECTION('',(1.,0.,-0.));
#6439 = DEFINITIONAL_REPRESENTATION('',(#6440),#6444);
#6440 = LINE('',#6441,#6442);
#6441 = CARTESIAN_POINT('',(0.,201.));
#6442 = VECTOR('',#6443,1.);
#6443 = DIRECTION('',(1.,0.));
#6444 = ( GEOMETRIC_REPRESENTATION_CONTEXT(2) 
PARAMETRIC_REPRESENTATION_CONTEXT() REPRESENTATION_CONTEXT('2D SPACE',''
  ) );
#6445 = ADVANCED_FACE('',(#6446,#6449),#6398,.F.);
#6446 = FACE_BOUND('',#6447,.F.);
#6447 = EDGE_LOOP('',(#6448));
#6448 = ORIENTED_EDGE('',*,*,#6383,.T.);
#6449 = FACE_BOUND('',#6450,.F.);
#6450 = EDGE_LOOP('',(#6451));
#6451 = ORIENTED_EDGE('',*,*,#6452,.F.);
#6452 = EDGE_CURVE('',#6453,#6453,#6455,.T.);
#6453 = VERTEX_POINT('',#6454);
#6454 = CARTESIAN_POINT('',(1.017E+03,-4.163799117101E-15,310.));
#6455 = SURFACE_CURVE('',#6456,(#6461,#6468),.PCURVE_S1.);
#6456 = CIRCLE('',#6457,17.);
#6457 = AXIS2_PLACEMENT_3D('',#6458,#6459,#6460);
#6458 = CARTESIAN_POINT('',(1.E+03,0.,310.));
#6459 = DIRECTION('',(0.,0.,1.));
#6460 = DIRECTION('',(1.,0.,-0.));
#6461 = PCURVE('',#6398,#6462);
#6462 = DEFINITIONAL_REPRESENTATION('',(#6463),#6467);
#6463 = CIRCLE('',#6464,17.);
#6464 = AXIS2_PLACEMENT_2D('',#6465,#6466);
#6465 = CARTESIAN_POINT('',(0.,0.));
#6466 = DIRECTION('',(1.,0.));
#6467 = ( GEOMETRIC_REPRESENTATION_CONTEXT(2) 
PARAMETRIC_REPRESENTATION_CONTEXT() REPRESENTATION_CONTEXT('2D SPACE',''
  ) );
#6468 = PCURVE('',#6434,#6469);
#6469 = DEFINITIONAL_REPRESENTATION('',(#6470),#6474);
#6470 = LINE('',#6471,#6472);
#6471 = CARTESIAN_POINT('',(0.,1.));
#6472 = VECTOR('',#6473,1.);
#6473 = DIRECTION('',(1.,0.));
#6474 = ( GEOMETRIC_REPRESENTATION_CONTEXT(2) 
PARAMETRIC_REPRESENTATION_CONTEXT() REPRESENTATION_CONTEXT('2D SPACE',''
  ) );
#6475 = ADVANCED_FACE('',(#6476),#6434,.F.);
#6476 = FACE_BOUND('',#6477,.F.);
#6477 = EDGE_LOOP('',(#6478,#6479,#6500,#6501));
#6478 = ORIENTED_EDGE('',*,*,#6417,.F.);
#6479 = ORIENTED_EDGE('',*,*,#6480,.F.);
#6480 = EDGE_CURVE('',#6453,#6418,#6481,.T.);
#6481 = SEAM_CURVE('',#6482,(#6486,#6493),.PCURVE_S1.);
#6482 = LINE('',#6483,#6484);
#6483 = CARTESIAN_POINT('',(1.017E+03,-4.163799117101E-15,309.));
#6484 = VECTOR('',#6485,1.);
#6485 = DIRECTION('',(0.,0.,1.));
#6486 = PCURVE('',#6434,#6487);
#6487 = DEFINITIONAL_REPRESENTATION('',(#6488),#6492);
#6488 = LINE('',#6489,#6490);
#6489 = CARTESIAN_POINT('',(6.28318530718,-0.));
#6490 = VECTOR('',#6491,1.);
#6491 = DIRECTION('',(0.,1.));
#6492 = ( GEOMETRIC_REPRESENTATION_CONTEXT(2) 
PARAMETRIC_REPRESENTATION_CONTEXT() REPRESENTATION_CONTEXT('2D SPACE',''
  ) );
#6493 = PCURVE('',#6434,#6494);
#6494 = DEFINITIONAL_REPRESENTATION('',(#6495),#6499);
#6495 = LINE('',#6496,#6497);
#6496 = CARTESIAN_POINT('',(0.,-0.));
#6497 = VECTOR('',#6498,1.);
#6498 = DIRECTION('',(0.,1.));
#6499 = ( GEOMETRIC_REPRESENTATION_CONTEXT(2) 
PARAMETRIC_REPRESENTATION_CONTEXT() REPRESENTATION_CONTEXT('2D SPACE',''
  ) );
#6500 = ORIENTED_EDGE('',*,*,#6452,.T.);
#6501 = ORIENTED_EDGE('',*,*,#6480,.T.);
#6502 = MANIFOLD_SOLID_BREP('',#6503);
#6503 = CLOSED_SHELL('',(#6504,#6592,#6596));
#6504 = ADVANCED_FACE('',(#6505),#6518,.T.);
#6505 = FACE_BOUND('',#6506,.T.);
#6506 = EDGE_LOOP('',(#6507,#6541,#6564,#6591));
#6507 = ORIENTED_EDGE('',*,*,#6508,.F.);
#6508 = EDGE_CURVE('',#6509,#6509,#6511,.T.);
#6509 = VERTEX_POINT('',#6510);
#6510 = CARTESIAN_POINT('',(1.012E+03,-2.939152317954E-15,830.));
#6511 = SURFACE_CURVE('',#6512,(#6517,#6529),.PCURVE_S1.);
#6512 = CIRCLE('',#6513,12.);
#6513 = AXIS2_PLACEMENT_3D('',#6514,#6515,#6516);
#6514 = CARTESIAN_POINT('',(1.E+03,0.,830.));
#6515 = DIRECTION('',(0.,0.,1.));
#6516 = DIRECTION('',(1.,0.,-0.));
#6517 = PCURVE('',#6518,#6523);
#6518 = CYLINDRICAL_SURFACE('',#6519,12.);
#6519 = AXIS2_PLACEMENT_3D('',#6520,#6521,#6522);
#6520 = CARTESIAN_POINT('',(1.E+03,0.,250.));
#6521 = DIRECTION('',(0.,0.,1.));
#6522 = DIRECTION('',(1.,0.,-0.));
#6523 = DEFINITIONAL_REPRESENTATION('',(#6524),#6528);
#6524 = LINE('',#6525,#6526);
#6525 = CARTESIAN_POINT('',(0.,580.));
#6526 = VECTOR('',#6527,1.);
#6527 = DIRECTION('',(1.,0.));
#6528 = ( GEOMETRIC_REPRESENTATION_CONTEXT(2) 
PARAMETRIC_REPRESENTATION_CONTEXT() REPRESENTATION_CONTEXT('2D SPACE',''
  ) );
#6529 = PCURVE('',#6530,#6535);
#6530 = PLANE('',#6531);
#6531 = AXIS2_PLACEMENT_3D('',#6532,#6533,#6534);
#6532 = CARTESIAN_POINT('',(1.E+03,0.,830.));
#6533 = DIRECTION('',(0.,0.,1.));
#6534 = DIRECTION('',(1.,0.,-0.));
#6535 = DEFINITIONAL_REPRESENTATION('',(#6536),#6540);
#6536 = CIRCLE('',#6537,12.);
#6537 = AXIS2_PLACEMENT_2D('',#6538,#6539);
#6538 = CARTESIAN_POINT('',(0.,0.));
#6539 = DIRECTION('',(1.,0.));
#6540 = ( GEOMETRIC_REPRESENTATION_CONTEXT(2) 
PARAMETRIC_REPRESENTATION_CONTEXT() REPRESENTATION_CONTEXT('2D SPACE',''
  ) );
#6541 = ORIENTED_EDGE('',*,*,#6542,.F.);
#6542 = EDGE_CURVE('',#6543,#6509,#6545,.T.);
#6543 = VERTEX_POINT('',#6544);
#6544 = CARTESIAN_POINT('',(1.012E+03,-2.939152317954E-15,250.));
#6545 = SEAM_CURVE('',#6546,(#6550,#6557),.PCURVE_S1.);
#6546 = LINE('',#6547,#6548);
#6547 = CARTESIAN_POINT('',(1.012E+03,-2.939152317954E-15,250.));
#6548 = VECTOR('',#6549,1.);
#6549 = DIRECTION('',(0.,0.,1.));
#6550 = PCURVE('',#6518,#6551);
#6551 = DEFINITIONAL_REPRESENTATION('',(#6552),#6556);
#6552 = LINE('',#6553,#6554);
#6553 = CARTESIAN_POINT('',(6.28318530718,-0.));
#6554 = VECTOR('',#6555,1.);
#6555 = DIRECTION('',(0.,1.));
#6556 = ( GEOMETRIC_REPRESENTATION_CONTEXT(2) 
PARAMETRIC_REPRESENTATION_CONTEXT() REPRESENTATION_CONTEXT('2D SPACE',''
  ) );
#6557 = PCURVE('',#6518,#6558);
#6558 = DEFINITIONAL_REPRESENTATION('',(#6559),#6563);
#6559 = LINE('',#6560,#6561);
#6560 = CARTESIAN_POINT('',(0.,-0.));
#6561 = VECTOR('',#6562,1.);
#6562 = DIRECTION('',(0.,1.));
#6563 = ( GEOMETRIC_REPRESENTATION_CONTEXT(2) 
PARAMETRIC_REPRESENTATION_CONTEXT() REPRESENTATION_CONTEXT('2D SPACE',''
  ) );
#6564 = ORIENTED_EDGE('',*,*,#6565,.T.);
#6565 = EDGE_CURVE('',#6543,#6543,#6566,.T.);
#6566 = SURFACE_CURVE('',#6567,(#6572,#6579),.PCURVE_S1.);
#6567 = CIRCLE('',#6568,12.);
#6568 = AXIS2_PLACEMENT_3D('',#6569,#6570,#6571);
#6569 = CARTESIAN_POINT('',(1.E+03,0.,250.));
#6570 = DIRECTION('',(0.,0.,1.));
#6571 = DIRECTION('',(1.,0.,-0.));
#6572 = PCURVE('',#6518,#6573);
#6573 = DEFINITIONAL_REPRESENTATION('',(#6574),#6578);
#6574 = LINE('',#6575,#6576);
#6575 = CARTESIAN_POINT('',(0.,0.));
#6576 = VECTOR('',#6577,1.);
#6577 = DIRECTION('',(1.,0.));
#6578 = ( GEOMETRIC_REPRESENTATION_CONTEXT(2) 
PARAMETRIC_REPRESENTATION_CONTEXT() REPRESENTATION_CONTEXT('2D SPACE',''
  ) );
#6579 = PCURVE('',#6580,#6585);
#6580 = PLANE('',#6581);
#6581 = AXIS2_PLACEMENT_3D('',#6582,#6583,#6584);
#6582 = CARTESIAN_POINT('',(1.E+03,0.,250.));
#6583 = DIRECTION('',(0.,0.,1.));
#6584 = DIRECTION('',(1.,0.,-0.));
#6585 = DEFINITIONAL_REPRESENTATION('',(#6586),#6590);
#6586 = CIRCLE('',#6587,12.);
#6587 = AXIS2_PLACEMENT_2D('',#6588,#6589);
#6588 = CARTESIAN_POINT('',(0.,0.));
#6589 = DIRECTION('',(1.,0.));
#6590 = ( GEOMETRIC_REPRESENTATION_CONTEXT(2) 
PARAMETRIC_REPRESENTATION_CONTEXT() REPRESENTATION_CONTEXT('2D SPACE',''
  ) );
#6591 = ORIENTED_EDGE('',*,*,#6542,.T.);
#6592 = ADVANCED_FACE('',(#6593),#6530,.T.);
#6593 = FACE_BOUND('',#6594,.T.);
#6594 = EDGE_LOOP('',(#6595));
#6595 = ORIENTED_EDGE('',*,*,#6508,.T.);
#6596 = ADVANCED_FACE('',(#6597),#6580,.F.);
#6597 = FACE_BOUND('',#6598,.T.);
#6598 = EDGE_LOOP('',(#6599));
#6599 = ORIENTED_EDGE('',*,*,#6565,.F.);
#6600 = MANIFOLD_SOLID_BREP('',#6601);
#6601 = CLOSED_SHELL('',(#6602,#6722,#6798,#6869,#7522,#8055,#8062,#8109
    ,#8136,#8163,#8190,#8217,#8244,#8271,#8298,#8325,#8352,#8379,#8406,
    #8433,#8460,#8487,#8514,#8541,#8568,#8595,#8622,#8649,#8676,#8703));
#6602 = ADVANCED_FACE('',(#6603),#6617,.F.);
#6603 = FACE_BOUND('',#6604,.F.);
#6604 = EDGE_LOOP('',(#6605,#6640,#6668,#6696));
#6605 = ORIENTED_EDGE('',*,*,#6606,.T.);
#6606 = EDGE_CURVE('',#6607,#6609,#6611,.T.);
#6607 = VERTEX_POINT('',#6608);
#6608 = CARTESIAN_POINT('',(925.,-39.,330.));
#6609 = VERTEX_POINT('',#6610);
#6610 = CARTESIAN_POINT('',(925.,-39.,333.));
#6611 = SURFACE_CURVE('',#6612,(#6616,#6628),.PCURVE_S1.);
#6612 = LINE('',#6613,#6614);
#6613 = CARTESIAN_POINT('',(925.,-39.,330.));
#6614 = VECTOR('',#6615,1.);
#6615 = DIRECTION('',(0.,0.,1.));
#6616 = PCURVE('',#6617,#6622);
#6617 = PLANE('',#6618);
#6618 = AXIS2_PLACEMENT_3D('',#6619,#6620,#6621);
#6619 = CARTESIAN_POINT('',(925.,-39.,330.));
#6620 = DIRECTION('',(0.,1.,0.));
#6621 = DIRECTION('',(1.,0.,0.));
#6622 = DEFINITIONAL_REPRESENTATION('',(#6623),#6627);
#6623 = LINE('',#6624,#6625);
#6624 = CARTESIAN_POINT('',(0.,0.));
#6625 = VECTOR('',#6626,1.);
#6626 = DIRECTION('',(0.,-1.));
#6627 = ( GEOMETRIC_REPRESENTATION_CONTEXT(2) 
PARAMETRIC_REPRESENTATION_CONTEXT() REPRESENTATION_CONTEXT('2D SPACE',''
  ) );
#6628 = PCURVE('',#6629,#6634);
#6629 = PLANE('',#6630);
#6630 = AXIS2_PLACEMENT_3D('',#6631,#6632,#6633);
#6631 = CARTESIAN_POINT('',(925.,39.,330.));
#6632 = DIRECTION('',(1.,0.,-0.));
#6633 = DIRECTION('',(0.,-1.,0.));
#6634 = DEFINITIONAL_REPRESENTATION('',(#6635),#6639);
#6635 = LINE('',#6636,#6637);
#6636 = CARTESIAN_POINT('',(78.,0.));
#6637 = VECTOR('',#6638,1.);
#6638 = DIRECTION('',(0.,-1.));
#6639 = ( GEOMETRIC_REPRESENTATION_CONTEXT(2) 
PARAMETRIC_REPRESENTATION_CONTEXT() REPRESENTATION_CONTEXT('2D SPACE',''
  ) );
#6640 = ORIENTED_EDGE('',*,*,#6641,.T.);
#6641 = EDGE_CURVE('',#6609,#6642,#6644,.T.);
#6642 = VERTEX_POINT('',#6643);
#6643 = CARTESIAN_POINT('',(1.03E+03,-39.,333.));
#6644 = SURFACE_CURVE('',#6645,(#6649,#6656),.PCURVE_S1.);
#6645 = LINE('',#6646,#6647);
#6646 = CARTESIAN_POINT('',(925.,-39.,333.));
#6647 = VECTOR('',#6648,1.);
#6648 = DIRECTION('',(1.,0.,0.));
#6649 = PCURVE('',#6617,#6650);
#6650 = DEFINITIONAL_REPRESENTATION('',(#6651),#6655);
#6651 = LINE('',#6652,#6653);
#6652 = CARTESIAN_POINT('',(0.,-3.));
#6653 = VECTOR('',#6654,1.);
#6654 = DIRECTION('',(1.,0.));
#6655 = ( GEOMETRIC_REPRESENTATION_CONTEXT(2) 
PARAMETRIC_REPRESENTATION_CONTEXT() REPRESENTATION_CONTEXT('2D SPACE',''
  ) );
#6656 = PCURVE('',#6657,#6662);
#6657 = PLANE('',#6658);
#6658 = AXIS2_PLACEMENT_3D('',#6659,#6660,#6661);
#6659 = CARTESIAN_POINT('',(977.5,0.,333.));
#6660 = DIRECTION('',(0.,0.,1.));
#6661 = DIRECTION('',(1.,0.,-0.));
#6662 = DEFINITIONAL_REPRESENTATION('',(#6663),#6667);
#6663 = LINE('',#6664,#6665);
#6664 = CARTESIAN_POINT('',(-52.5,-39.));
#6665 = VECTOR('',#6666,1.);
#6666 = DIRECTION('',(1.,0.));
#6667 = ( GEOMETRIC_REPRESENTATION_CONTEXT(2) 
PARAMETRIC_REPRESENTATION_CONTEXT() REPRESENTATION_CONTEXT('2D SPACE',''
  ) );
#6668 = ORIENTED_EDGE('',*,*,#6669,.F.);
#6669 = EDGE_CURVE('',#6670,#6642,#6672,.T.);
#6670 = VERTEX_POINT('',#6671);
#6671 = CARTESIAN_POINT('',(1.03E+03,-39.,330.));
#6672 = SURFACE_CURVE('',#6673,(#6677,#6684),.PCURVE_S1.);
#6673 = LINE('',#6674,#6675);
#6674 = CARTESIAN_POINT('',(1.03E+03,-39.,330.));
#6675 = VECTOR('',#6676,1.);
#6676 = DIRECTION('',(0.,0.,1.));
#6677 = PCURVE('',#6617,#6678);
#6678 = DEFINITIONAL_REPRESENTATION('',(#6679),#6683);
#6679 = LINE('',#6680,#6681);
#6680 = CARTESIAN_POINT('',(105.,0.));
#6681 = VECTOR('',#6682,1.);
#6682 = DIRECTION('',(0.,-1.));
#6683 = ( GEOMETRIC_REPRESENTATION_CONTEXT(2) 
PARAMETRIC_REPRESENTATION_CONTEXT() REPRESENTATION_CONTEXT('2D SPACE',''
  ) );
#6684 = PCURVE('',#6685,#6690);
#6685 = PLANE('',#6686);
#6686 = AXIS2_PLACEMENT_3D('',#6687,#6688,#6689);
#6687 = CARTESIAN_POINT('',(1.03E+03,-39.,330.));
#6688 = DIRECTION('',(-1.,0.,0.));
#6689 = DIRECTION('',(0.,1.,0.));
#6690 = DEFINITIONAL_REPRESENTATION('',(#6691),#6695);
#6691 = LINE('',#6692,#6693);
#6692 = CARTESIAN_POINT('',(0.,0.));
#6693 = VECTOR('',#6694,1.);
#6694 = DIRECTION('',(0.,-1.));
#6695 = ( GEOMETRIC_REPRESENTATION_CONTEXT(2) 
PARAMETRIC_REPRESENTATION_CONTEXT() REPRESENTATION_CONTEXT('2D SPACE',''
  ) );
#6696 = ORIENTED_EDGE('',*,*,#6697,.F.);
#6697 = EDGE_CURVE('',#6607,#6670,#6698,.T.);
#6698 = SURFACE_CURVE('',#6699,(#6703,#6710),.PCURVE_S1.);
#6699 = LINE('',#6700,#6701);
#6700 = CARTESIAN_POINT('',(925.,-39.,330.));
#6701 = VECTOR('',#6702,1.);
#6702 = DIRECTION('',(1.,0.,0.));
#6703 = PCURVE('',#6617,#6704);
#6704 = DEFINITIONAL_REPRESENTATION('',(#6705),#6709);
#6705 = LINE('',#6706,#6707);
#6706 = CARTESIAN_POINT('',(0.,0.));
#6707 = VECTOR('',#6708,1.);
#6708 = DIRECTION('',(1.,0.));
#6709 = ( GEOMETRIC_REPRESENTATION_CONTEXT(2) 
PARAMETRIC_REPRESENTATION_CONTEXT() REPRESENTATION_CONTEXT('2D SPACE',''
  ) );
#6710 = PCURVE('',#6711,#6716);
#6711 = PLANE('',#6712);
#6712 = AXIS2_PLACEMENT_3D('',#6713,#6714,#6715);
#6713 = CARTESIAN_POINT('',(977.5,0.,330.));
#6714 = DIRECTION('',(0.,0.,1.));
#6715 = DIRECTION('',(1.,0.,-0.));
#6716 = DEFINITIONAL_REPRESENTATION('',(#6717),#6721);
#6717 = LINE('',#6718,#6719);
#6718 = CARTESIAN_POINT('',(-52.5,-39.));
#6719 = VECTOR('',#6720,1.);
#6720 = DIRECTION('',(1.,0.));
#6721 = ( GEOMETRIC_REPRESENTATION_CONTEXT(2) 
PARAMETRIC_REPRESENTATION_CONTEXT() REPRESENTATION_CONTEXT('2D SPACE',''
  ) );
#6722 = ADVANCED_FACE('',(#6723),#6629,.F.);
#6723 = FACE_BOUND('',#6724,.F.);
#6724 = EDGE_LOOP('',(#6725,#6755,#6776,#6777));
#6725 = ORIENTED_EDGE('',*,*,#6726,.T.);
#6726 = EDGE_CURVE('',#6727,#6729,#6731,.T.);
#6727 = VERTEX_POINT('',#6728);
#6728 = CARTESIAN_POINT('',(925.,39.,330.));
#6729 = VERTEX_POINT('',#6730);
#6730 = CARTESIAN_POINT('',(925.,39.,333.));
#6731 = SURFACE_CURVE('',#6732,(#6736,#6743),.PCURVE_S1.);
#6732 = LINE('',#6733,#6734);
#6733 = CARTESIAN_POINT('',(925.,39.,330.));
#6734 = VECTOR('',#6735,1.);
#6735 = DIRECTION('',(0.,0.,1.));
#6736 = PCURVE('',#6629,#6737);
#6737 = DEFINITIONAL_REPRESENTATION('',(#6738),#6742);
#6738 = LINE('',#6739,#6740);
#6739 = CARTESIAN_POINT('',(0.,0.));
#6740 = VECTOR('',#6741,1.);
#6741 = DIRECTION('',(0.,-1.));
#6742 = ( GEOMETRIC_REPRESENTATION_CONTEXT(2) 
PARAMETRIC_REPRESENTATION_CONTEXT() REPRESENTATION_CONTEXT('2D SPACE',''
  ) );
#6743 = PCURVE('',#6744,#6749);
#6744 = PLANE('',#6745);
#6745 = AXIS2_PLACEMENT_3D('',#6746,#6747,#6748);
#6746 = CARTESIAN_POINT('',(1.03E+03,39.,330.));
#6747 = DIRECTION('',(0.,-1.,0.));
#6748 = DIRECTION('',(-1.,0.,0.));
#6749 = DEFINITIONAL_REPRESENTATION('',(#6750),#6754);
#6750 = LINE('',#6751,#6752);
#6751 = CARTESIAN_POINT('',(105.,0.));
#6752 = VECTOR('',#6753,1.);
#6753 = DIRECTION('',(0.,-1.));
#6754 = ( GEOMETRIC_REPRESENTATION_CONTEXT(2) 
PARAMETRIC_REPRESENTATION_CONTEXT() REPRESENTATION_CONTEXT('2D SPACE',''
  ) );
#6755 = ORIENTED_EDGE('',*,*,#6756,.T.);
#6756 = EDGE_CURVE('',#6729,#6609,#6757,.T.);
#6757 = SURFACE_CURVE('',#6758,(#6762,#6769),.PCURVE_S1.);
#6758 = LINE('',#6759,#6760);
#6759 = CARTESIAN_POINT('',(925.,39.,333.));
#6760 = VECTOR('',#6761,1.);
#6761 = DIRECTION('',(0.,-1.,0.));
#6762 = PCURVE('',#6629,#6763);
#6763 = DEFINITIONAL_REPRESENTATION('',(#6764),#6768);
#6764 = LINE('',#6765,#6766);
#6765 = CARTESIAN_POINT('',(0.,-3.));
#6766 = VECTOR('',#6767,1.);
#6767 = DIRECTION('',(1.,0.));
#6768 = ( GEOMETRIC_REPRESENTATION_CONTEXT(2) 
PARAMETRIC_REPRESENTATION_CONTEXT() REPRESENTATION_CONTEXT('2D SPACE',''
  ) );
#6769 = PCURVE('',#6657,#6770);
#6770 = DEFINITIONAL_REPRESENTATION('',(#6771),#6775);
#6771 = LINE('',#6772,#6773);
#6772 = CARTESIAN_POINT('',(-52.5,39.));
#6773 = VECTOR('',#6774,1.);
#6774 = DIRECTION('',(0.,-1.));
#6775 = ( GEOMETRIC_REPRESENTATION_CONTEXT(2) 
PARAMETRIC_REPRESENTATION_CONTEXT() REPRESENTATION_CONTEXT('2D SPACE',''
  ) );
#6776 = ORIENTED_EDGE('',*,*,#6606,.F.);
#6777 = ORIENTED_EDGE('',*,*,#6778,.F.);
#6778 = EDGE_CURVE('',#6727,#6607,#6779,.T.);
#6779 = SURFACE_CURVE('',#6780,(#6784,#6791),.PCURVE_S1.);
#6780 = LINE('',#6781,#6782);
#6781 = CARTESIAN_POINT('',(925.,39.,330.));
#6782 = VECTOR('',#6783,1.);
#6783 = DIRECTION('',(0.,-1.,0.));
#6784 = PCURVE('',#6629,#6785);
#6785 = DEFINITIONAL_REPRESENTATION('',(#6786),#6790);
#6786 = LINE('',#6787,#6788);
#6787 = CARTESIAN_POINT('',(0.,0.));
#6788 = VECTOR('',#6789,1.);
#6789 = DIRECTION('',(1.,0.));
#6790 = ( GEOMETRIC_REPRESENTATION_CONTEXT(2) 
PARAMETRIC_REPRESENTATION_CONTEXT() REPRESENTATION_CONTEXT('2D SPACE',''
  ) );
#6791 = PCURVE('',#6711,#6792);
#6792 = DEFINITIONAL_REPRESENTATION('',(#6793),#6797);
#6793 = LINE('',#6794,#6795);
#6794 = CARTESIAN_POINT('',(-52.5,39.));
#6795 = VECTOR('',#6796,1.);
#6796 = DIRECTION('',(0.,-1.));
#6797 = ( GEOMETRIC_REPRESENTATION_CONTEXT(2) 
PARAMETRIC_REPRESENTATION_CONTEXT() REPRESENTATION_CONTEXT('2D SPACE',''
  ) );
#6798 = ADVANCED_FACE('',(#6799),#6685,.F.);
#6799 = FACE_BOUND('',#6800,.F.);
#6800 = EDGE_LOOP('',(#6801,#6802,#6825,#6848));
#6801 = ORIENTED_EDGE('',*,*,#6669,.T.);
#6802 = ORIENTED_EDGE('',*,*,#6803,.T.);
#6803 = EDGE_CURVE('',#6642,#6804,#6806,.T.);
#6804 = VERTEX_POINT('',#6805);
#6805 = CARTESIAN_POINT('',(1.03E+03,39.,333.));
#6806 = SURFACE_CURVE('',#6807,(#6811,#6818),.PCURVE_S1.);
#6807 = LINE('',#6808,#6809);
#6808 = CARTESIAN_POINT('',(1.03E+03,-39.,333.));
#6809 = VECTOR('',#6810,1.);
#6810 = DIRECTION('',(0.,1.,0.));
#6811 = PCURVE('',#6685,#6812);
#6812 = DEFINITIONAL_REPRESENTATION('',(#6813),#6817);
#6813 = LINE('',#6814,#6815);
#6814 = CARTESIAN_POINT('',(0.,-3.));
#6815 = VECTOR('',#6816,1.);
#6816 = DIRECTION('',(1.,0.));
#6817 = ( GEOMETRIC_REPRESENTATION_CONTEXT(2) 
PARAMETRIC_REPRESENTATION_CONTEXT() REPRESENTATION_CONTEXT('2D SPACE',''
  ) );
#6818 = PCURVE('',#6657,#6819);
#6819 = DEFINITIONAL_REPRESENTATION('',(#6820),#6824);
#6820 = LINE('',#6821,#6822);
#6821 = CARTESIAN_POINT('',(52.5,-39.));
#6822 = VECTOR('',#6823,1.);
#6823 = DIRECTION('',(0.,1.));
#6824 = ( GEOMETRIC_REPRESENTATION_CONTEXT(2) 
PARAMETRIC_REPRESENTATION_CONTEXT() REPRESENTATION_CONTEXT('2D SPACE',''
  ) );
#6825 = ORIENTED_EDGE('',*,*,#6826,.F.);
#6826 = EDGE_CURVE('',#6827,#6804,#6829,.T.);
#6827 = VERTEX_POINT('',#6828);
#6828 = CARTESIAN_POINT('',(1.03E+03,39.,330.));
#6829 = SURFACE_CURVE('',#6830,(#6834,#6841),.PCURVE_S1.);
#6830 = LINE('',#6831,#6832);
#6831 = CARTESIAN_POINT('',(1.03E+03,39.,330.));
#6832 = VECTOR('',#6833,1.);
#6833 = DIRECTION('',(0.,0.,1.));
#6834 = PCURVE('',#6685,#6835);
#6835 = DEFINITIONAL_REPRESENTATION('',(#6836),#6840);
#6836 = LINE('',#6837,#6838);
#6837 = CARTESIAN_POINT('',(78.,0.));
#6838 = VECTOR('',#6839,1.);
#6839 = DIRECTION('',(0.,-1.));
#6840 = ( GEOMETRIC_REPRESENTATION_CONTEXT(2) 
PARAMETRIC_REPRESENTATION_CONTEXT() REPRESENTATION_CONTEXT('2D SPACE',''
  ) );
#6841 = PCURVE('',#6744,#6842);
#6842 = DEFINITIONAL_REPRESENTATION('',(#6843),#6847);
#6843 = LINE('',#6844,#6845);
#6844 = CARTESIAN_POINT('',(0.,-0.));
#6845 = VECTOR('',#6846,1.);
#6846 = DIRECTION('',(0.,-1.));
#6847 = ( GEOMETRIC_REPRESENTATION_CONTEXT(2) 
PARAMETRIC_REPRESENTATION_CONTEXT() REPRESENTATION_CONTEXT('2D SPACE',''
  ) );
#6848 = ORIENTED_EDGE('',*,*,#6849,.F.);
#6849 = EDGE_CURVE('',#6670,#6827,#6850,.T.);
#6850 = SURFACE_CURVE('',#6851,(#6855,#6862),.PCURVE_S1.);
#6851 = LINE('',#6852,#6853);
#6852 = CARTESIAN_POINT('',(1.03E+03,-39.,330.));
#6853 = VECTOR('',#6854,1.);
#6854 = DIRECTION('',(0.,1.,0.));
#6855 = PCURVE('',#6685,#6856);
#6856 = DEFINITIONAL_REPRESENTATION('',(#6857),#6861);
#6857 = LINE('',#6858,#6859);
#6858 = CARTESIAN_POINT('',(0.,0.));
#6859 = VECTOR('',#6860,1.);
#6860 = DIRECTION('',(1.,0.));
#6861 = ( GEOMETRIC_REPRESENTATION_CONTEXT(2) 
PARAMETRIC_REPRESENTATION_CONTEXT() REPRESENTATION_CONTEXT('2D SPACE',''
  ) );
#6862 = PCURVE('',#6711,#6863);
#6863 = DEFINITIONAL_REPRESENTATION('',(#6864),#6868);
#6864 = LINE('',#6865,#6866);
#6865 = CARTESIAN_POINT('',(52.5,-39.));
#6866 = VECTOR('',#6867,1.);
#6867 = DIRECTION('',(0.,1.));
#6868 = ( GEOMETRIC_REPRESENTATION_CONTEXT(2) 
PARAMETRIC_REPRESENTATION_CONTEXT() REPRESENTATION_CONTEXT('2D SPACE',''
  ) );
#6869 = ADVANCED_FACE('',(#6870,#6896),#6711,.F.);
#6870 = FACE_BOUND('',#6871,.F.);
#6871 = EDGE_LOOP('',(#6872,#6873,#6874,#6895));
#6872 = ORIENTED_EDGE('',*,*,#6697,.T.);
#6873 = ORIENTED_EDGE('',*,*,#6849,.T.);
#6874 = ORIENTED_EDGE('',*,*,#6875,.T.);
#6875 = EDGE_CURVE('',#6827,#6727,#6876,.T.);
#6876 = SURFACE_CURVE('',#6877,(#6881,#6888),.PCURVE_S1.);
#6877 = LINE('',#6878,#6879);
#6878 = CARTESIAN_POINT('',(1.03E+03,39.,330.));
#6879 = VECTOR('',#6880,1.);
#6880 = DIRECTION('',(-1.,0.,0.));
#6881 = PCURVE('',#6711,#6882);
#6882 = DEFINITIONAL_REPRESENTATION('',(#6883),#6887);
#6883 = LINE('',#6884,#6885);
#6884 = CARTESIAN_POINT('',(52.5,39.));
#6885 = VECTOR('',#6886,1.);
#6886 = DIRECTION('',(-1.,0.));
#6887 = ( GEOMETRIC_REPRESENTATION_CONTEXT(2) 
PARAMETRIC_REPRESENTATION_CONTEXT() REPRESENTATION_CONTEXT('2D SPACE',''
  ) );
#6888 = PCURVE('',#6744,#6889);
#6889 = DEFINITIONAL_REPRESENTATION('',(#6890),#6894);
#6890 = LINE('',#6891,#6892);
#6891 = CARTESIAN_POINT('',(0.,-0.));
#6892 = VECTOR('',#6893,1.);
#6893 = DIRECTION('',(1.,0.));
#6894 = ( GEOMETRIC_REPRESENTATION_CONTEXT(2) 
PARAMETRIC_REPRESENTATION_CONTEXT() REPRESENTATION_CONTEXT('2D SPACE',''
  ) );
#6895 = ORIENTED_EDGE('',*,*,#6778,.T.);
#6896 = FACE_BOUND('',#6897,.F.);
#6897 = EDGE_LOOP('',(#6898,#6926,#6952,#6978,#7004,#7030,#7056,#7082,
    #7108,#7134,#7160,#7186,#7212,#7238,#7264,#7290,#7316,#7342,#7368,
    #7394,#7420,#7446,#7472,#7498));
#6898 = ORIENTED_EDGE('',*,*,#6899,.T.);
#6899 = EDGE_CURVE('',#6900,#6902,#6904,.T.);
#6900 = VERTEX_POINT('',#6901);
#6901 = CARTESIAN_POINT('',(1.017753520778E+03,10.25,330.));
#6902 = VERTEX_POINT('',#6903);
#6903 = CARTESIAN_POINT('',(1.019801479439E+03,5.305790424602,330.));
#6904 = SURFACE_CURVE('',#6905,(#6909,#6915),.PCURVE_S1.);
#6905 = LINE('',#6906,#6907);
#6906 = CARTESIAN_POINT('',(1.017641965418E+03,10.519318462625,330.));
#6907 = VECTOR('',#6908,1.);
#6908 = DIRECTION('',(0.382683432365,-0.923879532511,0.));
#6909 = PCURVE('',#6711,#6910);
#6910 = DEFINITIONAL_REPRESENTATION('',(#6911),#6914);
#6911 = B_SPLINE_CURVE_WITH_KNOTS('',1,(#6912,#6913),.UNSPECIFIED.,.F.,
  .F.,(2,2),(0.291508203341,5.643082084363),.PIECEWISE_BEZIER_KNOTS.);
#6912 = CARTESIAN_POINT('',(40.253520777581,10.25));
#6913 = CARTESIAN_POINT('',(42.301479438926,5.305790424602));
#6914 = ( GEOMETRIC_REPRESENTATION_CONTEXT(2) 
PARAMETRIC_REPRESENTATION_CONTEXT() REPRESENTATION_CONTEXT('2D SPACE',''
  ) );
#6915 = PCURVE('',#6916,#6921);
#6916 = PLANE('',#6917);
#6917 = AXIS2_PLACEMENT_3D('',#6918,#6919,#6920);
#6918 = CARTESIAN_POINT('',(1.019801479439E+03,5.305790424602,329.));
#6919 = DIRECTION('',(-0.923879532511,-0.382683432365,0.));
#6920 = DIRECTION('',(-0.382683432365,0.923879532511,0.));
#6921 = DEFINITIONAL_REPRESENTATION('',(#6922),#6925);
#6922 = B_SPLINE_CURVE_WITH_KNOTS('',1,(#6923,#6924),.UNSPECIFIED.,.F.,
  .F.,(2,2),(0.291508203341,5.643082084363),.PIECEWISE_BEZIER_KNOTS.);
#6923 = CARTESIAN_POINT('',(5.351573881022,-1.));
#6924 = CARTESIAN_POINT('',(0.,-1.));
#6925 = ( GEOMETRIC_REPRESENTATION_CONTEXT(2) 
PARAMETRIC_REPRESENTATION_CONTEXT() REPRESENTATION_CONTEXT('2D SPACE',''
  ) );
#6926 = ORIENTED_EDGE('',*,*,#6927,.T.);
#6927 = EDGE_CURVE('',#6902,#6928,#6930,.T.);
#6928 = VERTEX_POINT('',#6929);
#6929 = CARTESIAN_POINT('',(1.0205E+03,0.,330.));
#6930 = SURFACE_CURVE('',#6931,(#6935,#6941),.PCURVE_S1.);
#6931 = LINE('',#6932,#6933);
#6932 = CARTESIAN_POINT('',(1.020133702633E+03,2.782304734852,330.));
#6933 = VECTOR('',#6934,1.);
#6934 = DIRECTION('',(0.13052619222,-0.991444861374,0.));
#6935 = PCURVE('',#6711,#6936);
#6936 = DEFINITIONAL_REPRESENTATION('',(#6937),#6940);
#6937 = B_SPLINE_CURVE_WITH_KNOTS('',1,(#6938,#6939),.UNSPECIFIED.,.F.,
  .F.,(2,2),(-2.545260748291,2.806313132731),.PIECEWISE_BEZIER_KNOTS.);
#6938 = CARTESIAN_POINT('',(42.301479438926,5.305790424602));
#6939 = CARTESIAN_POINT('',(43.,-3.552713678801E-15));
#6940 = ( GEOMETRIC_REPRESENTATION_CONTEXT(2) 
PARAMETRIC_REPRESENTATION_CONTEXT() REPRESENTATION_CONTEXT('2D SPACE',''
  ) );
#6941 = PCURVE('',#6942,#6947);
#6942 = PLANE('',#6943);
#6943 = AXIS2_PLACEMENT_3D('',#6944,#6945,#6946);
#6944 = CARTESIAN_POINT('',(1.0205E+03,0.,329.));
#6945 = DIRECTION('',(-0.991444861374,-0.13052619222,0.));
#6946 = DIRECTION('',(-0.13052619222,0.991444861374,0.));
#6947 = DEFINITIONAL_REPRESENTATION('',(#6948),#6951);
#6948 = B_SPLINE_CURVE_WITH_KNOTS('',1,(#6949,#6950),.UNSPECIFIED.,.F.,
  .F.,(2,2),(-2.545260748291,2.806313132731),.PIECEWISE_BEZIER_KNOTS.);
#6949 = CARTESIAN_POINT('',(5.351573881022,-1.));
#6950 = CARTESIAN_POINT('',(0.,-1.));
#6951 = ( GEOMETRIC_REPRESENTATION_CONTEXT(2) 
PARAMETRIC_REPRESENTATION_CONTEXT() REPRESENTATION_CONTEXT('2D SPACE',''
  ) );
#6952 = ORIENTED_EDGE('',*,*,#6953,.T.);
#6953 = EDGE_CURVE('',#6928,#6954,#6956,.T.);
#6954 = VERTEX_POINT('',#6955);
#6955 = CARTESIAN_POINT('',(1.019801479439E+03,-5.305790424602,330.));
#6956 = SURFACE_CURVE('',#6957,(#6961,#6967),.PCURVE_S1.);
#6957 = LINE('',#6958,#6959);
#6958 = CARTESIAN_POINT('',(1.019784442352E+03,-5.435199947153,330.));
#6959 = VECTOR('',#6960,1.);
#6960 = DIRECTION('',(-0.13052619222,-0.991444861374,0.));
#6961 = PCURVE('',#6711,#6962);
#6962 = DEFINITIONAL_REPRESENTATION('',(#6963),#6966);
#6963 = B_SPLINE_CURVE_WITH_KNOTS('',1,(#6964,#6965),.UNSPECIFIED.,.F.,
  .F.,(2,2),(-5.482100073242,-0.13052619222),.PIECEWISE_BEZIER_KNOTS.);
#6964 = CARTESIAN_POINT('',(43.,1.24344978758E-14));
#6965 = CARTESIAN_POINT('',(42.301479438926,-5.305790424602));
#6966 = ( GEOMETRIC_REPRESENTATION_CONTEXT(2) 
PARAMETRIC_REPRESENTATION_CONTEXT() REPRESENTATION_CONTEXT('2D SPACE',''
  ) );
#6967 = PCURVE('',#6968,#6973);
#6968 = PLANE('',#6969);
#6969 = AXIS2_PLACEMENT_3D('',#6970,#6971,#6972);
#6970 = CARTESIAN_POINT('',(1.019801479439E+03,-5.305790424602,329.));
#6971 = DIRECTION('',(-0.991444861374,0.13052619222,0.));
#6972 = DIRECTION('',(0.13052619222,0.991444861374,0.));
#6973 = DEFINITIONAL_REPRESENTATION('',(#6974),#6977);
#6974 = B_SPLINE_CURVE_WITH_KNOTS('',1,(#6975,#6976),.UNSPECIFIED.,.F.,
  .F.,(2,2),(-5.482100073242,-0.13052619222),.PIECEWISE_BEZIER_KNOTS.);
#6975 = CARTESIAN_POINT('',(5.351573881022,-1.));
#6976 = CARTESIAN_POINT('',(0.,-1.));
#6977 = ( GEOMETRIC_REPRESENTATION_CONTEXT(2) 
PARAMETRIC_REPRESENTATION_CONTEXT() REPRESENTATION_CONTEXT('2D SPACE',''
  ) );
#6978 = ORIENTED_EDGE('',*,*,#6979,.T.);
#6979 = EDGE_CURVE('',#6954,#6980,#6982,.T.);
#6980 = VERTEX_POINT('',#6981);
#6981 = CARTESIAN_POINT('',(1.017753520778E+03,-10.25,330.));
#6982 = SURFACE_CURVE('',#6983,(#6987,#6993),.PCURVE_S1.);
#6983 = LINE('',#6984,#6985);
#6984 = CARTESIAN_POINT('',(1.016617986087E+03,-12.99142325032,330.));
#6985 = VECTOR('',#6986,1.);
#6986 = DIRECTION('',(-0.382683432365,-0.923879532511,0.));
#6987 = PCURVE('',#6711,#6988);
#6988 = DEFINITIONAL_REPRESENTATION('',(#6989),#6992);
#6989 = B_SPLINE_CURVE_WITH_KNOTS('',1,(#6990,#6991),.UNSPECIFIED.,.F.,
  .F.,(2,2),(-8.318869024874,-2.967295143852),.PIECEWISE_BEZIER_KNOTS.);
#6990 = CARTESIAN_POINT('',(42.301479438926,-5.305790424602));
#6991 = CARTESIAN_POINT('',(40.253520777581,-10.25));
#6992 = ( GEOMETRIC_REPRESENTATION_CONTEXT(2) 
PARAMETRIC_REPRESENTATION_CONTEXT() REPRESENTATION_CONTEXT('2D SPACE',''
  ) );
#6993 = PCURVE('',#6994,#6999);
#6994 = PLANE('',#6995);
#6995 = AXIS2_PLACEMENT_3D('',#6996,#6997,#6998);
#6996 = CARTESIAN_POINT('',(1.017753520778E+03,-10.25,329.));
#6997 = DIRECTION('',(-0.923879532511,0.382683432365,0.));
#6998 = DIRECTION('',(0.382683432365,0.923879532511,0.));
#6999 = DEFINITIONAL_REPRESENTATION('',(#7000),#7003);
#7000 = B_SPLINE_CURVE_WITH_KNOTS('',1,(#7001,#7002),.UNSPECIFIED.,.F.,
  .F.,(2,2),(-8.318869024874,-2.967295143852),.PIECEWISE_BEZIER_KNOTS.);
#7001 = CARTESIAN_POINT('',(5.351573881022,-1.));
#7002 = CARTESIAN_POINT('',(0.,-1.));
#7003 = ( GEOMETRIC_REPRESENTATION_CONTEXT(2) 
PARAMETRIC_REPRESENTATION_CONTEXT() REPRESENTATION_CONTEXT('2D SPACE',''
  ) );
#7004 = ORIENTED_EDGE('',*,*,#7005,.T.);
#7005 = EDGE_CURVE('',#6980,#7006,#7008,.T.);
#7006 = VERTEX_POINT('',#7007);
#7007 = CARTESIAN_POINT('',(1.014495689014E+03,-14.49568901432,330.));
#7008 = SURFACE_CURVE('',#7009,(#7013,#7019),.PCURVE_S1.);
#7009 = LINE('',#7010,#7011);
#7010 = CARTESIAN_POINT('',(1.011141004084E+03,-18.86759953361,330.));
#7011 = VECTOR('',#7012,1.);
#7012 = DIRECTION('',(-0.608761429009,-0.793353340291,0.));
#7013 = PCURVE('',#6711,#7014);
#7014 = DEFINITIONAL_REPRESENTATION('',(#7015),#7018);
#7015 = B_SPLINE_CURVE_WITH_KNOTS('',1,(#7016,#7017),.UNSPECIFIED.,.F.,
  .F.,(2,2),(-10.86224648711,-5.510672606093),.PIECEWISE_BEZIER_KNOTS.);
#7016 = CARTESIAN_POINT('',(40.253520777581,-10.25));
#7017 = CARTESIAN_POINT('',(36.995689014324,-14.49568901432));
#7018 = ( GEOMETRIC_REPRESENTATION_CONTEXT(2) 
PARAMETRIC_REPRESENTATION_CONTEXT() REPRESENTATION_CONTEXT('2D SPACE',''
  ) );
#7019 = PCURVE('',#7020,#7025);
#7020 = PLANE('',#7021);
#7021 = AXIS2_PLACEMENT_3D('',#7022,#7023,#7024);
#7022 = CARTESIAN_POINT('',(1.014495689014E+03,-14.49568901432,329.));
#7023 = DIRECTION('',(-0.793353340291,0.608761429009,0.));
#7024 = DIRECTION('',(0.608761429009,0.793353340291,0.));
#7025 = DEFINITIONAL_REPRESENTATION('',(#7026),#7029);
#7026 = B_SPLINE_CURVE_WITH_KNOTS('',1,(#7027,#7028),.UNSPECIFIED.,.F.,
  .F.,(2,2),(-10.86224648711,-5.510672606093),.PIECEWISE_BEZIER_KNOTS.);
#7027 = CARTESIAN_POINT('',(5.351573881022,-1.));
#7028 = CARTESIAN_POINT('',(0.,-1.));
#7029 = ( GEOMETRIC_REPRESENTATION_CONTEXT(2) 
PARAMETRIC_REPRESENTATION_CONTEXT() REPRESENTATION_CONTEXT('2D SPACE',''
  ) );
#7030 = ORIENTED_EDGE('',*,*,#7031,.T.);
#7031 = EDGE_CURVE('',#7006,#7032,#7034,.T.);
#7032 = VERTEX_POINT('',#7033);
#7033 = CARTESIAN_POINT('',(1.01025E+03,-17.75352077758,330.));
#7034 = SURFACE_CURVE('',#7035,(#7039,#7045),.PCURVE_S1.);
#7035 = LINE('',#7036,#7037);
#7036 = CARTESIAN_POINT('',(1.004230565125E+03,-22.37239560964,330.));
#7037 = VECTOR('',#7038,1.);
#7038 = DIRECTION('',(-0.793353340291,-0.608761429009,0.));
#7039 = PCURVE('',#6711,#7040);
#7040 = DEFINITIONAL_REPRESENTATION('',(#7041),#7044);
#7041 = B_SPLINE_CURVE_WITH_KNOTS('',1,(#7042,#7043),.UNSPECIFIED.,.F.,
  .F.,(2,2),(-12.93890548904,-7.587331608021),.PIECEWISE_BEZIER_KNOTS.);
#7042 = CARTESIAN_POINT('',(36.995689014324,-14.49568901432));
#7043 = CARTESIAN_POINT('',(32.75,-17.75352077758));
#7044 = ( GEOMETRIC_REPRESENTATION_CONTEXT(2) 
PARAMETRIC_REPRESENTATION_CONTEXT() REPRESENTATION_CONTEXT('2D SPACE',''
  ) );
#7045 = PCURVE('',#7046,#7051);
#7046 = PLANE('',#7047);
#7047 = AXIS2_PLACEMENT_3D('',#7048,#7049,#7050);
#7048 = CARTESIAN_POINT('',(1.01025E+03,-17.75352077758,329.));
#7049 = DIRECTION('',(-0.608761429009,0.793353340291,0.));
#7050 = DIRECTION('',(0.793353340291,0.608761429009,0.));
#7051 = DEFINITIONAL_REPRESENTATION('',(#7052),#7055);
#7052 = B_SPLINE_CURVE_WITH_KNOTS('',1,(#7053,#7054),.UNSPECIFIED.,.F.,
  .F.,(2,2),(-12.93890548904,-7.587331608021),.PIECEWISE_BEZIER_KNOTS.);
#7053 = CARTESIAN_POINT('',(5.351573881022,-1.));
#7054 = CARTESIAN_POINT('',(0.,-1.));
#7055 = ( GEOMETRIC_REPRESENTATION_CONTEXT(2) 
PARAMETRIC_REPRESENTATION_CONTEXT() REPRESENTATION_CONTEXT('2D SPACE',''
  ) );
#7056 = ORIENTED_EDGE('',*,*,#7057,.T.);
#7057 = EDGE_CURVE('',#7032,#7058,#7060,.T.);
#7058 = VERTEX_POINT('',#7059);
#7059 = CARTESIAN_POINT('',(1.005305790425E+03,-19.80147943892,330.));
#7060 = SURFACE_CURVE('',#7061,(#7065,#7071),.PCURVE_S1.);
#7061 = LINE('',#7062,#7063);
#7062 = CARTESIAN_POINT('',(996.93936717427,-23.26696541776,330.));
#7063 = VECTOR('',#7064,1.);
#7064 = DIRECTION('',(-0.923879532511,-0.382683432365,0.));
#7065 = PCURVE('',#6711,#7066);
#7066 = DEFINITIONAL_REPRESENTATION('',(#7067),#7070);
#7067 = B_SPLINE_CURVE_WITH_KNOTS('',1,(#7068,#7069),.UNSPECIFIED.,.F.,
  .F.,(2,2),(-14.40732515151,-9.055751270496),.PIECEWISE_BEZIER_KNOTS.);
#7068 = CARTESIAN_POINT('',(32.75,-17.75352077758));
#7069 = CARTESIAN_POINT('',(27.805790424602,-19.80147943892));
#7070 = ( GEOMETRIC_REPRESENTATION_CONTEXT(2) 
PARAMETRIC_REPRESENTATION_CONTEXT() REPRESENTATION_CONTEXT('2D SPACE',''
  ) );
#7071 = PCURVE('',#7072,#7077);
#7072 = PLANE('',#7073);
#7073 = AXIS2_PLACEMENT_3D('',#7074,#7075,#7076);
#7074 = CARTESIAN_POINT('',(1.005305790425E+03,-19.80147943892,329.));
#7075 = DIRECTION('',(-0.382683432365,0.923879532511,0.));
#7076 = DIRECTION('',(0.923879532511,0.382683432365,0.));
#7077 = DEFINITIONAL_REPRESENTATION('',(#7078),#7081);
#7078 = B_SPLINE_CURVE_WITH_KNOTS('',1,(#7079,#7080),.UNSPECIFIED.,.F.,
  .F.,(2,2),(-14.40732515151,-9.055751270496),.PIECEWISE_BEZIER_KNOTS.);
#7079 = CARTESIAN_POINT('',(5.351573881022,-1.));
#7080 = CARTESIAN_POINT('',(0.,-1.));
#7081 = ( GEOMETRIC_REPRESENTATION_CONTEXT(2) 
PARAMETRIC_REPRESENTATION_CONTEXT() REPRESENTATION_CONTEXT('2D SPACE',''
  ) );
#7082 = ORIENTED_EDGE('',*,*,#7083,.T.);
#7083 = EDGE_CURVE('',#7058,#7084,#7086,.T.);
#7084 = VERTEX_POINT('',#7085);
#7085 = CARTESIAN_POINT('',(1.E+03,-20.5,330.));
#7086 = SURFACE_CURVE('',#7087,(#7091,#7097),.PCURVE_S1.);
#7087 = LINE('',#7088,#7089);
#7088 = CARTESIAN_POINT('',(990.26811483327,-21.78122698843,330.));
#7089 = VECTOR('',#7090,1.);
#7090 = DIRECTION('',(-0.991444861374,-0.13052619222,0.));
#7091 = PCURVE('',#6711,#7092);
#7092 = DEFINITIONAL_REPRESENTATION('',(#7093),#7096);
#7093 = B_SPLINE_CURVE_WITH_KNOTS('',1,(#7094,#7095),.UNSPECIFIED.,.F.,
  .F.,(2,2),(-15.16743510122,-9.8158612202),.PIECEWISE_BEZIER_KNOTS.);
#7094 = CARTESIAN_POINT('',(27.805790424602,-19.80147943892));
#7095 = CARTESIAN_POINT('',(22.5,-20.5));
#7096 = ( GEOMETRIC_REPRESENTATION_CONTEXT(2) 
PARAMETRIC_REPRESENTATION_CONTEXT() REPRESENTATION_CONTEXT('2D SPACE',''
  ) );
#7097 = PCURVE('',#7098,#7103);
#7098 = PLANE('',#7099);
#7099 = AXIS2_PLACEMENT_3D('',#7100,#7101,#7102);
#7100 = CARTESIAN_POINT('',(1.E+03,-20.5,329.));
#7101 = DIRECTION('',(-0.13052619222,0.991444861374,0.));
#7102 = DIRECTION('',(0.991444861374,0.13052619222,0.));
#7103 = DEFINITIONAL_REPRESENTATION('',(#7104),#7107);
#7104 = B_SPLINE_CURVE_WITH_KNOTS('',1,(#7105,#7106),.UNSPECIFIED.,.F.,
  .F.,(2,2),(-15.16743510122,-9.8158612202),.PIECEWISE_BEZIER_KNOTS.);
#7105 = CARTESIAN_POINT('',(5.351573881022,-1.));
#7106 = CARTESIAN_POINT('',(0.,-1.));
#7107 = ( GEOMETRIC_REPRESENTATION_CONTEXT(2) 
PARAMETRIC_REPRESENTATION_CONTEXT() REPRESENTATION_CONTEXT('2D SPACE',''
  ) );
#7108 = ORIENTED_EDGE('',*,*,#7109,.T.);
#7109 = EDGE_CURVE('',#7084,#7110,#7112,.T.);
#7110 = VERTEX_POINT('',#7111);
#7111 = CARTESIAN_POINT('',(994.69420957539,-19.80147943892,330.));
#7112 = SURFACE_CURVE('',#7113,(#7117,#7123),.PCURVE_S1.);
#7113 = LINE('',#7114,#7115);
#7114 = CARTESIAN_POINT('',(984.96232440867,-18.52025245049,330.));
#7115 = VECTOR('',#7116,1.);
#7116 = DIRECTION('',(-0.991444861374,0.13052619222,0.));
#7117 = PCURVE('',#6711,#7118);
#7118 = DEFINITIONAL_REPRESENTATION('',(#7119),#7122);
#7119 = B_SPLINE_CURVE_WITH_KNOTS('',1,(#7120,#7121),.UNSPECIFIED.,.F.,
  .F.,(2,2),(-15.16743510122,-9.8158612202),.PIECEWISE_BEZIER_KNOTS.);
#7120 = CARTESIAN_POINT('',(22.5,-20.5));
#7121 = CARTESIAN_POINT('',(17.194209575398,-19.80147943892));
#7122 = ( GEOMETRIC_REPRESENTATION_CONTEXT(2) 
PARAMETRIC_REPRESENTATION_CONTEXT() REPRESENTATION_CONTEXT('2D SPACE',''
  ) );
#7123 = PCURVE('',#7124,#7129);
#7124 = PLANE('',#7125);
#7125 = AXIS2_PLACEMENT_3D('',#7126,#7127,#7128);
#7126 = CARTESIAN_POINT('',(994.69420957539,-19.80147943892,329.));
#7127 = DIRECTION('',(0.13052619222,0.991444861374,-0.));
#7128 = DIRECTION('',(0.991444861374,-0.13052619222,0.));
#7129 = DEFINITIONAL_REPRESENTATION('',(#7130),#7133);
#7130 = B_SPLINE_CURVE_WITH_KNOTS('',1,(#7131,#7132),.UNSPECIFIED.,.F.,
  .F.,(2,2),(-15.16743510122,-9.8158612202),.PIECEWISE_BEZIER_KNOTS.);
#7131 = CARTESIAN_POINT('',(5.351573881022,-1.));
#7132 = CARTESIAN_POINT('',(0.,-1.));
#7133 = ( GEOMETRIC_REPRESENTATION_CONTEXT(2) 
PARAMETRIC_REPRESENTATION_CONTEXT() REPRESENTATION_CONTEXT('2D SPACE',''
  ) );
#7134 = ORIENTED_EDGE('',*,*,#7135,.T.);
#7135 = EDGE_CURVE('',#7110,#7136,#7138,.T.);
#7136 = VERTEX_POINT('',#7137);
#7137 = CARTESIAN_POINT('',(989.75,-17.75352077758,330.));
#7138 = SURFACE_CURVE('',#7139,(#7143,#7149),.PCURVE_S1.);
#7139 = LINE('',#7140,#7141);
#7140 = CARTESIAN_POINT('',(981.38357674967,-14.28803479874,330.));
#7141 = VECTOR('',#7142,1.);
#7142 = DIRECTION('',(-0.923879532511,0.382683432365,0.));
#7143 = PCURVE('',#6711,#7144);
#7144 = DEFINITIONAL_REPRESENTATION('',(#7145),#7148);
#7145 = B_SPLINE_CURVE_WITH_KNOTS('',1,(#7146,#7147),.UNSPECIFIED.,.F.,
  .F.,(2,2),(-14.40732515151,-9.055751270496),.PIECEWISE_BEZIER_KNOTS.);
#7146 = CARTESIAN_POINT('',(17.194209575398,-19.80147943892));
#7147 = CARTESIAN_POINT('',(12.25,-17.75352077758));
#7148 = ( GEOMETRIC_REPRESENTATION_CONTEXT(2) 
PARAMETRIC_REPRESENTATION_CONTEXT() REPRESENTATION_CONTEXT('2D SPACE',''
  ) );
#7149 = PCURVE('',#7150,#7155);
#7150 = PLANE('',#7151);
#7151 = AXIS2_PLACEMENT_3D('',#7152,#7153,#7154);
#7152 = CARTESIAN_POINT('',(989.75,-17.75352077758,329.));
#7153 = DIRECTION('',(0.382683432365,0.923879532511,-0.));
#7154 = DIRECTION('',(0.923879532511,-0.382683432365,0.));
#7155 = DEFINITIONAL_REPRESENTATION('',(#7156),#7159);
#7156 = B_SPLINE_CURVE_WITH_KNOTS('',1,(#7157,#7158),.UNSPECIFIED.,.F.,
  .F.,(2,2),(-14.40732515151,-9.055751270496),.PIECEWISE_BEZIER_KNOTS.);
#7157 = CARTESIAN_POINT('',(5.351573881022,-1.));
#7158 = CARTESIAN_POINT('',(0.,-1.));
#7159 = ( GEOMETRIC_REPRESENTATION_CONTEXT(2) 
PARAMETRIC_REPRESENTATION_CONTEXT() REPRESENTATION_CONTEXT('2D SPACE',''
  ) );
#7160 = ORIENTED_EDGE('',*,*,#7161,.T.);
#7161 = EDGE_CURVE('',#7136,#7162,#7164,.T.);
#7162 = VERTEX_POINT('',#7163);
#7163 = CARTESIAN_POINT('',(985.50431098567,-14.49568901432,330.));
#7164 = SURFACE_CURVE('',#7165,(#7169,#7175),.PCURVE_S1.);
#7165 = LINE('',#7166,#7167);
#7166 = CARTESIAN_POINT('',(979.48487611055,-9.876814182263,330.));
#7167 = VECTOR('',#7168,1.);
#7168 = DIRECTION('',(-0.793353340291,0.608761429009,0.));
#7169 = PCURVE('',#6711,#7170);
#7170 = DEFINITIONAL_REPRESENTATION('',(#7171),#7174);
#7171 = B_SPLINE_CURVE_WITH_KNOTS('',1,(#7172,#7173),.UNSPECIFIED.,.F.,
  .F.,(2,2),(-12.93890548904,-7.587331608021),.PIECEWISE_BEZIER_KNOTS.);
#7172 = CARTESIAN_POINT('',(12.25,-17.75352077758));
#7173 = CARTESIAN_POINT('',(8.004310985676,-14.49568901432));
#7174 = ( GEOMETRIC_REPRESENTATION_CONTEXT(2) 
PARAMETRIC_REPRESENTATION_CONTEXT() REPRESENTATION_CONTEXT('2D SPACE',''
  ) );
#7175 = PCURVE('',#7176,#7181);
#7176 = PLANE('',#7177);
#7177 = AXIS2_PLACEMENT_3D('',#7178,#7179,#7180);
#7178 = CARTESIAN_POINT('',(985.50431098567,-14.49568901432,329.));
#7179 = DIRECTION('',(0.608761429009,0.793353340291,-0.));
#7180 = DIRECTION('',(0.793353340291,-0.608761429009,0.));
#7181 = DEFINITIONAL_REPRESENTATION('',(#7182),#7185);
#7182 = B_SPLINE_CURVE_WITH_KNOTS('',1,(#7183,#7184),.UNSPECIFIED.,.F.,
  .F.,(2,2),(-12.93890548904,-7.587331608021),.PIECEWISE_BEZIER_KNOTS.);
#7183 = CARTESIAN_POINT('',(5.351573881022,-1.));
#7184 = CARTESIAN_POINT('',(0.,-1.));
#7185 = ( GEOMETRIC_REPRESENTATION_CONTEXT(2) 
PARAMETRIC_REPRESENTATION_CONTEXT() REPRESENTATION_CONTEXT('2D SPACE',''
  ) );
#7186 = ORIENTED_EDGE('',*,*,#7187,.T.);
#7187 = EDGE_CURVE('',#7162,#7188,#7190,.T.);
#7188 = VERTEX_POINT('',#7189);
#7189 = CARTESIAN_POINT('',(982.24647922241,-10.25,330.));
#7190 = SURFACE_CURVE('',#7191,(#7195,#7201),.PCURVE_S1.);
#7191 = LINE('',#7192,#7193);
#7192 = CARTESIAN_POINT('',(978.89179429193,-5.878089480705,330.));
#7193 = VECTOR('',#7194,1.);
#7194 = DIRECTION('',(-0.608761429009,0.793353340291,0.));
#7195 = PCURVE('',#6711,#7196);
#7196 = DEFINITIONAL_REPRESENTATION('',(#7197),#7200);
#7197 = B_SPLINE_CURVE_WITH_KNOTS('',1,(#7198,#7199),.UNSPECIFIED.,.F.,
  .F.,(2,2),(-10.86224648711,-5.510672606093),.PIECEWISE_BEZIER_KNOTS.);
#7198 = CARTESIAN_POINT('',(8.004310985676,-14.49568901432));
#7199 = CARTESIAN_POINT('',(4.746479222419,-10.25));
#7200 = ( GEOMETRIC_REPRESENTATION_CONTEXT(2) 
PARAMETRIC_REPRESENTATION_CONTEXT() REPRESENTATION_CONTEXT('2D SPACE',''
  ) );
#7201 = PCURVE('',#7202,#7207);
#7202 = PLANE('',#7203);
#7203 = AXIS2_PLACEMENT_3D('',#7204,#7205,#7206);
#7204 = CARTESIAN_POINT('',(982.24647922241,-10.25,329.));
#7205 = DIRECTION('',(0.793353340291,0.608761429009,-0.));
#7206 = DIRECTION('',(0.608761429009,-0.793353340291,0.));
#7207 = DEFINITIONAL_REPRESENTATION('',(#7208),#7211);
#7208 = B_SPLINE_CURVE_WITH_KNOTS('',1,(#7209,#7210),.UNSPECIFIED.,.F.,
  .F.,(2,2),(-10.86224648711,-5.510672606093),.PIECEWISE_BEZIER_KNOTS.);
#7209 = CARTESIAN_POINT('',(5.351573881022,-1.));
#7210 = CARTESIAN_POINT('',(0.,-1.));
#7211 = ( GEOMETRIC_REPRESENTATION_CONTEXT(2) 
PARAMETRIC_REPRESENTATION_CONTEXT() REPRESENTATION_CONTEXT('2D SPACE',''
  ) );
#7212 = ORIENTED_EDGE('',*,*,#7213,.T.);
#7213 = EDGE_CURVE('',#7188,#7214,#7216,.T.);
#7214 = VERTEX_POINT('',#7215);
#7215 = CARTESIAN_POINT('',(980.19852056107,-5.305790424602,330.));
#7216 = SURFACE_CURVE('',#7217,(#7221,#7227),.PCURVE_S1.);
#7217 = LINE('',#7218,#7219);
#7218 = CARTESIAN_POINT('',(979.06298587058,-2.564367174277,330.));
#7219 = VECTOR('',#7220,1.);
#7220 = DIRECTION('',(-0.382683432365,0.923879532511,0.));
#7221 = PCURVE('',#6711,#7222);
#7222 = DEFINITIONAL_REPRESENTATION('',(#7223),#7226);
#7223 = B_SPLINE_CURVE_WITH_KNOTS('',1,(#7224,#7225),.UNSPECIFIED.,.F.,
  .F.,(2,2),(-8.318869024874,-2.967295143852),.PIECEWISE_BEZIER_KNOTS.);
#7224 = CARTESIAN_POINT('',(4.746479222419,-10.25));
#7225 = CARTESIAN_POINT('',(2.698520561074,-5.305790424602));
#7226 = ( GEOMETRIC_REPRESENTATION_CONTEXT(2) 
PARAMETRIC_REPRESENTATION_CONTEXT() REPRESENTATION_CONTEXT('2D SPACE',''
  ) );
#7227 = PCURVE('',#7228,#7233);
#7228 = PLANE('',#7229);
#7229 = AXIS2_PLACEMENT_3D('',#7230,#7231,#7232);
#7230 = CARTESIAN_POINT('',(980.19852056107,-5.305790424602,329.));
#7231 = DIRECTION('',(0.923879532511,0.382683432365,-0.));
#7232 = DIRECTION('',(0.382683432365,-0.923879532511,0.));
#7233 = DEFINITIONAL_REPRESENTATION('',(#7234),#7237);
#7234 = B_SPLINE_CURVE_WITH_KNOTS('',1,(#7235,#7236),.UNSPECIFIED.,.F.,
  .F.,(2,2),(-8.318869024874,-2.967295143852),.PIECEWISE_BEZIER_KNOTS.);
#7235 = CARTESIAN_POINT('',(5.351573881022,-1.));
#7236 = CARTESIAN_POINT('',(0.,-1.));
#7237 = ( GEOMETRIC_REPRESENTATION_CONTEXT(2) 
PARAMETRIC_REPRESENTATION_CONTEXT() REPRESENTATION_CONTEXT('2D SPACE',''
  ) );
#7238 = ORIENTED_EDGE('',*,*,#7239,.T.);
#7239 = EDGE_CURVE('',#7214,#7240,#7242,.T.);
#7240 = VERTEX_POINT('',#7241);
#7241 = CARTESIAN_POINT('',(979.5,2.510525938252E-15,330.));
#7242 = SURFACE_CURVE('',#7243,(#7247,#7253),.PCURVE_S1.);
#7243 = LINE('',#7244,#7245);
#7244 = CARTESIAN_POINT('',(979.48296291314,0.129409522551,330.));
#7245 = VECTOR('',#7246,1.);
#7246 = DIRECTION('',(-0.13052619222,0.991444861374,0.));
#7247 = PCURVE('',#6711,#7248);
#7248 = DEFINITIONAL_REPRESENTATION('',(#7249),#7252);
#7249 = B_SPLINE_CURVE_WITH_KNOTS('',1,(#7250,#7251),.UNSPECIFIED.,.F.,
  .F.,(2,2),(-5.482100073242,-0.13052619222),.PIECEWISE_BEZIER_KNOTS.);
#7250 = CARTESIAN_POINT('',(2.698520561074,-5.305790424602));
#7251 = CARTESIAN_POINT('',(2.,4.496403249732E-15));
#7252 = ( GEOMETRIC_REPRESENTATION_CONTEXT(2) 
PARAMETRIC_REPRESENTATION_CONTEXT() REPRESENTATION_CONTEXT('2D SPACE',''
  ) );
#7253 = PCURVE('',#7254,#7259);
#7254 = PLANE('',#7255);
#7255 = AXIS2_PLACEMENT_3D('',#7256,#7257,#7258);
#7256 = CARTESIAN_POINT('',(979.5,2.510525938252E-15,329.));
#7257 = DIRECTION('',(0.991444861374,0.13052619222,-0.));
#7258 = DIRECTION('',(0.13052619222,-0.991444861374,0.));
#7259 = DEFINITIONAL_REPRESENTATION('',(#7260),#7263);
#7260 = B_SPLINE_CURVE_WITH_KNOTS('',1,(#7261,#7262),.UNSPECIFIED.,.F.,
  .F.,(2,2),(-5.482100073242,-0.13052619222),.PIECEWISE_BEZIER_KNOTS.);
#7261 = CARTESIAN_POINT('',(5.351573881022,-1.));
#7262 = CARTESIAN_POINT('',(0.,-1.));
#7263 = ( GEOMETRIC_REPRESENTATION_CONTEXT(2) 
PARAMETRIC_REPRESENTATION_CONTEXT() REPRESENTATION_CONTEXT('2D SPACE',''
  ) );
#7264 = ORIENTED_EDGE('',*,*,#7265,.T.);
#7265 = EDGE_CURVE('',#7240,#7266,#7268,.T.);
#7266 = VERTEX_POINT('',#7267);
#7267 = CARTESIAN_POINT('',(980.19852056107,5.305790424602,330.));
#7268 = SURFACE_CURVE('',#7269,(#7273,#7279),.PCURVE_S1.);
#7269 = LINE('',#7270,#7271);
#7270 = CARTESIAN_POINT('',(979.83222319368,2.52348568975,330.));
#7271 = VECTOR('',#7272,1.);
#7272 = DIRECTION('',(0.13052619222,0.991444861374,-0.));
#7273 = PCURVE('',#6711,#7274);
#7274 = DEFINITIONAL_REPRESENTATION('',(#7275),#7278);
#7275 = B_SPLINE_CURVE_WITH_KNOTS('',1,(#7276,#7277),.UNSPECIFIED.,.F.,
  .F.,(2,2),(-2.545260748291,2.806313132731),.PIECEWISE_BEZIER_KNOTS.);
#7276 = CARTESIAN_POINT('',(2.,8.437694987151E-15));
#7277 = CARTESIAN_POINT('',(2.698520561074,5.305790424602));
#7278 = ( GEOMETRIC_REPRESENTATION_CONTEXT(2) 
PARAMETRIC_REPRESENTATION_CONTEXT() REPRESENTATION_CONTEXT('2D SPACE',''
  ) );
#7279 = PCURVE('',#7280,#7285);
#7280 = PLANE('',#7281);
#7281 = AXIS2_PLACEMENT_3D('',#7282,#7283,#7284);
#7282 = CARTESIAN_POINT('',(980.19852056107,5.305790424602,329.));
#7283 = DIRECTION('',(0.991444861374,-0.13052619222,0.));
#7284 = DIRECTION('',(-0.13052619222,-0.991444861374,0.));
#7285 = DEFINITIONAL_REPRESENTATION('',(#7286),#7289);
#7286 = B_SPLINE_CURVE_WITH_KNOTS('',1,(#7287,#7288),.UNSPECIFIED.,.F.,
  .F.,(2,2),(-2.545260748291,2.806313132731),.PIECEWISE_BEZIER_KNOTS.);
#7287 = CARTESIAN_POINT('',(5.351573881022,-1.));
#7288 = CARTESIAN_POINT('',(0.,-1.));
#7289 = ( GEOMETRIC_REPRESENTATION_CONTEXT(2) 
PARAMETRIC_REPRESENTATION_CONTEXT() REPRESENTATION_CONTEXT('2D SPACE',''
  ) );
#7290 = ORIENTED_EDGE('',*,*,#7291,.T.);
#7291 = EDGE_CURVE('',#7266,#7292,#7294,.T.);
#7292 = VERTEX_POINT('',#7293);
#7293 = CARTESIAN_POINT('',(982.24647922241,10.25,330.));
#7294 = SURFACE_CURVE('',#7295,(#7299,#7305),.PCURVE_S1.);
#7295 = LINE('',#7296,#7297);
#7296 = CARTESIAN_POINT('',(980.08696520125,5.036471961976,330.));
#7297 = VECTOR('',#7298,1.);
#7298 = DIRECTION('',(0.382683432365,0.923879532511,-0.));
#7299 = PCURVE('',#6711,#7300);
#7300 = DEFINITIONAL_REPRESENTATION('',(#7301),#7304);
#7301 = B_SPLINE_CURVE_WITH_KNOTS('',1,(#7302,#7303),.UNSPECIFIED.,.F.,
  .F.,(2,2),(0.291508203341,5.643082084363),.PIECEWISE_BEZIER_KNOTS.);
#7302 = CARTESIAN_POINT('',(2.698520561074,5.305790424602));
#7303 = CARTESIAN_POINT('',(4.746479222419,10.25));
#7304 = ( GEOMETRIC_REPRESENTATION_CONTEXT(2) 
PARAMETRIC_REPRESENTATION_CONTEXT() REPRESENTATION_CONTEXT('2D SPACE',''
  ) );
#7305 = PCURVE('',#7306,#7311);
#7306 = PLANE('',#7307);
#7307 = AXIS2_PLACEMENT_3D('',#7308,#7309,#7310);
#7308 = CARTESIAN_POINT('',(982.24647922241,10.25,329.));
#7309 = DIRECTION('',(0.923879532511,-0.382683432365,0.));
#7310 = DIRECTION('',(-0.382683432365,-0.923879532511,0.));
#7311 = DEFINITIONAL_REPRESENTATION('',(#7312),#7315);
#7312 = B_SPLINE_CURVE_WITH_KNOTS('',1,(#7313,#7314),.UNSPECIFIED.,.F.,
  .F.,(2,2),(0.291508203341,5.643082084363),.PIECEWISE_BEZIER_KNOTS.);
#7313 = CARTESIAN_POINT('',(5.351573881022,-1.));
#7314 = CARTESIAN_POINT('',(0.,-1.));
#7315 = ( GEOMETRIC_REPRESENTATION_CONTEXT(2) 
PARAMETRIC_REPRESENTATION_CONTEXT() REPRESENTATION_CONTEXT('2D SPACE',''
  ) );
#7316 = ORIENTED_EDGE('',*,*,#7317,.T.);
#7317 = EDGE_CURVE('',#7292,#7318,#7320,.T.);
#7318 = VERTEX_POINT('',#7319);
#7319 = CARTESIAN_POINT('',(985.50431098567,14.495689014324,330.));
#7320 = SURFACE_CURVE('',#7321,(#7325,#7331),.PCURVE_S1.);
#7321 = LINE('',#7322,#7323);
#7322 = CARTESIAN_POINT('',(980.52071017356,8.000933987867,330.));
#7323 = VECTOR('',#7324,1.);
#7324 = DIRECTION('',(0.608761429009,0.793353340291,-0.));
#7325 = PCURVE('',#6711,#7326);
#7326 = DEFINITIONAL_REPRESENTATION('',(#7327),#7330);
#7327 = B_SPLINE_CURVE_WITH_KNOTS('',1,(#7328,#7329),.UNSPECIFIED.,.F.,
  .F.,(2,2),(2.834885665581,8.186459546604),.PIECEWISE_BEZIER_KNOTS.);
#7328 = CARTESIAN_POINT('',(4.746479222419,10.25));
#7329 = CARTESIAN_POINT('',(8.004310985676,14.495689014324));
#7330 = ( GEOMETRIC_REPRESENTATION_CONTEXT(2) 
PARAMETRIC_REPRESENTATION_CONTEXT() REPRESENTATION_CONTEXT('2D SPACE',''
  ) );
#7331 = PCURVE('',#7332,#7337);
#7332 = PLANE('',#7333);
#7333 = AXIS2_PLACEMENT_3D('',#7334,#7335,#7336);
#7334 = CARTESIAN_POINT('',(985.50431098567,14.495689014324,329.));
#7335 = DIRECTION('',(0.793353340291,-0.608761429009,0.));
#7336 = DIRECTION('',(-0.608761429009,-0.793353340291,0.));
#7337 = DEFINITIONAL_REPRESENTATION('',(#7338),#7341);
#7338 = B_SPLINE_CURVE_WITH_KNOTS('',1,(#7339,#7340),.UNSPECIFIED.,.F.,
  .F.,(2,2),(2.834885665581,8.186459546604),.PIECEWISE_BEZIER_KNOTS.);
#7339 = CARTESIAN_POINT('',(5.351573881022,-1.));
#7340 = CARTESIAN_POINT('',(0.,-1.));
#7341 = ( GEOMETRIC_REPRESENTATION_CONTEXT(2) 
PARAMETRIC_REPRESENTATION_CONTEXT() REPRESENTATION_CONTEXT('2D SPACE',''
  ) );
#7342 = ORIENTED_EDGE('',*,*,#7343,.T.);
#7343 = EDGE_CURVE('',#7318,#7344,#7346,.T.);
#7344 = VERTEX_POINT('',#7345);
#7345 = CARTESIAN_POINT('',(989.75,17.753520777581,330.));
#7346 = SURFACE_CURVE('',#7347,(#7351,#7357),.PCURVE_S1.);
#7347 = LINE('',#7348,#7349);
#7348 = CARTESIAN_POINT('',(981.60772061771,11.505730063891,330.));
#7349 = VECTOR('',#7350,1.);
#7350 = DIRECTION('',(0.793353340291,0.608761429009,-0.));
#7351 = PCURVE('',#6711,#7352);
#7352 = DEFINITIONAL_REPRESENTATION('',(#7353),#7356);
#7353 = B_SPLINE_CURVE_WITH_KNOTS('',1,(#7354,#7355),.UNSPECIFIED.,.F.,
  .F.,(2,2),(4.91154466751,10.263118548532),.PIECEWISE_BEZIER_KNOTS.);
#7354 = CARTESIAN_POINT('',(8.004310985676,14.495689014324));
#7355 = CARTESIAN_POINT('',(12.25,17.753520777581));
#7356 = ( GEOMETRIC_REPRESENTATION_CONTEXT(2) 
PARAMETRIC_REPRESENTATION_CONTEXT() REPRESENTATION_CONTEXT('2D SPACE',''
  ) );
#7357 = PCURVE('',#7358,#7363);
#7358 = PLANE('',#7359);
#7359 = AXIS2_PLACEMENT_3D('',#7360,#7361,#7362);
#7360 = CARTESIAN_POINT('',(989.75,17.753520777581,329.));
#7361 = DIRECTION('',(0.608761429009,-0.793353340291,0.));
#7362 = DIRECTION('',(-0.793353340291,-0.608761429009,0.));
#7363 = DEFINITIONAL_REPRESENTATION('',(#7364),#7367);
#7364 = B_SPLINE_CURVE_WITH_KNOTS('',1,(#7365,#7366),.UNSPECIFIED.,.F.,
  .F.,(2,2),(4.91154466751,10.263118548532),.PIECEWISE_BEZIER_KNOTS.);
#7365 = CARTESIAN_POINT('',(5.351573881022,-1.));
#7366 = CARTESIAN_POINT('',(0.,-1.));
#7367 = ( GEOMETRIC_REPRESENTATION_CONTEXT(2) 
PARAMETRIC_REPRESENTATION_CONTEXT() REPRESENTATION_CONTEXT('2D SPACE',''
  ) );
#7368 = ORIENTED_EDGE('',*,*,#7369,.T.);
#7369 = EDGE_CURVE('',#7344,#7370,#7372,.T.);
#7370 = VERTEX_POINT('',#7371);
#7371 = CARTESIAN_POINT('',(994.69420957539,19.801479438926,330.));
#7372 = SURFACE_CURVE('',#7373,(#7377,#7383),.PCURVE_S1.);
#7373 = LINE('',#7374,#7375);
#7374 = CARTESIAN_POINT('',(983.85568153737,15.312014129415,330.));
#7375 = VECTOR('',#7376,1.);
#7376 = DIRECTION('',(0.923879532511,0.382683432365,-0.));
#7377 = PCURVE('',#6711,#7378);
#7378 = DEFINITIONAL_REPRESENTATION('',(#7379),#7382);
#7379 = B_SPLINE_CURVE_WITH_KNOTS('',1,(#7380,#7381),.UNSPECIFIED.,.F.,
  .F.,(2,2),(6.379964329985,11.731538211008),.PIECEWISE_BEZIER_KNOTS.);
#7380 = CARTESIAN_POINT('',(12.25,17.753520777581));
#7381 = CARTESIAN_POINT('',(17.194209575398,19.801479438926));
#7382 = ( GEOMETRIC_REPRESENTATION_CONTEXT(2) 
PARAMETRIC_REPRESENTATION_CONTEXT() REPRESENTATION_CONTEXT('2D SPACE',''
  ) );
#7383 = PCURVE('',#7384,#7389);
#7384 = PLANE('',#7385);
#7385 = AXIS2_PLACEMENT_3D('',#7386,#7387,#7388);
#7386 = CARTESIAN_POINT('',(994.69420957539,19.801479438926,329.));
#7387 = DIRECTION('',(0.382683432365,-0.923879532511,0.));
#7388 = DIRECTION('',(-0.923879532511,-0.382683432365,0.));
#7389 = DEFINITIONAL_REPRESENTATION('',(#7390),#7393);
#7390 = B_SPLINE_CURVE_WITH_KNOTS('',1,(#7391,#7392),.UNSPECIFIED.,.F.,
  .F.,(2,2),(6.379964329985,11.731538211008),.PIECEWISE_BEZIER_KNOTS.);
#7391 = CARTESIAN_POINT('',(5.351573881022,-1.));
#7392 = CARTESIAN_POINT('',(0.,-1.));
#7393 = ( GEOMETRIC_REPRESENTATION_CONTEXT(2) 
PARAMETRIC_REPRESENTATION_CONTEXT() REPRESENTATION_CONTEXT('2D SPACE',''
  ) );
#7394 = ORIENTED_EDGE('',*,*,#7395,.T.);
#7395 = EDGE_CURVE('',#7370,#7396,#7398,.T.);
#7396 = VERTEX_POINT('',#7397);
#7397 = CARTESIAN_POINT('',(1.E+03,20.5,330.));
#7398 = SURFACE_CURVE('',#7399,(#7403,#7409),.PCURVE_S1.);
#7399 = LINE('',#7400,#7401);
#7400 = CARTESIAN_POINT('',(987.61521962097,18.86951273103,330.));
#7401 = VECTOR('',#7402,1.);
#7402 = DIRECTION('',(0.991444861374,0.13052619222,-0.));
#7403 = PCURVE('',#6711,#7404);
#7404 = DEFINITIONAL_REPRESENTATION('',(#7405),#7408);
#7405 = B_SPLINE_CURVE_WITH_KNOTS('',1,(#7406,#7407),.UNSPECIFIED.,.F.,
  .F.,(2,2),(7.140074279689,12.491648160711),.PIECEWISE_BEZIER_KNOTS.);
#7406 = CARTESIAN_POINT('',(17.194209575398,19.801479438926));
#7407 = CARTESIAN_POINT('',(22.5,20.5));
#7408 = ( GEOMETRIC_REPRESENTATION_CONTEXT(2) 
PARAMETRIC_REPRESENTATION_CONTEXT() REPRESENTATION_CONTEXT('2D SPACE',''
  ) );
#7409 = PCURVE('',#7410,#7415);
#7410 = PLANE('',#7411);
#7411 = AXIS2_PLACEMENT_3D('',#7412,#7413,#7414);
#7412 = CARTESIAN_POINT('',(1.E+03,20.5,329.));
#7413 = DIRECTION('',(0.13052619222,-0.991444861374,0.));
#7414 = DIRECTION('',(-0.991444861374,-0.13052619222,0.));
#7415 = DEFINITIONAL_REPRESENTATION('',(#7416),#7419);
#7416 = B_SPLINE_CURVE_WITH_KNOTS('',1,(#7417,#7418),.UNSPECIFIED.,.F.,
  .F.,(2,2),(7.140074279689,12.491648160711),.PIECEWISE_BEZIER_KNOTS.);
#7417 = CARTESIAN_POINT('',(5.351573881022,-1.));
#7418 = CARTESIAN_POINT('',(0.,-1.));
#7419 = ( GEOMETRIC_REPRESENTATION_CONTEXT(2) 
PARAMETRIC_REPRESENTATION_CONTEXT() REPRESENTATION_CONTEXT('2D SPACE',''
  ) );
#7420 = ORIENTED_EDGE('',*,*,#7421,.T.);
#7421 = EDGE_CURVE('',#7396,#7422,#7424,.T.);
#7422 = VERTEX_POINT('',#7423);
#7423 = CARTESIAN_POINT('',(1.005305790425E+03,19.801479438926,330.));
#7424 = SURFACE_CURVE('',#7425,(#7429,#7435),.PCURVE_S1.);
#7425 = LINE('',#7426,#7427);
#7426 = CARTESIAN_POINT('',(992.92101004557,21.431966707896,330.));
#7427 = VECTOR('',#7428,1.);
#7428 = DIRECTION('',(0.991444861374,-0.13052619222,0.));
#7429 = PCURVE('',#6711,#7430);
#7430 = DEFINITIONAL_REPRESENTATION('',(#7431),#7434);
#7431 = B_SPLINE_CURVE_WITH_KNOTS('',1,(#7432,#7433),.UNSPECIFIED.,.F.,
  .F.,(2,2),(7.140074279689,12.491648160711),.PIECEWISE_BEZIER_KNOTS.);
#7432 = CARTESIAN_POINT('',(22.5,20.5));
#7433 = CARTESIAN_POINT('',(27.805790424602,19.801479438926));
#7434 = ( GEOMETRIC_REPRESENTATION_CONTEXT(2) 
PARAMETRIC_REPRESENTATION_CONTEXT() REPRESENTATION_CONTEXT('2D SPACE',''
  ) );
#7435 = PCURVE('',#7436,#7441);
#7436 = PLANE('',#7437);
#7437 = AXIS2_PLACEMENT_3D('',#7438,#7439,#7440);
#7438 = CARTESIAN_POINT('',(1.005305790425E+03,19.801479438926,329.));
#7439 = DIRECTION('',(-0.13052619222,-0.991444861374,0.));
#7440 = DIRECTION('',(-0.991444861374,0.13052619222,0.));
#7441 = DEFINITIONAL_REPRESENTATION('',(#7442),#7445);
#7442 = B_SPLINE_CURVE_WITH_KNOTS('',1,(#7443,#7444),.UNSPECIFIED.,.F.,
  .F.,(2,2),(7.140074279689,12.491648160711),.PIECEWISE_BEZIER_KNOTS.);
#7443 = CARTESIAN_POINT('',(5.351573881022,-1.));
#7444 = CARTESIAN_POINT('',(0.,-1.));
#7445 = ( GEOMETRIC_REPRESENTATION_CONTEXT(2) 
PARAMETRIC_REPRESENTATION_CONTEXT() REPRESENTATION_CONTEXT('2D SPACE',''
  ) );
#7446 = ORIENTED_EDGE('',*,*,#7447,.T.);
#7447 = EDGE_CURVE('',#7422,#7448,#7450,.T.);
#7448 = VERTEX_POINT('',#7449);
#7449 = CARTESIAN_POINT('',(1.01025E+03,17.753520777581,330.));
#7450 = SURFACE_CURVE('',#7451,(#7455,#7461),.PCURVE_S1.);
#7451 = LINE('',#7452,#7453);
#7452 = CARTESIAN_POINT('',(999.41147196197,22.242986087092,330.));
#7453 = VECTOR('',#7454,1.);
#7454 = DIRECTION('',(0.923879532511,-0.382683432365,0.));
#7455 = PCURVE('',#6711,#7456);
#7456 = DEFINITIONAL_REPRESENTATION('',(#7457),#7460);
#7457 = B_SPLINE_CURVE_WITH_KNOTS('',1,(#7458,#7459),.UNSPECIFIED.,.F.,
  .F.,(2,2),(6.379964329985,11.731538211008),.PIECEWISE_BEZIER_KNOTS.);
#7458 = CARTESIAN_POINT('',(27.805790424602,19.801479438926));
#7459 = CARTESIAN_POINT('',(32.75,17.753520777581));
#7460 = ( GEOMETRIC_REPRESENTATION_CONTEXT(2) 
PARAMETRIC_REPRESENTATION_CONTEXT() REPRESENTATION_CONTEXT('2D SPACE',''
  ) );
#7461 = PCURVE('',#7462,#7467);
#7462 = PLANE('',#7463);
#7463 = AXIS2_PLACEMENT_3D('',#7464,#7465,#7466);
#7464 = CARTESIAN_POINT('',(1.01025E+03,17.753520777581,329.));
#7465 = DIRECTION('',(-0.382683432365,-0.923879532511,0.));
#7466 = DIRECTION('',(-0.923879532511,0.382683432365,0.));
#7467 = DEFINITIONAL_REPRESENTATION('',(#7468),#7471);
#7468 = B_SPLINE_CURVE_WITH_KNOTS('',1,(#7469,#7470),.UNSPECIFIED.,.F.,
  .F.,(2,2),(6.379964329985,11.731538211008),.PIECEWISE_BEZIER_KNOTS.);
#7469 = CARTESIAN_POINT('',(5.351573881022,-1.));
#7470 = CARTESIAN_POINT('',(0.,-1.));
#7471 = ( GEOMETRIC_REPRESENTATION_CONTEXT(2) 
PARAMETRIC_REPRESENTATION_CONTEXT() REPRESENTATION_CONTEXT('2D SPACE',''
  ) );
#7472 = ORIENTED_EDGE('',*,*,#7473,.T.);
#7473 = EDGE_CURVE('',#7448,#7474,#7476,.T.);
#7474 = VERTEX_POINT('',#7475);
#7475 = CARTESIAN_POINT('',(1.014495689014E+03,14.495689014324,330.));
#7476 = SURFACE_CURVE('',#7477,(#7481,#7487),.PCURVE_S1.);
#7477 = LINE('',#7478,#7479);
#7478 = CARTESIAN_POINT('',(1.006353409632E+03,20.743479728014,330.));
#7479 = VECTOR('',#7480,1.);
#7480 = DIRECTION('',(0.793353340291,-0.608761429009,0.));
#7481 = PCURVE('',#6711,#7482);
#7482 = DEFINITIONAL_REPRESENTATION('',(#7483),#7486);
#7483 = B_SPLINE_CURVE_WITH_KNOTS('',1,(#7484,#7485),.UNSPECIFIED.,.F.,
  .F.,(2,2),(4.91154466751,10.263118548532),.PIECEWISE_BEZIER_KNOTS.);
#7484 = CARTESIAN_POINT('',(32.75,17.753520777581));
#7485 = CARTESIAN_POINT('',(36.995689014324,14.495689014324));
#7486 = ( GEOMETRIC_REPRESENTATION_CONTEXT(2) 
PARAMETRIC_REPRESENTATION_CONTEXT() REPRESENTATION_CONTEXT('2D SPACE',''
  ) );
#7487 = PCURVE('',#7488,#7493);
#7488 = PLANE('',#7489);
#7489 = AXIS2_PLACEMENT_3D('',#7490,#7491,#7492);
#7490 = CARTESIAN_POINT('',(1.014495689014E+03,14.495689014324,329.));
#7491 = DIRECTION('',(-0.608761429009,-0.793353340291,0.));
#7492 = DIRECTION('',(-0.793353340291,0.608761429009,0.));
#7493 = DEFINITIONAL_REPRESENTATION('',(#7494),#7497);
#7494 = B_SPLINE_CURVE_WITH_KNOTS('',1,(#7495,#7496),.UNSPECIFIED.,.F.,
  .F.,(2,2),(4.91154466751,10.263118548532),.PIECEWISE_BEZIER_KNOTS.);
#7495 = CARTESIAN_POINT('',(5.351573881022,-1.));
#7496 = CARTESIAN_POINT('',(0.,-1.));
#7497 = ( GEOMETRIC_REPRESENTATION_CONTEXT(2) 
PARAMETRIC_REPRESENTATION_CONTEXT() REPRESENTATION_CONTEXT('2D SPACE',''
  ) );
#7498 = ORIENTED_EDGE('',*,*,#7499,.T.);
#7499 = EDGE_CURVE('',#7474,#6900,#7500,.T.);
#7500 = SURFACE_CURVE('',#7501,(#7505,#7511),.PCURVE_S1.);
#7501 = LINE('',#7502,#7503);
#7502 = CARTESIAN_POINT('',(1.012769919965E+03,16.744755026457,330.));
#7503 = VECTOR('',#7504,1.);
#7504 = DIRECTION('',(0.608761429009,-0.793353340291,0.));
#7505 = PCURVE('',#6711,#7506);
#7506 = DEFINITIONAL_REPRESENTATION('',(#7507),#7510);
#7507 = B_SPLINE_CURVE_WITH_KNOTS('',1,(#7508,#7509),.UNSPECIFIED.,.F.,
  .F.,(2,2),(2.834885665582,8.186459546604),.PIECEWISE_BEZIER_KNOTS.);
#7508 = CARTESIAN_POINT('',(36.995689014324,14.495689014324));
#7509 = CARTESIAN_POINT('',(40.253520777581,10.25));
#7510 = ( GEOMETRIC_REPRESENTATION_CONTEXT(2) 
PARAMETRIC_REPRESENTATION_CONTEXT() REPRESENTATION_CONTEXT('2D SPACE',''
  ) );
#7511 = PCURVE('',#7512,#7517);
#7512 = PLANE('',#7513);
#7513 = AXIS2_PLACEMENT_3D('',#7514,#7515,#7516);
#7514 = CARTESIAN_POINT('',(1.017753520778E+03,10.25,329.));
#7515 = DIRECTION('',(-0.793353340291,-0.608761429009,0.));
#7516 = DIRECTION('',(-0.608761429009,0.793353340291,0.));
#7517 = DEFINITIONAL_REPRESENTATION('',(#7518),#7521);
#7518 = B_SPLINE_CURVE_WITH_KNOTS('',1,(#7519,#7520),.UNSPECIFIED.,.F.,
  .F.,(2,2),(2.834885665582,8.186459546604),.PIECEWISE_BEZIER_KNOTS.);
#7519 = CARTESIAN_POINT('',(5.351573881022,-1.));
#7520 = CARTESIAN_POINT('',(0.,-1.));
#7521 = ( GEOMETRIC_REPRESENTATION_CONTEXT(2) 
PARAMETRIC_REPRESENTATION_CONTEXT() REPRESENTATION_CONTEXT('2D SPACE',''
  ) );
#7522 = ADVANCED_FACE('',(#7523,#7549),#6657,.T.);
#7523 = FACE_BOUND('',#7524,.T.);
#7524 = EDGE_LOOP('',(#7525,#7526,#7527,#7548));
#7525 = ORIENTED_EDGE('',*,*,#6641,.T.);
#7526 = ORIENTED_EDGE('',*,*,#6803,.T.);
#7527 = ORIENTED_EDGE('',*,*,#7528,.T.);
#7528 = EDGE_CURVE('',#6804,#6729,#7529,.T.);
#7529 = SURFACE_CURVE('',#7530,(#7534,#7541),.PCURVE_S1.);
#7530 = LINE('',#7531,#7532);
#7531 = CARTESIAN_POINT('',(1.03E+03,39.,333.));
#7532 = VECTOR('',#7533,1.);
#7533 = DIRECTION('',(-1.,0.,0.));
#7534 = PCURVE('',#6657,#7535);
#7535 = DEFINITIONAL_REPRESENTATION('',(#7536),#7540);
#7536 = LINE('',#7537,#7538);
#7537 = CARTESIAN_POINT('',(52.5,39.));
#7538 = VECTOR('',#7539,1.);
#7539 = DIRECTION('',(-1.,0.));
#7540 = ( GEOMETRIC_REPRESENTATION_CONTEXT(2) 
PARAMETRIC_REPRESENTATION_CONTEXT() REPRESENTATION_CONTEXT('2D SPACE',''
  ) );
#7541 = PCURVE('',#6744,#7542);
#7542 = DEFINITIONAL_REPRESENTATION('',(#7543),#7547);
#7543 = LINE('',#7544,#7545);
#7544 = CARTESIAN_POINT('',(0.,-3.));
#7545 = VECTOR('',#7546,1.);
#7546 = DIRECTION('',(1.,0.));
#7547 = ( GEOMETRIC_REPRESENTATION_CONTEXT(2) 
PARAMETRIC_REPRESENTATION_CONTEXT() REPRESENTATION_CONTEXT('2D SPACE',''
  ) );
#7548 = ORIENTED_EDGE('',*,*,#6756,.T.);
#7549 = FACE_BOUND('',#7550,.T.);
#7550 = EDGE_LOOP('',(#7551,#7574,#7595,#7616,#7637,#7658,#7679,#7700,
    #7721,#7742,#7763,#7784,#7805,#7826,#7847,#7868,#7889,#7910,#7931,
    #7952,#7973,#7994,#8015,#8036));
#7551 = ORIENTED_EDGE('',*,*,#7552,.T.);
#7552 = EDGE_CURVE('',#7553,#7555,#7557,.T.);
#7553 = VERTEX_POINT('',#7554);
#7554 = CARTESIAN_POINT('',(1.017753520778E+03,10.25,333.));
#7555 = VERTEX_POINT('',#7556);
#7556 = CARTESIAN_POINT('',(1.019801479439E+03,5.305790424602,333.));
#7557 = SURFACE_CURVE('',#7558,(#7562,#7568),.PCURVE_S1.);
#7558 = LINE('',#7559,#7560);
#7559 = CARTESIAN_POINT('',(1.017641965418E+03,10.519318462625,333.));
#7560 = VECTOR('',#7561,1.);
#7561 = DIRECTION('',(0.382683432365,-0.923879532511,0.));
#7562 = PCURVE('',#6657,#7563);
#7563 = DEFINITIONAL_REPRESENTATION('',(#7564),#7567);
#7564 = B_SPLINE_CURVE_WITH_KNOTS('',1,(#7565,#7566),.UNSPECIFIED.,.F.,
  .F.,(2,2),(0.291508203341,5.643082084363),.PIECEWISE_BEZIER_KNOTS.);
#7565 = CARTESIAN_POINT('',(40.253520777581,10.25));
#7566 = CARTESIAN_POINT('',(42.301479438926,5.305790424602));
#7567 = ( GEOMETRIC_REPRESENTATION_CONTEXT(2) 
PARAMETRIC_REPRESENTATION_CONTEXT() REPRESENTATION_CONTEXT('2D SPACE',''
  ) );
#7568 = PCURVE('',#6916,#7569);
#7569 = DEFINITIONAL_REPRESENTATION('',(#7570),#7573);
#7570 = B_SPLINE_CURVE_WITH_KNOTS('',1,(#7571,#7572),.UNSPECIFIED.,.F.,
  .F.,(2,2),(0.291508203341,5.643082084363),.PIECEWISE_BEZIER_KNOTS.);
#7571 = CARTESIAN_POINT('',(5.351573881022,-4.));
#7572 = CARTESIAN_POINT('',(0.,-4.));
#7573 = ( GEOMETRIC_REPRESENTATION_CONTEXT(2) 
PARAMETRIC_REPRESENTATION_CONTEXT() REPRESENTATION_CONTEXT('2D SPACE',''
  ) );
#7574 = ORIENTED_EDGE('',*,*,#7575,.T.);
#7575 = EDGE_CURVE('',#7555,#7576,#7578,.T.);
#7576 = VERTEX_POINT('',#7577);
#7577 = CARTESIAN_POINT('',(1.0205E+03,0.,333.));
#7578 = SURFACE_CURVE('',#7579,(#7583,#7589),.PCURVE_S1.);
#7579 = LINE('',#7580,#7581);
#7580 = CARTESIAN_POINT('',(1.020133702633E+03,2.782304734852,333.));
#7581 = VECTOR('',#7582,1.);
#7582 = DIRECTION('',(0.13052619222,-0.991444861374,0.));
#7583 = PCURVE('',#6657,#7584);
#7584 = DEFINITIONAL_REPRESENTATION('',(#7585),#7588);
#7585 = B_SPLINE_CURVE_WITH_KNOTS('',1,(#7586,#7587),.UNSPECIFIED.,.F.,
  .F.,(2,2),(-2.545260748291,2.806313132731),.PIECEWISE_BEZIER_KNOTS.);
#7586 = CARTESIAN_POINT('',(42.301479438926,5.305790424602));
#7587 = CARTESIAN_POINT('',(43.,-3.552713678801E-15));
#7588 = ( GEOMETRIC_REPRESENTATION_CONTEXT(2) 
PARAMETRIC_REPRESENTATION_CONTEXT() REPRESENTATION_CONTEXT('2D SPACE',''
  ) );
#7589 = PCURVE('',#6942,#7590);
#7590 = DEFINITIONAL_REPRESENTATION('',(#7591),#7594);
#7591 = B_SPLINE_CURVE_WITH_KNOTS('',1,(#7592,#7593),.UNSPECIFIED.,.F.,
  .F.,(2,2),(-2.545260748291,2.806313132731),.PIECEWISE_BEZIER_KNOTS.);
#7592 = CARTESIAN_POINT('',(5.351573881022,-4.));
#7593 = CARTESIAN_POINT('',(0.,-4.));
#7594 = ( GEOMETRIC_REPRESENTATION_CONTEXT(2) 
PARAMETRIC_REPRESENTATION_CONTEXT() REPRESENTATION_CONTEXT('2D SPACE',''
  ) );
#7595 = ORIENTED_EDGE('',*,*,#7596,.T.);
#7596 = EDGE_CURVE('',#7576,#7597,#7599,.T.);
#7597 = VERTEX_POINT('',#7598);
#7598 = CARTESIAN_POINT('',(1.019801479439E+03,-5.305790424602,333.));
#7599 = SURFACE_CURVE('',#7600,(#7604,#7610),.PCURVE_S1.);
#7600 = LINE('',#7601,#7602);
#7601 = CARTESIAN_POINT('',(1.019784442352E+03,-5.435199947153,333.));
#7602 = VECTOR('',#7603,1.);
#7603 = DIRECTION('',(-0.13052619222,-0.991444861374,0.));
#7604 = PCURVE('',#6657,#7605);
#7605 = DEFINITIONAL_REPRESENTATION('',(#7606),#7609);
#7606 = B_SPLINE_CURVE_WITH_KNOTS('',1,(#7607,#7608),.UNSPECIFIED.,.F.,
  .F.,(2,2),(-5.482100073242,-0.13052619222),.PIECEWISE_BEZIER_KNOTS.);
#7607 = CARTESIAN_POINT('',(43.,1.24344978758E-14));
#7608 = CARTESIAN_POINT('',(42.301479438926,-5.305790424602));
#7609 = ( GEOMETRIC_REPRESENTATION_CONTEXT(2) 
PARAMETRIC_REPRESENTATION_CONTEXT() REPRESENTATION_CONTEXT('2D SPACE',''
  ) );
#7610 = PCURVE('',#6968,#7611);
#7611 = DEFINITIONAL_REPRESENTATION('',(#7612),#7615);
#7612 = B_SPLINE_CURVE_WITH_KNOTS('',1,(#7613,#7614),.UNSPECIFIED.,.F.,
  .F.,(2,2),(-5.482100073242,-0.13052619222),.PIECEWISE_BEZIER_KNOTS.);
#7613 = CARTESIAN_POINT('',(5.351573881022,-4.));
#7614 = CARTESIAN_POINT('',(0.,-4.));
#7615 = ( GEOMETRIC_REPRESENTATION_CONTEXT(2) 
PARAMETRIC_REPRESENTATION_CONTEXT() REPRESENTATION_CONTEXT('2D SPACE',''
  ) );
#7616 = ORIENTED_EDGE('',*,*,#7617,.T.);
#7617 = EDGE_CURVE('',#7597,#7618,#7620,.T.);
#7618 = VERTEX_POINT('',#7619);
#7619 = CARTESIAN_POINT('',(1.017753520778E+03,-10.25,333.));
#7620 = SURFACE_CURVE('',#7621,(#7625,#7631),.PCURVE_S1.);
#7621 = LINE('',#7622,#7623);
#7622 = CARTESIAN_POINT('',(1.016617986087E+03,-12.99142325032,333.));
#7623 = VECTOR('',#7624,1.);
#7624 = DIRECTION('',(-0.382683432365,-0.923879532511,0.));
#7625 = PCURVE('',#6657,#7626);
#7626 = DEFINITIONAL_REPRESENTATION('',(#7627),#7630);
#7627 = B_SPLINE_CURVE_WITH_KNOTS('',1,(#7628,#7629),.UNSPECIFIED.,.F.,
  .F.,(2,2),(-8.318869024874,-2.967295143852),.PIECEWISE_BEZIER_KNOTS.);
#7628 = CARTESIAN_POINT('',(42.301479438926,-5.305790424602));
#7629 = CARTESIAN_POINT('',(40.253520777581,-10.25));
#7630 = ( GEOMETRIC_REPRESENTATION_CONTEXT(2) 
PARAMETRIC_REPRESENTATION_CONTEXT() REPRESENTATION_CONTEXT('2D SPACE',''
  ) );
#7631 = PCURVE('',#6994,#7632);
#7632 = DEFINITIONAL_REPRESENTATION('',(#7633),#7636);
#7633 = B_SPLINE_CURVE_WITH_KNOTS('',1,(#7634,#7635),.UNSPECIFIED.,.F.,
  .F.,(2,2),(-8.318869024874,-2.967295143852),.PIECEWISE_BEZIER_KNOTS.);
#7634 = CARTESIAN_POINT('',(5.351573881022,-4.));
#7635 = CARTESIAN_POINT('',(0.,-4.));
#7636 = ( GEOMETRIC_REPRESENTATION_CONTEXT(2) 
PARAMETRIC_REPRESENTATION_CONTEXT() REPRESENTATION_CONTEXT('2D SPACE',''
  ) );
#7637 = ORIENTED_EDGE('',*,*,#7638,.T.);
#7638 = EDGE_CURVE('',#7618,#7639,#7641,.T.);
#7639 = VERTEX_POINT('',#7640);
#7640 = CARTESIAN_POINT('',(1.014495689014E+03,-14.49568901432,333.));
#7641 = SURFACE_CURVE('',#7642,(#7646,#7652),.PCURVE_S1.);
#7642 = LINE('',#7643,#7644);
#7643 = CARTESIAN_POINT('',(1.011141004084E+03,-18.86759953361,333.));
#7644 = VECTOR('',#7645,1.);
#7645 = DIRECTION('',(-0.608761429009,-0.793353340291,0.));
#7646 = PCURVE('',#6657,#7647);
#7647 = DEFINITIONAL_REPRESENTATION('',(#7648),#7651);
#7648 = B_SPLINE_CURVE_WITH_KNOTS('',1,(#7649,#7650),.UNSPECIFIED.,.F.,
  .F.,(2,2),(-10.86224648711,-5.510672606093),.PIECEWISE_BEZIER_KNOTS.);
#7649 = CARTESIAN_POINT('',(40.253520777581,-10.25));
#7650 = CARTESIAN_POINT('',(36.995689014324,-14.49568901432));
#7651 = ( GEOMETRIC_REPRESENTATION_CONTEXT(2) 
PARAMETRIC_REPRESENTATION_CONTEXT() REPRESENTATION_CONTEXT('2D SPACE',''
  ) );
#7652 = PCURVE('',#7020,#7653);
#7653 = DEFINITIONAL_REPRESENTATION('',(#7654),#7657);
#7654 = B_SPLINE_CURVE_WITH_KNOTS('',1,(#7655,#7656),.UNSPECIFIED.,.F.,
  .F.,(2,2),(-10.86224648711,-5.510672606093),.PIECEWISE_BEZIER_KNOTS.);
#7655 = CARTESIAN_POINT('',(5.351573881022,-4.));
#7656 = CARTESIAN_POINT('',(0.,-4.));
#7657 = ( GEOMETRIC_REPRESENTATION_CONTEXT(2) 
PARAMETRIC_REPRESENTATION_CONTEXT() REPRESENTATION_CONTEXT('2D SPACE',''
  ) );
#7658 = ORIENTED_EDGE('',*,*,#7659,.T.);
#7659 = EDGE_CURVE('',#7639,#7660,#7662,.T.);
#7660 = VERTEX_POINT('',#7661);
#7661 = CARTESIAN_POINT('',(1.01025E+03,-17.75352077758,333.));
#7662 = SURFACE_CURVE('',#7663,(#7667,#7673),.PCURVE_S1.);
#7663 = LINE('',#7664,#7665);
#7664 = CARTESIAN_POINT('',(1.004230565125E+03,-22.37239560964,333.));
#7665 = VECTOR('',#7666,1.);
#7666 = DIRECTION('',(-0.793353340291,-0.608761429009,0.));
#7667 = PCURVE('',#6657,#7668);
#7668 = DEFINITIONAL_REPRESENTATION('',(#7669),#7672);
#7669 = B_SPLINE_CURVE_WITH_KNOTS('',1,(#7670,#7671),.UNSPECIFIED.,.F.,
  .F.,(2,2),(-12.93890548904,-7.587331608021),.PIECEWISE_BEZIER_KNOTS.);
#7670 = CARTESIAN_POINT('',(36.995689014324,-14.49568901432));
#7671 = CARTESIAN_POINT('',(32.75,-17.75352077758));
#7672 = ( GEOMETRIC_REPRESENTATION_CONTEXT(2) 
PARAMETRIC_REPRESENTATION_CONTEXT() REPRESENTATION_CONTEXT('2D SPACE',''
  ) );
#7673 = PCURVE('',#7046,#7674);
#7674 = DEFINITIONAL_REPRESENTATION('',(#7675),#7678);
#7675 = B_SPLINE_CURVE_WITH_KNOTS('',1,(#7676,#7677),.UNSPECIFIED.,.F.,
  .F.,(2,2),(-12.93890548904,-7.587331608021),.PIECEWISE_BEZIER_KNOTS.);
#7676 = CARTESIAN_POINT('',(5.351573881022,-4.));
#7677 = CARTESIAN_POINT('',(0.,-4.));
#7678 = ( GEOMETRIC_REPRESENTATION_CONTEXT(2) 
PARAMETRIC_REPRESENTATION_CONTEXT() REPRESENTATION_CONTEXT('2D SPACE',''
  ) );
#7679 = ORIENTED_EDGE('',*,*,#7680,.T.);
#7680 = EDGE_CURVE('',#7660,#7681,#7683,.T.);
#7681 = VERTEX_POINT('',#7682);
#7682 = CARTESIAN_POINT('',(1.005305790425E+03,-19.80147943892,333.));
#7683 = SURFACE_CURVE('',#7684,(#7688,#7694),.PCURVE_S1.);
#7684 = LINE('',#7685,#7686);
#7685 = CARTESIAN_POINT('',(996.93936717427,-23.26696541776,333.));
#7686 = VECTOR('',#7687,1.);
#7687 = DIRECTION('',(-0.923879532511,-0.382683432365,0.));
#7688 = PCURVE('',#6657,#7689);
#7689 = DEFINITIONAL_REPRESENTATION('',(#7690),#7693);
#7690 = B_SPLINE_CURVE_WITH_KNOTS('',1,(#7691,#7692),.UNSPECIFIED.,.F.,
  .F.,(2,2),(-14.40732515151,-9.055751270496),.PIECEWISE_BEZIER_KNOTS.);
#7691 = CARTESIAN_POINT('',(32.75,-17.75352077758));
#7692 = CARTESIAN_POINT('',(27.805790424602,-19.80147943892));
#7693 = ( GEOMETRIC_REPRESENTATION_CONTEXT(2) 
PARAMETRIC_REPRESENTATION_CONTEXT() REPRESENTATION_CONTEXT('2D SPACE',''
  ) );
#7694 = PCURVE('',#7072,#7695);
#7695 = DEFINITIONAL_REPRESENTATION('',(#7696),#7699);
#7696 = B_SPLINE_CURVE_WITH_KNOTS('',1,(#7697,#7698),.UNSPECIFIED.,.F.,
  .F.,(2,2),(-14.40732515151,-9.055751270496),.PIECEWISE_BEZIER_KNOTS.);
#7697 = CARTESIAN_POINT('',(5.351573881022,-4.));
#7698 = CARTESIAN_POINT('',(0.,-4.));
#7699 = ( GEOMETRIC_REPRESENTATION_CONTEXT(2) 
PARAMETRIC_REPRESENTATION_CONTEXT() REPRESENTATION_CONTEXT('2D SPACE',''
  ) );
#7700 = ORIENTED_EDGE('',*,*,#7701,.T.);
#7701 = EDGE_CURVE('',#7681,#7702,#7704,.T.);
#7702 = VERTEX_POINT('',#7703);
#7703 = CARTESIAN_POINT('',(1.E+03,-20.5,333.));
#7704 = SURFACE_CURVE('',#7705,(#7709,#7715),.PCURVE_S1.);
#7705 = LINE('',#7706,#7707);
#7706 = CARTESIAN_POINT('',(990.26811483327,-21.78122698843,333.));
#7707 = VECTOR('',#7708,1.);
#7708 = DIRECTION('',(-0.991444861374,-0.13052619222,0.));
#7709 = PCURVE('',#6657,#7710);
#7710 = DEFINITIONAL_REPRESENTATION('',(#7711),#7714);
#7711 = B_SPLINE_CURVE_WITH_KNOTS('',1,(#7712,#7713),.UNSPECIFIED.,.F.,
  .F.,(2,2),(-15.16743510122,-9.8158612202),.PIECEWISE_BEZIER_KNOTS.);
#7712 = CARTESIAN_POINT('',(27.805790424602,-19.80147943892));
#7713 = CARTESIAN_POINT('',(22.5,-20.5));
#7714 = ( GEOMETRIC_REPRESENTATION_CONTEXT(2) 
PARAMETRIC_REPRESENTATION_CONTEXT() REPRESENTATION_CONTEXT('2D SPACE',''
  ) );
#7715 = PCURVE('',#7098,#7716);
#7716 = DEFINITIONAL_REPRESENTATION('',(#7717),#7720);
#7717 = B_SPLINE_CURVE_WITH_KNOTS('',1,(#7718,#7719),.UNSPECIFIED.,.F.,
  .F.,(2,2),(-15.16743510122,-9.8158612202),.PIECEWISE_BEZIER_KNOTS.);
#7718 = CARTESIAN_POINT('',(5.351573881022,-4.));
#7719 = CARTESIAN_POINT('',(0.,-4.));
#7720 = ( GEOMETRIC_REPRESENTATION_CONTEXT(2) 
PARAMETRIC_REPRESENTATION_CONTEXT() REPRESENTATION_CONTEXT('2D SPACE',''
  ) );
#7721 = ORIENTED_EDGE('',*,*,#7722,.T.);
#7722 = EDGE_CURVE('',#7702,#7723,#7725,.T.);
#7723 = VERTEX_POINT('',#7724);
#7724 = CARTESIAN_POINT('',(994.69420957539,-19.80147943892,333.));
#7725 = SURFACE_CURVE('',#7726,(#7730,#7736),.PCURVE_S1.);
#7726 = LINE('',#7727,#7728);
#7727 = CARTESIAN_POINT('',(984.96232440867,-18.52025245049,333.));
#7728 = VECTOR('',#7729,1.);
#7729 = DIRECTION('',(-0.991444861374,0.13052619222,0.));
#7730 = PCURVE('',#6657,#7731);
#7731 = DEFINITIONAL_REPRESENTATION('',(#7732),#7735);
#7732 = B_SPLINE_CURVE_WITH_KNOTS('',1,(#7733,#7734),.UNSPECIFIED.,.F.,
  .F.,(2,2),(-15.16743510122,-9.8158612202),.PIECEWISE_BEZIER_KNOTS.);
#7733 = CARTESIAN_POINT('',(22.5,-20.5));
#7734 = CARTESIAN_POINT('',(17.194209575398,-19.80147943892));
#7735 = ( GEOMETRIC_REPRESENTATION_CONTEXT(2) 
PARAMETRIC_REPRESENTATION_CONTEXT() REPRESENTATION_CONTEXT('2D SPACE',''
  ) );
#7736 = PCURVE('',#7124,#7737);
#7737 = DEFINITIONAL_REPRESENTATION('',(#7738),#7741);
#7738 = B_SPLINE_CURVE_WITH_KNOTS('',1,(#7739,#7740),.UNSPECIFIED.,.F.,
  .F.,(2,2),(-15.16743510122,-9.8158612202),.PIECEWISE_BEZIER_KNOTS.);
#7739 = CARTESIAN_POINT('',(5.351573881022,-4.));
#7740 = CARTESIAN_POINT('',(0.,-4.));
#7741 = ( GEOMETRIC_REPRESENTATION_CONTEXT(2) 
PARAMETRIC_REPRESENTATION_CONTEXT() REPRESENTATION_CONTEXT('2D SPACE',''
  ) );
#7742 = ORIENTED_EDGE('',*,*,#7743,.T.);
#7743 = EDGE_CURVE('',#7723,#7744,#7746,.T.);
#7744 = VERTEX_POINT('',#7745);
#7745 = CARTESIAN_POINT('',(989.75,-17.75352077758,333.));
#7746 = SURFACE_CURVE('',#7747,(#7751,#7757),.PCURVE_S1.);
#7747 = LINE('',#7748,#7749);
#7748 = CARTESIAN_POINT('',(981.38357674967,-14.28803479874,333.));
#7749 = VECTOR('',#7750,1.);
#7750 = DIRECTION('',(-0.923879532511,0.382683432365,0.));
#7751 = PCURVE('',#6657,#7752);
#7752 = DEFINITIONAL_REPRESENTATION('',(#7753),#7756);
#7753 = B_SPLINE_CURVE_WITH_KNOTS('',1,(#7754,#7755),.UNSPECIFIED.,.F.,
  .F.,(2,2),(-14.40732515151,-9.055751270496),.PIECEWISE_BEZIER_KNOTS.);
#7754 = CARTESIAN_POINT('',(17.194209575398,-19.80147943892));
#7755 = CARTESIAN_POINT('',(12.25,-17.75352077758));
#7756 = ( GEOMETRIC_REPRESENTATION_CONTEXT(2) 
PARAMETRIC_REPRESENTATION_CONTEXT() REPRESENTATION_CONTEXT('2D SPACE',''
  ) );
#7757 = PCURVE('',#7150,#7758);
#7758 = DEFINITIONAL_REPRESENTATION('',(#7759),#7762);
#7759 = B_SPLINE_CURVE_WITH_KNOTS('',1,(#7760,#7761),.UNSPECIFIED.,.F.,
  .F.,(2,2),(-14.40732515151,-9.055751270496),.PIECEWISE_BEZIER_KNOTS.);
#7760 = CARTESIAN_POINT('',(5.351573881022,-4.));
#7761 = CARTESIAN_POINT('',(0.,-4.));
#7762 = ( GEOMETRIC_REPRESENTATION_CONTEXT(2) 
PARAMETRIC_REPRESENTATION_CONTEXT() REPRESENTATION_CONTEXT('2D SPACE',''
  ) );
#7763 = ORIENTED_EDGE('',*,*,#7764,.T.);
#7764 = EDGE_CURVE('',#7744,#7765,#7767,.T.);
#7765 = VERTEX_POINT('',#7766);
#7766 = CARTESIAN_POINT('',(985.50431098567,-14.49568901432,333.));
#7767 = SURFACE_CURVE('',#7768,(#7772,#7778),.PCURVE_S1.);
#7768 = LINE('',#7769,#7770);
#7769 = CARTESIAN_POINT('',(979.48487611055,-9.876814182263,333.));
#7770 = VECTOR('',#7771,1.);
#7771 = DIRECTION('',(-0.793353340291,0.608761429009,0.));
#7772 = PCURVE('',#6657,#7773);
#7773 = DEFINITIONAL_REPRESENTATION('',(#7774),#7777);
#7774 = B_SPLINE_CURVE_WITH_KNOTS('',1,(#7775,#7776),.UNSPECIFIED.,.F.,
  .F.,(2,2),(-12.93890548904,-7.587331608021),.PIECEWISE_BEZIER_KNOTS.);
#7775 = CARTESIAN_POINT('',(12.25,-17.75352077758));
#7776 = CARTESIAN_POINT('',(8.004310985676,-14.49568901432));
#7777 = ( GEOMETRIC_REPRESENTATION_CONTEXT(2) 
PARAMETRIC_REPRESENTATION_CONTEXT() REPRESENTATION_CONTEXT('2D SPACE',''
  ) );
#7778 = PCURVE('',#7176,#7779);
#7779 = DEFINITIONAL_REPRESENTATION('',(#7780),#7783);
#7780 = B_SPLINE_CURVE_WITH_KNOTS('',1,(#7781,#7782),.UNSPECIFIED.,.F.,
  .F.,(2,2),(-12.93890548904,-7.587331608021),.PIECEWISE_BEZIER_KNOTS.);
#7781 = CARTESIAN_POINT('',(5.351573881022,-4.));
#7782 = CARTESIAN_POINT('',(0.,-4.));
#7783 = ( GEOMETRIC_REPRESENTATION_CONTEXT(2) 
PARAMETRIC_REPRESENTATION_CONTEXT() REPRESENTATION_CONTEXT('2D SPACE',''
  ) );
#7784 = ORIENTED_EDGE('',*,*,#7785,.T.);
#7785 = EDGE_CURVE('',#7765,#7786,#7788,.T.);
#7786 = VERTEX_POINT('',#7787);
#7787 = CARTESIAN_POINT('',(982.24647922241,-10.25,333.));
#7788 = SURFACE_CURVE('',#7789,(#7793,#7799),.PCURVE_S1.);
#7789 = LINE('',#7790,#7791);
#7790 = CARTESIAN_POINT('',(978.89179429193,-5.878089480705,333.));
#7791 = VECTOR('',#7792,1.);
#7792 = DIRECTION('',(-0.608761429009,0.793353340291,0.));
#7793 = PCURVE('',#6657,#7794);
#7794 = DEFINITIONAL_REPRESENTATION('',(#7795),#7798);
#7795 = B_SPLINE_CURVE_WITH_KNOTS('',1,(#7796,#7797),.UNSPECIFIED.,.F.,
  .F.,(2,2),(-10.86224648711,-5.510672606093),.PIECEWISE_BEZIER_KNOTS.);
#7796 = CARTESIAN_POINT('',(8.004310985676,-14.49568901432));
#7797 = CARTESIAN_POINT('',(4.746479222419,-10.25));
#7798 = ( GEOMETRIC_REPRESENTATION_CONTEXT(2) 
PARAMETRIC_REPRESENTATION_CONTEXT() REPRESENTATION_CONTEXT('2D SPACE',''
  ) );
#7799 = PCURVE('',#7202,#7800);
#7800 = DEFINITIONAL_REPRESENTATION('',(#7801),#7804);
#7801 = B_SPLINE_CURVE_WITH_KNOTS('',1,(#7802,#7803),.UNSPECIFIED.,.F.,
  .F.,(2,2),(-10.86224648711,-5.510672606093),.PIECEWISE_BEZIER_KNOTS.);
#7802 = CARTESIAN_POINT('',(5.351573881022,-4.));
#7803 = CARTESIAN_POINT('',(0.,-4.));
#7804 = ( GEOMETRIC_REPRESENTATION_CONTEXT(2) 
PARAMETRIC_REPRESENTATION_CONTEXT() REPRESENTATION_CONTEXT('2D SPACE',''
  ) );
#7805 = ORIENTED_EDGE('',*,*,#7806,.T.);
#7806 = EDGE_CURVE('',#7786,#7807,#7809,.T.);
#7807 = VERTEX_POINT('',#7808);
#7808 = CARTESIAN_POINT('',(980.19852056107,-5.305790424602,333.));
#7809 = SURFACE_CURVE('',#7810,(#7814,#7820),.PCURVE_S1.);
#7810 = LINE('',#7811,#7812);
#7811 = CARTESIAN_POINT('',(979.06298587058,-2.564367174277,333.));
#7812 = VECTOR('',#7813,1.);
#7813 = DIRECTION('',(-0.382683432365,0.923879532511,0.));
#7814 = PCURVE('',#6657,#7815);
#7815 = DEFINITIONAL_REPRESENTATION('',(#7816),#7819);
#7816 = B_SPLINE_CURVE_WITH_KNOTS('',1,(#7817,#7818),.UNSPECIFIED.,.F.,
  .F.,(2,2),(-8.318869024874,-2.967295143852),.PIECEWISE_BEZIER_KNOTS.);
#7817 = CARTESIAN_POINT('',(4.746479222419,-10.25));
#7818 = CARTESIAN_POINT('',(2.698520561074,-5.305790424602));
#7819 = ( GEOMETRIC_REPRESENTATION_CONTEXT(2) 
PARAMETRIC_REPRESENTATION_CONTEXT() REPRESENTATION_CONTEXT('2D SPACE',''
  ) );
#7820 = PCURVE('',#7228,#7821);
#7821 = DEFINITIONAL_REPRESENTATION('',(#7822),#7825);
#7822 = B_SPLINE_CURVE_WITH_KNOTS('',1,(#7823,#7824),.UNSPECIFIED.,.F.,
  .F.,(2,2),(-8.318869024874,-2.967295143852),.PIECEWISE_BEZIER_KNOTS.);
#7823 = CARTESIAN_POINT('',(5.351573881022,-4.));
#7824 = CARTESIAN_POINT('',(0.,-4.));
#7825 = ( GEOMETRIC_REPRESENTATION_CONTEXT(2) 
PARAMETRIC_REPRESENTATION_CONTEXT() REPRESENTATION_CONTEXT('2D SPACE',''
  ) );
#7826 = ORIENTED_EDGE('',*,*,#7827,.T.);
#7827 = EDGE_CURVE('',#7807,#7828,#7830,.T.);
#7828 = VERTEX_POINT('',#7829);
#7829 = CARTESIAN_POINT('',(979.5,2.510525938252E-15,333.));
#7830 = SURFACE_CURVE('',#7831,(#7835,#7841),.PCURVE_S1.);
#7831 = LINE('',#7832,#7833);
#7832 = CARTESIAN_POINT('',(979.48296291314,0.129409522551,333.));
#7833 = VECTOR('',#7834,1.);
#7834 = DIRECTION('',(-0.13052619222,0.991444861374,0.));
#7835 = PCURVE('',#6657,#7836);
#7836 = DEFINITIONAL_REPRESENTATION('',(#7837),#7840);
#7837 = B_SPLINE_CURVE_WITH_KNOTS('',1,(#7838,#7839),.UNSPECIFIED.,.F.,
  .F.,(2,2),(-5.482100073242,-0.13052619222),.PIECEWISE_BEZIER_KNOTS.);
#7838 = CARTESIAN_POINT('',(2.698520561074,-5.305790424602));
#7839 = CARTESIAN_POINT('',(2.,4.496403249732E-15));
#7840 = ( GEOMETRIC_REPRESENTATION_CONTEXT(2) 
PARAMETRIC_REPRESENTATION_CONTEXT() REPRESENTATION_CONTEXT('2D SPACE',''
  ) );
#7841 = PCURVE('',#7254,#7842);
#7842 = DEFINITIONAL_REPRESENTATION('',(#7843),#7846);
#7843 = B_SPLINE_CURVE_WITH_KNOTS('',1,(#7844,#7845),.UNSPECIFIED.,.F.,
  .F.,(2,2),(-5.482100073242,-0.13052619222),.PIECEWISE_BEZIER_KNOTS.);
#7844 = CARTESIAN_POINT('',(5.351573881022,-4.));
#7845 = CARTESIAN_POINT('',(0.,-4.));
#7846 = ( GEOMETRIC_REPRESENTATION_CONTEXT(2) 
PARAMETRIC_REPRESENTATION_CONTEXT() REPRESENTATION_CONTEXT('2D SPACE',''
  ) );
#7847 = ORIENTED_EDGE('',*,*,#7848,.T.);
#7848 = EDGE_CURVE('',#7828,#7849,#7851,.T.);
#7849 = VERTEX_POINT('',#7850);
#7850 = CARTESIAN_POINT('',(980.19852056107,5.305790424602,333.));
#7851 = SURFACE_CURVE('',#7852,(#7856,#7862),.PCURVE_S1.);
#7852 = LINE('',#7853,#7854);
#7853 = CARTESIAN_POINT('',(979.83222319368,2.52348568975,333.));
#7854 = VECTOR('',#7855,1.);
#7855 = DIRECTION('',(0.13052619222,0.991444861374,-0.));
#7856 = PCURVE('',#6657,#7857);
#7857 = DEFINITIONAL_REPRESENTATION('',(#7858),#7861);
#7858 = B_SPLINE_CURVE_WITH_KNOTS('',1,(#7859,#7860),.UNSPECIFIED.,.F.,
  .F.,(2,2),(-2.545260748291,2.806313132731),.PIECEWISE_BEZIER_KNOTS.);
#7859 = CARTESIAN_POINT('',(2.,8.437694987151E-15));
#7860 = CARTESIAN_POINT('',(2.698520561074,5.305790424602));
#7861 = ( GEOMETRIC_REPRESENTATION_CONTEXT(2) 
PARAMETRIC_REPRESENTATION_CONTEXT() REPRESENTATION_CONTEXT('2D SPACE',''
  ) );
#7862 = PCURVE('',#7280,#7863);
#7863 = DEFINITIONAL_REPRESENTATION('',(#7864),#7867);
#7864 = B_SPLINE_CURVE_WITH_KNOTS('',1,(#7865,#7866),.UNSPECIFIED.,.F.,
  .F.,(2,2),(-2.545260748291,2.806313132731),.PIECEWISE_BEZIER_KNOTS.);
#7865 = CARTESIAN_POINT('',(5.351573881022,-4.));
#7866 = CARTESIAN_POINT('',(0.,-4.));
#7867 = ( GEOMETRIC_REPRESENTATION_CONTEXT(2) 
PARAMETRIC_REPRESENTATION_CONTEXT() REPRESENTATION_CONTEXT('2D SPACE',''
  ) );
#7868 = ORIENTED_EDGE('',*,*,#7869,.T.);
#7869 = EDGE_CURVE('',#7849,#7870,#7872,.T.);
#7870 = VERTEX_POINT('',#7871);
#7871 = CARTESIAN_POINT('',(982.24647922241,10.25,333.));
#7872 = SURFACE_CURVE('',#7873,(#7877,#7883),.PCURVE_S1.);
#7873 = LINE('',#7874,#7875);
#7874 = CARTESIAN_POINT('',(980.08696520125,5.036471961976,333.));
#7875 = VECTOR('',#7876,1.);
#7876 = DIRECTION('',(0.382683432365,0.923879532511,-0.));
#7877 = PCURVE('',#6657,#7878);
#7878 = DEFINITIONAL_REPRESENTATION('',(#7879),#7882);
#7879 = B_SPLINE_CURVE_WITH_KNOTS('',1,(#7880,#7881),.UNSPECIFIED.,.F.,
  .F.,(2,2),(0.291508203341,5.643082084363),.PIECEWISE_BEZIER_KNOTS.);
#7880 = CARTESIAN_POINT('',(2.698520561074,5.305790424602));
#7881 = CARTESIAN_POINT('',(4.746479222419,10.25));
#7882 = ( GEOMETRIC_REPRESENTATION_CONTEXT(2) 
PARAMETRIC_REPRESENTATION_CONTEXT() REPRESENTATION_CONTEXT('2D SPACE',''
  ) );
#7883 = PCURVE('',#7306,#7884);
#7884 = DEFINITIONAL_REPRESENTATION('',(#7885),#7888);
#7885 = B_SPLINE_CURVE_WITH_KNOTS('',1,(#7886,#7887),.UNSPECIFIED.,.F.,
  .F.,(2,2),(0.291508203341,5.643082084363),.PIECEWISE_BEZIER_KNOTS.);
#7886 = CARTESIAN_POINT('',(5.351573881022,-4.));
#7887 = CARTESIAN_POINT('',(0.,-4.));
#7888 = ( GEOMETRIC_REPRESENTATION_CONTEXT(2) 
PARAMETRIC_REPRESENTATION_CONTEXT() REPRESENTATION_CONTEXT('2D SPACE',''
  ) );
#7889 = ORIENTED_EDGE('',*,*,#7890,.T.);
#7890 = EDGE_CURVE('',#7870,#7891,#7893,.T.);
#7891 = VERTEX_POINT('',#7892);
#7892 = CARTESIAN_POINT('',(985.50431098567,14.495689014324,333.));
#7893 = SURFACE_CURVE('',#7894,(#7898,#7904),.PCURVE_S1.);
#7894 = LINE('',#7895,#7896);
#7895 = CARTESIAN_POINT('',(980.52071017356,8.000933987867,333.));
#7896 = VECTOR('',#7897,1.);
#7897 = DIRECTION('',(0.608761429009,0.793353340291,-0.));
#7898 = PCURVE('',#6657,#7899);
#7899 = DEFINITIONAL_REPRESENTATION('',(#7900),#7903);
#7900 = B_SPLINE_CURVE_WITH_KNOTS('',1,(#7901,#7902),.UNSPECIFIED.,.F.,
  .F.,(2,2),(2.834885665581,8.186459546604),.PIECEWISE_BEZIER_KNOTS.);
#7901 = CARTESIAN_POINT('',(4.746479222419,10.25));
#7902 = CARTESIAN_POINT('',(8.004310985676,14.495689014324));
#7903 = ( GEOMETRIC_REPRESENTATION_CONTEXT(2) 
PARAMETRIC_REPRESENTATION_CONTEXT() REPRESENTATION_CONTEXT('2D SPACE',''
  ) );
#7904 = PCURVE('',#7332,#7905);
#7905 = DEFINITIONAL_REPRESENTATION('',(#7906),#7909);
#7906 = B_SPLINE_CURVE_WITH_KNOTS('',1,(#7907,#7908),.UNSPECIFIED.,.F.,
  .F.,(2,2),(2.834885665581,8.186459546604),.PIECEWISE_BEZIER_KNOTS.);
#7907 = CARTESIAN_POINT('',(5.351573881022,-4.));
#7908 = CARTESIAN_POINT('',(0.,-4.));
#7909 = ( GEOMETRIC_REPRESENTATION_CONTEXT(2) 
PARAMETRIC_REPRESENTATION_CONTEXT() REPRESENTATION_CONTEXT('2D SPACE',''
  ) );
#7910 = ORIENTED_EDGE('',*,*,#7911,.T.);
#7911 = EDGE_CURVE('',#7891,#7912,#7914,.T.);
#7912 = VERTEX_POINT('',#7913);
#7913 = CARTESIAN_POINT('',(989.75,17.753520777581,333.));
#7914 = SURFACE_CURVE('',#7915,(#7919,#7925),.PCURVE_S1.);
#7915 = LINE('',#7916,#7917);
#7916 = CARTESIAN_POINT('',(981.60772061771,11.505730063891,333.));
#7917 = VECTOR('',#7918,1.);
#7918 = DIRECTION('',(0.793353340291,0.608761429009,-0.));
#7919 = PCURVE('',#6657,#7920);
#7920 = DEFINITIONAL_REPRESENTATION('',(#7921),#7924);
#7921 = B_SPLINE_CURVE_WITH_KNOTS('',1,(#7922,#7923),.UNSPECIFIED.,.F.,
  .F.,(2,2),(4.91154466751,10.263118548532),.PIECEWISE_BEZIER_KNOTS.);
#7922 = CARTESIAN_POINT('',(8.004310985676,14.495689014324));
#7923 = CARTESIAN_POINT('',(12.25,17.753520777581));
#7924 = ( GEOMETRIC_REPRESENTATION_CONTEXT(2) 
PARAMETRIC_REPRESENTATION_CONTEXT() REPRESENTATION_CONTEXT('2D SPACE',''
  ) );
#7925 = PCURVE('',#7358,#7926);
#7926 = DEFINITIONAL_REPRESENTATION('',(#7927),#7930);
#7927 = B_SPLINE_CURVE_WITH_KNOTS('',1,(#7928,#7929),.UNSPECIFIED.,.F.,
  .F.,(2,2),(4.91154466751,10.263118548532),.PIECEWISE_BEZIER_KNOTS.);
#7928 = CARTESIAN_POINT('',(5.351573881022,-4.));
#7929 = CARTESIAN_POINT('',(0.,-4.));
#7930 = ( GEOMETRIC_REPRESENTATION_CONTEXT(2) 
PARAMETRIC_REPRESENTATION_CONTEXT() REPRESENTATION_CONTEXT('2D SPACE',''
  ) );
#7931 = ORIENTED_EDGE('',*,*,#7932,.T.);
#7932 = EDGE_CURVE('',#7912,#7933,#7935,.T.);
#7933 = VERTEX_POINT('',#7934);
#7934 = CARTESIAN_POINT('',(994.69420957539,19.801479438926,333.));
#7935 = SURFACE_CURVE('',#7936,(#7940,#7946),.PCURVE_S1.);
#7936 = LINE('',#7937,#7938);
#7937 = CARTESIAN_POINT('',(983.85568153737,15.312014129415,333.));
#7938 = VECTOR('',#7939,1.);
#7939 = DIRECTION('',(0.923879532511,0.382683432365,-0.));
#7940 = PCURVE('',#6657,#7941);
#7941 = DEFINITIONAL_REPRESENTATION('',(#7942),#7945);
#7942 = B_SPLINE_CURVE_WITH_KNOTS('',1,(#7943,#7944),.UNSPECIFIED.,.F.,
  .F.,(2,2),(6.379964329985,11.731538211008),.PIECEWISE_BEZIER_KNOTS.);
#7943 = CARTESIAN_POINT('',(12.25,17.753520777581));
#7944 = CARTESIAN_POINT('',(17.194209575398,19.801479438926));
#7945 = ( GEOMETRIC_REPRESENTATION_CONTEXT(2) 
PARAMETRIC_REPRESENTATION_CONTEXT() REPRESENTATION_CONTEXT('2D SPACE',''
  ) );
#7946 = PCURVE('',#7384,#7947);
#7947 = DEFINITIONAL_REPRESENTATION('',(#7948),#7951);
#7948 = B_SPLINE_CURVE_WITH_KNOTS('',1,(#7949,#7950),.UNSPECIFIED.,.F.,
  .F.,(2,2),(6.379964329985,11.731538211008),.PIECEWISE_BEZIER_KNOTS.);
#7949 = CARTESIAN_POINT('',(5.351573881022,-4.));
#7950 = CARTESIAN_POINT('',(0.,-4.));
#7951 = ( GEOMETRIC_REPRESENTATION_CONTEXT(2) 
PARAMETRIC_REPRESENTATION_CONTEXT() REPRESENTATION_CONTEXT('2D SPACE',''
  ) );
#7952 = ORIENTED_EDGE('',*,*,#7953,.T.);
#7953 = EDGE_CURVE('',#7933,#7954,#7956,.T.);
#7954 = VERTEX_POINT('',#7955);
#7955 = CARTESIAN_POINT('',(1.E+03,20.5,333.));
#7956 = SURFACE_CURVE('',#7957,(#7961,#7967),.PCURVE_S1.);
#7957 = LINE('',#7958,#7959);
#7958 = CARTESIAN_POINT('',(987.61521962097,18.86951273103,333.));
#7959 = VECTOR('',#7960,1.);
#7960 = DIRECTION('',(0.991444861374,0.13052619222,-0.));
#7961 = PCURVE('',#6657,#7962);
#7962 = DEFINITIONAL_REPRESENTATION('',(#7963),#7966);
#7963 = B_SPLINE_CURVE_WITH_KNOTS('',1,(#7964,#7965),.UNSPECIFIED.,.F.,
  .F.,(2,2),(7.140074279689,12.491648160711),.PIECEWISE_BEZIER_KNOTS.);
#7964 = CARTESIAN_POINT('',(17.194209575398,19.801479438926));
#7965 = CARTESIAN_POINT('',(22.5,20.5));
#7966 = ( GEOMETRIC_REPRESENTATION_CONTEXT(2) 
PARAMETRIC_REPRESENTATION_CONTEXT() REPRESENTATION_CONTEXT('2D SPACE',''
  ) );
#7967 = PCURVE('',#7410,#7968);
#7968 = DEFINITIONAL_REPRESENTATION('',(#7969),#7972);
#7969 = B_SPLINE_CURVE_WITH_KNOTS('',1,(#7970,#7971),.UNSPECIFIED.,.F.,
  .F.,(2,2),(7.140074279689,12.491648160711),.PIECEWISE_BEZIER_KNOTS.);
#7970 = CARTESIAN_POINT('',(5.351573881022,-4.));
#7971 = CARTESIAN_POINT('',(0.,-4.));
#7972 = ( GEOMETRIC_REPRESENTATION_CONTEXT(2) 
PARAMETRIC_REPRESENTATION_CONTEXT() REPRESENTATION_CONTEXT('2D SPACE',''
  ) );
#7973 = ORIENTED_EDGE('',*,*,#7974,.T.);
#7974 = EDGE_CURVE('',#7954,#7975,#7977,.T.);
#7975 = VERTEX_POINT('',#7976);
#7976 = CARTESIAN_POINT('',(1.005305790425E+03,19.801479438926,333.));
#7977 = SURFACE_CURVE('',#7978,(#7982,#7988),.PCURVE_S1.);
#7978 = LINE('',#7979,#7980);
#7979 = CARTESIAN_POINT('',(992.92101004557,21.431966707896,333.));
#7980 = VECTOR('',#7981,1.);
#7981 = DIRECTION('',(0.991444861374,-0.13052619222,0.));
#7982 = PCURVE('',#6657,#7983);
#7983 = DEFINITIONAL_REPRESENTATION('',(#7984),#7987);
#7984 = B_SPLINE_CURVE_WITH_KNOTS('',1,(#7985,#7986),.UNSPECIFIED.,.F.,
  .F.,(2,2),(7.140074279689,12.491648160711),.PIECEWISE_BEZIER_KNOTS.);
#7985 = CARTESIAN_POINT('',(22.5,20.5));
#7986 = CARTESIAN_POINT('',(27.805790424602,19.801479438926));
#7987 = ( GEOMETRIC_REPRESENTATION_CONTEXT(2) 
PARAMETRIC_REPRESENTATION_CONTEXT() REPRESENTATION_CONTEXT('2D SPACE',''
  ) );
#7988 = PCURVE('',#7436,#7989);
#7989 = DEFINITIONAL_REPRESENTATION('',(#7990),#7993);
#7990 = B_SPLINE_CURVE_WITH_KNOTS('',1,(#7991,#7992),.UNSPECIFIED.,.F.,
  .F.,(2,2),(7.140074279689,12.491648160711),.PIECEWISE_BEZIER_KNOTS.);
#7991 = CARTESIAN_POINT('',(5.351573881022,-4.));
#7992 = CARTESIAN_POINT('',(0.,-4.));
#7993 = ( GEOMETRIC_REPRESENTATION_CONTEXT(2) 
PARAMETRIC_REPRESENTATION_CONTEXT() REPRESENTATION_CONTEXT('2D SPACE',''
  ) );
#7994 = ORIENTED_EDGE('',*,*,#7995,.T.);
#7995 = EDGE_CURVE('',#7975,#7996,#7998,.T.);
#7996 = VERTEX_POINT('',#7997);
#7997 = CARTESIAN_POINT('',(1.01025E+03,17.753520777581,333.));
#7998 = SURFACE_CURVE('',#7999,(#8003,#8009),.PCURVE_S1.);
#7999 = LINE('',#8000,#8001);
#8000 = CARTESIAN_POINT('',(999.41147196197,22.242986087092,333.));
#8001 = VECTOR('',#8002,1.);
#8002 = DIRECTION('',(0.923879532511,-0.382683432365,0.));
#8003 = PCURVE('',#6657,#8004);
#8004 = DEFINITIONAL_REPRESENTATION('',(#8005),#8008);
#8005 = B_SPLINE_CURVE_WITH_KNOTS('',1,(#8006,#8007),.UNSPECIFIED.,.F.,
  .F.,(2,2),(6.379964329985,11.731538211008),.PIECEWISE_BEZIER_KNOTS.);
#8006 = CARTESIAN_POINT('',(27.805790424602,19.801479438926));
#8007 = CARTESIAN_POINT('',(32.75,17.753520777581));
#8008 = ( GEOMETRIC_REPRESENTATION_CONTEXT(2) 
PARAMETRIC_REPRESENTATION_CONTEXT() REPRESENTATION_CONTEXT('2D SPACE',''
  ) );
#8009 = PCURVE('',#7462,#8010);
#8010 = DEFINITIONAL_REPRESENTATION('',(#8011),#8014);
#8011 = B_SPLINE_CURVE_WITH_KNOTS('',1,(#8012,#8013),.UNSPECIFIED.,.F.,
  .F.,(2,2),(6.379964329985,11.731538211008),.PIECEWISE_BEZIER_KNOTS.);
#8012 = CARTESIAN_POINT('',(5.351573881022,-4.));
#8013 = CARTESIAN_POINT('',(0.,-4.));
#8014 = ( GEOMETRIC_REPRESENTATION_CONTEXT(2) 
PARAMETRIC_REPRESENTATION_CONTEXT() REPRESENTATION_CONTEXT('2D SPACE',''
  ) );
#8015 = ORIENTED_EDGE('',*,*,#8016,.T.);
#8016 = EDGE_CURVE('',#7996,#8017,#8019,.T.);
#8017 = VERTEX_POINT('',#8018);
#8018 = CARTESIAN_POINT('',(1.014495689014E+03,14.495689014324,333.));
#8019 = SURFACE_CURVE('',#8020,(#8024,#8030),.PCURVE_S1.);
#8020 = LINE('',#8021,#8022);
#8021 = CARTESIAN_POINT('',(1.006353409632E+03,20.743479728014,333.));
#8022 = VECTOR('',#8023,1.);
#8023 = DIRECTION('',(0.793353340291,-0.608761429009,0.));
#8024 = PCURVE('',#6657,#8025);
#8025 = DEFINITIONAL_REPRESENTATION('',(#8026),#8029);
#8026 = B_SPLINE_CURVE_WITH_KNOTS('',1,(#8027,#8028),.UNSPECIFIED.,.F.,
  .F.,(2,2),(4.91154466751,10.263118548532),.PIECEWISE_BEZIER_KNOTS.);
#8027 = CARTESIAN_POINT('',(32.75,17.753520777581));
#8028 = CARTESIAN_POINT('',(36.995689014324,14.495689014324));
#8029 = ( GEOMETRIC_REPRESENTATION_CONTEXT(2) 
PARAMETRIC_REPRESENTATION_CONTEXT() REPRESENTATION_CONTEXT('2D SPACE',''
  ) );
#8030 = PCURVE('',#7488,#8031);
#8031 = DEFINITIONAL_REPRESENTATION('',(#8032),#8035);
#8032 = B_SPLINE_CURVE_WITH_KNOTS('',1,(#8033,#8034),.UNSPECIFIED.,.F.,
  .F.,(2,2),(4.91154466751,10.263118548532),.PIECEWISE_BEZIER_KNOTS.);
#8033 = CARTESIAN_POINT('',(5.351573881022,-4.));
#8034 = CARTESIAN_POINT('',(0.,-4.));
#8035 = ( GEOMETRIC_REPRESENTATION_CONTEXT(2) 
PARAMETRIC_REPRESENTATION_CONTEXT() REPRESENTATION_CONTEXT('2D SPACE',''
  ) );
#8036 = ORIENTED_EDGE('',*,*,#8037,.T.);
#8037 = EDGE_CURVE('',#8017,#7553,#8038,.T.);
#8038 = SURFACE_CURVE('',#8039,(#8043,#8049),.PCURVE_S1.);
#8039 = LINE('',#8040,#8041);
#8040 = CARTESIAN_POINT('',(1.012769919965E+03,16.744755026457,333.));
#8041 = VECTOR('',#8042,1.);
#8042 = DIRECTION('',(0.608761429009,-0.793353340291,0.));
#8043 = PCURVE('',#6657,#8044);
#8044 = DEFINITIONAL_REPRESENTATION('',(#8045),#8048);
#8045 = B_SPLINE_CURVE_WITH_KNOTS('',1,(#8046,#8047),.UNSPECIFIED.,.F.,
  .F.,(2,2),(2.834885665582,8.186459546604),.PIECEWISE_BEZIER_KNOTS.);
#8046 = CARTESIAN_POINT('',(36.995689014324,14.495689014324));
#8047 = CARTESIAN_POINT('',(40.253520777581,10.25));
#8048 = ( GEOMETRIC_REPRESENTATION_CONTEXT(2) 
PARAMETRIC_REPRESENTATION_CONTEXT() REPRESENTATION_CONTEXT('2D SPACE',''
  ) );
#8049 = PCURVE('',#7512,#8050);
#8050 = DEFINITIONAL_REPRESENTATION('',(#8051),#8054);
#8051 = B_SPLINE_CURVE_WITH_KNOTS('',1,(#8052,#8053),.UNSPECIFIED.,.F.,
  .F.,(2,2),(2.834885665582,8.186459546604),.PIECEWISE_BEZIER_KNOTS.);
#8052 = CARTESIAN_POINT('',(5.351573881022,-4.));
#8053 = CARTESIAN_POINT('',(0.,-4.));
#8054 = ( GEOMETRIC_REPRESENTATION_CONTEXT(2) 
PARAMETRIC_REPRESENTATION_CONTEXT() REPRESENTATION_CONTEXT('2D SPACE',''
  ) );
#8055 = ADVANCED_FACE('',(#8056),#6744,.F.);
#8056 = FACE_BOUND('',#8057,.F.);
#8057 = EDGE_LOOP('',(#8058,#8059,#8060,#8061));
#8058 = ORIENTED_EDGE('',*,*,#6826,.T.);
#8059 = ORIENTED_EDGE('',*,*,#7528,.T.);
#8060 = ORIENTED_EDGE('',*,*,#6726,.F.);
#8061 = ORIENTED_EDGE('',*,*,#6875,.F.);
#8062 = ADVANCED_FACE('',(#8063),#6916,.T.);
#8063 = FACE_BOUND('',#8064,.T.);
#8064 = EDGE_LOOP('',(#8065,#8066,#8087,#8088));
#8065 = ORIENTED_EDGE('',*,*,#6899,.T.);
#8066 = ORIENTED_EDGE('',*,*,#8067,.T.);
#8067 = EDGE_CURVE('',#6902,#7555,#8068,.T.);
#8068 = SURFACE_CURVE('',#8069,(#8073,#8080),.PCURVE_S1.);
#8069 = LINE('',#8070,#8071);
#8070 = CARTESIAN_POINT('',(1.019801479439E+03,5.305790424602,329.));
#8071 = VECTOR('',#8072,1.);
#8072 = DIRECTION('',(0.,0.,1.));
#8073 = PCURVE('',#6916,#8074);
#8074 = DEFINITIONAL_REPRESENTATION('',(#8075),#8079);
#8075 = LINE('',#8076,#8077);
#8076 = CARTESIAN_POINT('',(0.,0.));
#8077 = VECTOR('',#8078,1.);
#8078 = DIRECTION('',(0.,-1.));
#8079 = ( GEOMETRIC_REPRESENTATION_CONTEXT(2) 
PARAMETRIC_REPRESENTATION_CONTEXT() REPRESENTATION_CONTEXT('2D SPACE',''
  ) );
#8080 = PCURVE('',#6942,#8081);
#8081 = DEFINITIONAL_REPRESENTATION('',(#8082),#8086);
#8082 = LINE('',#8083,#8084);
#8083 = CARTESIAN_POINT('',(5.351573881022,0.));
#8084 = VECTOR('',#8085,1.);
#8085 = DIRECTION('',(0.,-1.));
#8086 = ( GEOMETRIC_REPRESENTATION_CONTEXT(2) 
PARAMETRIC_REPRESENTATION_CONTEXT() REPRESENTATION_CONTEXT('2D SPACE',''
  ) );
#8087 = ORIENTED_EDGE('',*,*,#7552,.F.);
#8088 = ORIENTED_EDGE('',*,*,#8089,.F.);
#8089 = EDGE_CURVE('',#6900,#7553,#8090,.T.);
#8090 = SURFACE_CURVE('',#8091,(#8095,#8102),.PCURVE_S1.);
#8091 = LINE('',#8092,#8093);
#8092 = CARTESIAN_POINT('',(1.017753520778E+03,10.25,329.));
#8093 = VECTOR('',#8094,1.);
#8094 = DIRECTION('',(0.,0.,1.));
#8095 = PCURVE('',#6916,#8096);
#8096 = DEFINITIONAL_REPRESENTATION('',(#8097),#8101);
#8097 = LINE('',#8098,#8099);
#8098 = CARTESIAN_POINT('',(5.351573881022,0.));
#8099 = VECTOR('',#8100,1.);
#8100 = DIRECTION('',(0.,-1.));
#8101 = ( GEOMETRIC_REPRESENTATION_CONTEXT(2) 
PARAMETRIC_REPRESENTATION_CONTEXT() REPRESENTATION_CONTEXT('2D SPACE',''
  ) );
#8102 = PCURVE('',#7512,#8103);
#8103 = DEFINITIONAL_REPRESENTATION('',(#8104),#8108);
#8104 = LINE('',#8105,#8106);
#8105 = CARTESIAN_POINT('',(0.,0.));
#8106 = VECTOR('',#8107,1.);
#8107 = DIRECTION('',(0.,-1.));
#8108 = ( GEOMETRIC_REPRESENTATION_CONTEXT(2) 
PARAMETRIC_REPRESENTATION_CONTEXT() REPRESENTATION_CONTEXT('2D SPACE',''
  ) );
#8109 = ADVANCED_FACE('',(#8110),#7512,.T.);
#8110 = FACE_BOUND('',#8111,.T.);
#8111 = EDGE_LOOP('',(#8112,#8113,#8114,#8115));
#8112 = ORIENTED_EDGE('',*,*,#7499,.T.);
#8113 = ORIENTED_EDGE('',*,*,#8089,.T.);
#8114 = ORIENTED_EDGE('',*,*,#8037,.F.);
#8115 = ORIENTED_EDGE('',*,*,#8116,.F.);
#8116 = EDGE_CURVE('',#7474,#8017,#8117,.T.);
#8117 = SURFACE_CURVE('',#8118,(#8122,#8129),.PCURVE_S1.);
#8118 = LINE('',#8119,#8120);
#8119 = CARTESIAN_POINT('',(1.014495689014E+03,14.495689014324,329.));
#8120 = VECTOR('',#8121,1.);
#8121 = DIRECTION('',(0.,0.,1.));
#8122 = PCURVE('',#7512,#8123);
#8123 = DEFINITIONAL_REPRESENTATION('',(#8124),#8128);
#8124 = LINE('',#8125,#8126);
#8125 = CARTESIAN_POINT('',(5.351573881022,0.));
#8126 = VECTOR('',#8127,1.);
#8127 = DIRECTION('',(0.,-1.));
#8128 = ( GEOMETRIC_REPRESENTATION_CONTEXT(2) 
PARAMETRIC_REPRESENTATION_CONTEXT() REPRESENTATION_CONTEXT('2D SPACE',''
  ) );
#8129 = PCURVE('',#7488,#8130);
#8130 = DEFINITIONAL_REPRESENTATION('',(#8131),#8135);
#8131 = LINE('',#8132,#8133);
#8132 = CARTESIAN_POINT('',(0.,0.));
#8133 = VECTOR('',#8134,1.);
#8134 = DIRECTION('',(0.,-1.));
#8135 = ( GEOMETRIC_REPRESENTATION_CONTEXT(2) 
PARAMETRIC_REPRESENTATION_CONTEXT() REPRESENTATION_CONTEXT('2D SPACE',''
  ) );
#8136 = ADVANCED_FACE('',(#8137),#7488,.T.);
#8137 = FACE_BOUND('',#8138,.T.);
#8138 = EDGE_LOOP('',(#8139,#8140,#8141,#8142));
#8139 = ORIENTED_EDGE('',*,*,#7473,.T.);
#8140 = ORIENTED_EDGE('',*,*,#8116,.T.);
#8141 = ORIENTED_EDGE('',*,*,#8016,.F.);
#8142 = ORIENTED_EDGE('',*,*,#8143,.F.);
#8143 = EDGE_CURVE('',#7448,#7996,#8144,.T.);
#8144 = SURFACE_CURVE('',#8145,(#8149,#8156),.PCURVE_S1.);
#8145 = LINE('',#8146,#8147);
#8146 = CARTESIAN_POINT('',(1.01025E+03,17.753520777581,329.));
#8147 = VECTOR('',#8148,1.);
#8148 = DIRECTION('',(0.,0.,1.));
#8149 = PCURVE('',#7488,#8150);
#8150 = DEFINITIONAL_REPRESENTATION('',(#8151),#8155);
#8151 = LINE('',#8152,#8153);
#8152 = CARTESIAN_POINT('',(5.351573881022,0.));
#8153 = VECTOR('',#8154,1.);
#8154 = DIRECTION('',(0.,-1.));
#8155 = ( GEOMETRIC_REPRESENTATION_CONTEXT(2) 
PARAMETRIC_REPRESENTATION_CONTEXT() REPRESENTATION_CONTEXT('2D SPACE',''
  ) );
#8156 = PCURVE('',#7462,#8157);
#8157 = DEFINITIONAL_REPRESENTATION('',(#8158),#8162);
#8158 = LINE('',#8159,#8160);
#8159 = CARTESIAN_POINT('',(0.,0.));
#8160 = VECTOR('',#8161,1.);
#8161 = DIRECTION('',(0.,-1.));
#8162 = ( GEOMETRIC_REPRESENTATION_CONTEXT(2) 
PARAMETRIC_REPRESENTATION_CONTEXT() REPRESENTATION_CONTEXT('2D SPACE',''
  ) );
#8163 = ADVANCED_FACE('',(#8164),#7462,.T.);
#8164 = FACE_BOUND('',#8165,.T.);
#8165 = EDGE_LOOP('',(#8166,#8167,#8168,#8169));
#8166 = ORIENTED_EDGE('',*,*,#7447,.T.);
#8167 = ORIENTED_EDGE('',*,*,#8143,.T.);
#8168 = ORIENTED_EDGE('',*,*,#7995,.F.);
#8169 = ORIENTED_EDGE('',*,*,#8170,.F.);
#8170 = EDGE_CURVE('',#7422,#7975,#8171,.T.);
#8171 = SURFACE_CURVE('',#8172,(#8176,#8183),.PCURVE_S1.);
#8172 = LINE('',#8173,#8174);
#8173 = CARTESIAN_POINT('',(1.005305790425E+03,19.801479438926,329.));
#8174 = VECTOR('',#8175,1.);
#8175 = DIRECTION('',(0.,0.,1.));
#8176 = PCURVE('',#7462,#8177);
#8177 = DEFINITIONAL_REPRESENTATION('',(#8178),#8182);
#8178 = LINE('',#8179,#8180);
#8179 = CARTESIAN_POINT('',(5.351573881022,0.));
#8180 = VECTOR('',#8181,1.);
#8181 = DIRECTION('',(0.,-1.));
#8182 = ( GEOMETRIC_REPRESENTATION_CONTEXT(2) 
PARAMETRIC_REPRESENTATION_CONTEXT() REPRESENTATION_CONTEXT('2D SPACE',''
  ) );
#8183 = PCURVE('',#7436,#8184);
#8184 = DEFINITIONAL_REPRESENTATION('',(#8185),#8189);
#8185 = LINE('',#8186,#8187);
#8186 = CARTESIAN_POINT('',(0.,0.));
#8187 = VECTOR('',#8188,1.);
#8188 = DIRECTION('',(0.,-1.));
#8189 = ( GEOMETRIC_REPRESENTATION_CONTEXT(2) 
PARAMETRIC_REPRESENTATION_CONTEXT() REPRESENTATION_CONTEXT('2D SPACE',''
  ) );
#8190 = ADVANCED_FACE('',(#8191),#7436,.T.);
#8191 = FACE_BOUND('',#8192,.T.);
#8192 = EDGE_LOOP('',(#8193,#8194,#8195,#8196));
#8193 = ORIENTED_EDGE('',*,*,#7421,.T.);
#8194 = ORIENTED_EDGE('',*,*,#8170,.T.);
#8195 = ORIENTED_EDGE('',*,*,#7974,.F.);
#8196 = ORIENTED_EDGE('',*,*,#8197,.F.);
#8197 = EDGE_CURVE('',#7396,#7954,#8198,.T.);
#8198 = SURFACE_CURVE('',#8199,(#8203,#8210),.PCURVE_S1.);
#8199 = LINE('',#8200,#8201);
#8200 = CARTESIAN_POINT('',(1.E+03,20.5,329.));
#8201 = VECTOR('',#8202,1.);
#8202 = DIRECTION('',(0.,0.,1.));
#8203 = PCURVE('',#7436,#8204);
#8204 = DEFINITIONAL_REPRESENTATION('',(#8205),#8209);
#8205 = LINE('',#8206,#8207);
#8206 = CARTESIAN_POINT('',(5.351573881022,0.));
#8207 = VECTOR('',#8208,1.);
#8208 = DIRECTION('',(0.,-1.));
#8209 = ( GEOMETRIC_REPRESENTATION_CONTEXT(2) 
PARAMETRIC_REPRESENTATION_CONTEXT() REPRESENTATION_CONTEXT('2D SPACE',''
  ) );
#8210 = PCURVE('',#7410,#8211);
#8211 = DEFINITIONAL_REPRESENTATION('',(#8212),#8216);
#8212 = LINE('',#8213,#8214);
#8213 = CARTESIAN_POINT('',(0.,0.));
#8214 = VECTOR('',#8215,1.);
#8215 = DIRECTION('',(0.,-1.));
#8216 = ( GEOMETRIC_REPRESENTATION_CONTEXT(2) 
PARAMETRIC_REPRESENTATION_CONTEXT() REPRESENTATION_CONTEXT('2D SPACE',''
  ) );
#8217 = ADVANCED_FACE('',(#8218),#7410,.T.);
#8218 = FACE_BOUND('',#8219,.T.);
#8219 = EDGE_LOOP('',(#8220,#8221,#8222,#8223));
#8220 = ORIENTED_EDGE('',*,*,#7395,.T.);
#8221 = ORIENTED_EDGE('',*,*,#8197,.T.);
#8222 = ORIENTED_EDGE('',*,*,#7953,.F.);
#8223 = ORIENTED_EDGE('',*,*,#8224,.F.);
#8224 = EDGE_CURVE('',#7370,#7933,#8225,.T.);
#8225 = SURFACE_CURVE('',#8226,(#8230,#8237),.PCURVE_S1.);
#8226 = LINE('',#8227,#8228);
#8227 = CARTESIAN_POINT('',(994.69420957539,19.801479438926,329.));
#8228 = VECTOR('',#8229,1.);
#8229 = DIRECTION('',(0.,0.,1.));
#8230 = PCURVE('',#7410,#8231);
#8231 = DEFINITIONAL_REPRESENTATION('',(#8232),#8236);
#8232 = LINE('',#8233,#8234);
#8233 = CARTESIAN_POINT('',(5.351573881022,0.));
#8234 = VECTOR('',#8235,1.);
#8235 = DIRECTION('',(0.,-1.));
#8236 = ( GEOMETRIC_REPRESENTATION_CONTEXT(2) 
PARAMETRIC_REPRESENTATION_CONTEXT() REPRESENTATION_CONTEXT('2D SPACE',''
  ) );
#8237 = PCURVE('',#7384,#8238);
#8238 = DEFINITIONAL_REPRESENTATION('',(#8239),#8243);
#8239 = LINE('',#8240,#8241);
#8240 = CARTESIAN_POINT('',(0.,0.));
#8241 = VECTOR('',#8242,1.);
#8242 = DIRECTION('',(0.,-1.));
#8243 = ( GEOMETRIC_REPRESENTATION_CONTEXT(2) 
PARAMETRIC_REPRESENTATION_CONTEXT() REPRESENTATION_CONTEXT('2D SPACE',''
  ) );
#8244 = ADVANCED_FACE('',(#8245),#7384,.T.);
#8245 = FACE_BOUND('',#8246,.T.);
#8246 = EDGE_LOOP('',(#8247,#8248,#8249,#8250));
#8247 = ORIENTED_EDGE('',*,*,#7369,.T.);
#8248 = ORIENTED_EDGE('',*,*,#8224,.T.);
#8249 = ORIENTED_EDGE('',*,*,#7932,.F.);
#8250 = ORIENTED_EDGE('',*,*,#8251,.F.);
#8251 = EDGE_CURVE('',#7344,#7912,#8252,.T.);
#8252 = SURFACE_CURVE('',#8253,(#8257,#8264),.PCURVE_S1.);
#8253 = LINE('',#8254,#8255);
#8254 = CARTESIAN_POINT('',(989.75,17.753520777581,329.));
#8255 = VECTOR('',#8256,1.);
#8256 = DIRECTION('',(0.,0.,1.));
#8257 = PCURVE('',#7384,#8258);
#8258 = DEFINITIONAL_REPRESENTATION('',(#8259),#8263);
#8259 = LINE('',#8260,#8261);
#8260 = CARTESIAN_POINT('',(5.351573881022,0.));
#8261 = VECTOR('',#8262,1.);
#8262 = DIRECTION('',(0.,-1.));
#8263 = ( GEOMETRIC_REPRESENTATION_CONTEXT(2) 
PARAMETRIC_REPRESENTATION_CONTEXT() REPRESENTATION_CONTEXT('2D SPACE',''
  ) );
#8264 = PCURVE('',#7358,#8265);
#8265 = DEFINITIONAL_REPRESENTATION('',(#8266),#8270);
#8266 = LINE('',#8267,#8268);
#8267 = CARTESIAN_POINT('',(0.,0.));
#8268 = VECTOR('',#8269,1.);
#8269 = DIRECTION('',(0.,-1.));
#8270 = ( GEOMETRIC_REPRESENTATION_CONTEXT(2) 
PARAMETRIC_REPRESENTATION_CONTEXT() REPRESENTATION_CONTEXT('2D SPACE',''
  ) );
#8271 = ADVANCED_FACE('',(#8272),#7358,.T.);
#8272 = FACE_BOUND('',#8273,.T.);
#8273 = EDGE_LOOP('',(#8274,#8275,#8276,#8277));
#8274 = ORIENTED_EDGE('',*,*,#7343,.T.);
#8275 = ORIENTED_EDGE('',*,*,#8251,.T.);
#8276 = ORIENTED_EDGE('',*,*,#7911,.F.);
#8277 = ORIENTED_EDGE('',*,*,#8278,.F.);
#8278 = EDGE_CURVE('',#7318,#7891,#8279,.T.);
#8279 = SURFACE_CURVE('',#8280,(#8284,#8291),.PCURVE_S1.);
#8280 = LINE('',#8281,#8282);
#8281 = CARTESIAN_POINT('',(985.50431098567,14.495689014324,329.));
#8282 = VECTOR('',#8283,1.);
#8283 = DIRECTION('',(0.,0.,1.));
#8284 = PCURVE('',#7358,#8285);
#8285 = DEFINITIONAL_REPRESENTATION('',(#8286),#8290);
#8286 = LINE('',#8287,#8288);
#8287 = CARTESIAN_POINT('',(5.351573881022,0.));
#8288 = VECTOR('',#8289,1.);
#8289 = DIRECTION('',(0.,-1.));
#8290 = ( GEOMETRIC_REPRESENTATION_CONTEXT(2) 
PARAMETRIC_REPRESENTATION_CONTEXT() REPRESENTATION_CONTEXT('2D SPACE',''
  ) );
#8291 = PCURVE('',#7332,#8292);
#8292 = DEFINITIONAL_REPRESENTATION('',(#8293),#8297);
#8293 = LINE('',#8294,#8295);
#8294 = CARTESIAN_POINT('',(0.,0.));
#8295 = VECTOR('',#8296,1.);
#8296 = DIRECTION('',(0.,-1.));
#8297 = ( GEOMETRIC_REPRESENTATION_CONTEXT(2) 
PARAMETRIC_REPRESENTATION_CONTEXT() REPRESENTATION_CONTEXT('2D SPACE',''
  ) );
#8298 = ADVANCED_FACE('',(#8299),#7332,.T.);
#8299 = FACE_BOUND('',#8300,.T.);
#8300 = EDGE_LOOP('',(#8301,#8302,#8303,#8304));
#8301 = ORIENTED_EDGE('',*,*,#7317,.T.);
#8302 = ORIENTED_EDGE('',*,*,#8278,.T.);
#8303 = ORIENTED_EDGE('',*,*,#7890,.F.);
#8304 = ORIENTED_EDGE('',*,*,#8305,.F.);
#8305 = EDGE_CURVE('',#7292,#7870,#8306,.T.);
#8306 = SURFACE_CURVE('',#8307,(#8311,#8318),.PCURVE_S1.);
#8307 = LINE('',#8308,#8309);
#8308 = CARTESIAN_POINT('',(982.24647922241,10.25,329.));
#8309 = VECTOR('',#8310,1.);
#8310 = DIRECTION('',(0.,0.,1.));
#8311 = PCURVE('',#7332,#8312);
#8312 = DEFINITIONAL_REPRESENTATION('',(#8313),#8317);
#8313 = LINE('',#8314,#8315);
#8314 = CARTESIAN_POINT('',(5.351573881022,0.));
#8315 = VECTOR('',#8316,1.);
#8316 = DIRECTION('',(0.,-1.));
#8317 = ( GEOMETRIC_REPRESENTATION_CONTEXT(2) 
PARAMETRIC_REPRESENTATION_CONTEXT() REPRESENTATION_CONTEXT('2D SPACE',''
  ) );
#8318 = PCURVE('',#7306,#8319);
#8319 = DEFINITIONAL_REPRESENTATION('',(#8320),#8324);
#8320 = LINE('',#8321,#8322);
#8321 = CARTESIAN_POINT('',(0.,0.));
#8322 = VECTOR('',#8323,1.);
#8323 = DIRECTION('',(0.,-1.));
#8324 = ( GEOMETRIC_REPRESENTATION_CONTEXT(2) 
PARAMETRIC_REPRESENTATION_CONTEXT() REPRESENTATION_CONTEXT('2D SPACE',''
  ) );
#8325 = ADVANCED_FACE('',(#8326),#7306,.T.);
#8326 = FACE_BOUND('',#8327,.T.);
#8327 = EDGE_LOOP('',(#8328,#8329,#8330,#8331));
#8328 = ORIENTED_EDGE('',*,*,#7291,.T.);
#8329 = ORIENTED_EDGE('',*,*,#8305,.T.);
#8330 = ORIENTED_EDGE('',*,*,#7869,.F.);
#8331 = ORIENTED_EDGE('',*,*,#8332,.F.);
#8332 = EDGE_CURVE('',#7266,#7849,#8333,.T.);
#8333 = SURFACE_CURVE('',#8334,(#8338,#8345),.PCURVE_S1.);
#8334 = LINE('',#8335,#8336);
#8335 = CARTESIAN_POINT('',(980.19852056107,5.305790424602,329.));
#8336 = VECTOR('',#8337,1.);
#8337 = DIRECTION('',(0.,0.,1.));
#8338 = PCURVE('',#7306,#8339);
#8339 = DEFINITIONAL_REPRESENTATION('',(#8340),#8344);
#8340 = LINE('',#8341,#8342);
#8341 = CARTESIAN_POINT('',(5.351573881022,0.));
#8342 = VECTOR('',#8343,1.);
#8343 = DIRECTION('',(0.,-1.));
#8344 = ( GEOMETRIC_REPRESENTATION_CONTEXT(2) 
PARAMETRIC_REPRESENTATION_CONTEXT() REPRESENTATION_CONTEXT('2D SPACE',''
  ) );
#8345 = PCURVE('',#7280,#8346);
#8346 = DEFINITIONAL_REPRESENTATION('',(#8347),#8351);
#8347 = LINE('',#8348,#8349);
#8348 = CARTESIAN_POINT('',(0.,0.));
#8349 = VECTOR('',#8350,1.);
#8350 = DIRECTION('',(0.,-1.));
#8351 = ( GEOMETRIC_REPRESENTATION_CONTEXT(2) 
PARAMETRIC_REPRESENTATION_CONTEXT() REPRESENTATION_CONTEXT('2D SPACE',''
  ) );
#8352 = ADVANCED_FACE('',(#8353),#7280,.T.);
#8353 = FACE_BOUND('',#8354,.T.);
#8354 = EDGE_LOOP('',(#8355,#8356,#8357,#8358));
#8355 = ORIENTED_EDGE('',*,*,#7265,.T.);
#8356 = ORIENTED_EDGE('',*,*,#8332,.T.);
#8357 = ORIENTED_EDGE('',*,*,#7848,.F.);
#8358 = ORIENTED_EDGE('',*,*,#8359,.F.);
#8359 = EDGE_CURVE('',#7240,#7828,#8360,.T.);
#8360 = SURFACE_CURVE('',#8361,(#8365,#8372),.PCURVE_S1.);
#8361 = LINE('',#8362,#8363);
#8362 = CARTESIAN_POINT('',(979.5,2.510525938252E-15,329.));
#8363 = VECTOR('',#8364,1.);
#8364 = DIRECTION('',(0.,0.,1.));
#8365 = PCURVE('',#7280,#8366);
#8366 = DEFINITIONAL_REPRESENTATION('',(#8367),#8371);
#8367 = LINE('',#8368,#8369);
#8368 = CARTESIAN_POINT('',(5.351573881022,0.));
#8369 = VECTOR('',#8370,1.);
#8370 = DIRECTION('',(0.,-1.));
#8371 = ( GEOMETRIC_REPRESENTATION_CONTEXT(2) 
PARAMETRIC_REPRESENTATION_CONTEXT() REPRESENTATION_CONTEXT('2D SPACE',''
  ) );
#8372 = PCURVE('',#7254,#8373);
#8373 = DEFINITIONAL_REPRESENTATION('',(#8374),#8378);
#8374 = LINE('',#8375,#8376);
#8375 = CARTESIAN_POINT('',(0.,0.));
#8376 = VECTOR('',#8377,1.);
#8377 = DIRECTION('',(0.,-1.));
#8378 = ( GEOMETRIC_REPRESENTATION_CONTEXT(2) 
PARAMETRIC_REPRESENTATION_CONTEXT() REPRESENTATION_CONTEXT('2D SPACE',''
  ) );
#8379 = ADVANCED_FACE('',(#8380),#7254,.T.);
#8380 = FACE_BOUND('',#8381,.T.);
#8381 = EDGE_LOOP('',(#8382,#8383,#8384,#8385));
#8382 = ORIENTED_EDGE('',*,*,#7239,.T.);
#8383 = ORIENTED_EDGE('',*,*,#8359,.T.);
#8384 = ORIENTED_EDGE('',*,*,#7827,.F.);
#8385 = ORIENTED_EDGE('',*,*,#8386,.F.);
#8386 = EDGE_CURVE('',#7214,#7807,#8387,.T.);
#8387 = SURFACE_CURVE('',#8388,(#8392,#8399),.PCURVE_S1.);
#8388 = LINE('',#8389,#8390);
#8389 = CARTESIAN_POINT('',(980.19852056107,-5.305790424602,329.));
#8390 = VECTOR('',#8391,1.);
#8391 = DIRECTION('',(0.,0.,1.));
#8392 = PCURVE('',#7254,#8393);
#8393 = DEFINITIONAL_REPRESENTATION('',(#8394),#8398);
#8394 = LINE('',#8395,#8396);
#8395 = CARTESIAN_POINT('',(5.351573881022,0.));
#8396 = VECTOR('',#8397,1.);
#8397 = DIRECTION('',(0.,-1.));
#8398 = ( GEOMETRIC_REPRESENTATION_CONTEXT(2) 
PARAMETRIC_REPRESENTATION_CONTEXT() REPRESENTATION_CONTEXT('2D SPACE',''
  ) );
#8399 = PCURVE('',#7228,#8400);
#8400 = DEFINITIONAL_REPRESENTATION('',(#8401),#8405);
#8401 = LINE('',#8402,#8403);
#8402 = CARTESIAN_POINT('',(0.,0.));
#8403 = VECTOR('',#8404,1.);
#8404 = DIRECTION('',(0.,-1.));
#8405 = ( GEOMETRIC_REPRESENTATION_CONTEXT(2) 
PARAMETRIC_REPRESENTATION_CONTEXT() REPRESENTATION_CONTEXT('2D SPACE',''
  ) );
#8406 = ADVANCED_FACE('',(#8407),#7228,.T.);
#8407 = FACE_BOUND('',#8408,.T.);
#8408 = EDGE_LOOP('',(#8409,#8410,#8411,#8412));
#8409 = ORIENTED_EDGE('',*,*,#7213,.T.);
#8410 = ORIENTED_EDGE('',*,*,#8386,.T.);
#8411 = ORIENTED_EDGE('',*,*,#7806,.F.);
#8412 = ORIENTED_EDGE('',*,*,#8413,.F.);
#8413 = EDGE_CURVE('',#7188,#7786,#8414,.T.);
#8414 = SURFACE_CURVE('',#8415,(#8419,#8426),.PCURVE_S1.);
#8415 = LINE('',#8416,#8417);
#8416 = CARTESIAN_POINT('',(982.24647922241,-10.25,329.));
#8417 = VECTOR('',#8418,1.);
#8418 = DIRECTION('',(0.,0.,1.));
#8419 = PCURVE('',#7228,#8420);
#8420 = DEFINITIONAL_REPRESENTATION('',(#8421),#8425);
#8421 = LINE('',#8422,#8423);
#8422 = CARTESIAN_POINT('',(5.351573881022,0.));
#8423 = VECTOR('',#8424,1.);
#8424 = DIRECTION('',(0.,-1.));
#8425 = ( GEOMETRIC_REPRESENTATION_CONTEXT(2) 
PARAMETRIC_REPRESENTATION_CONTEXT() REPRESENTATION_CONTEXT('2D SPACE',''
  ) );
#8426 = PCURVE('',#7202,#8427);
#8427 = DEFINITIONAL_REPRESENTATION('',(#8428),#8432);
#8428 = LINE('',#8429,#8430);
#8429 = CARTESIAN_POINT('',(0.,0.));
#8430 = VECTOR('',#8431,1.);
#8431 = DIRECTION('',(0.,-1.));
#8432 = ( GEOMETRIC_REPRESENTATION_CONTEXT(2) 
PARAMETRIC_REPRESENTATION_CONTEXT() REPRESENTATION_CONTEXT('2D SPACE',''
  ) );
#8433 = ADVANCED_FACE('',(#8434),#7202,.T.);
#8434 = FACE_BOUND('',#8435,.T.);
#8435 = EDGE_LOOP('',(#8436,#8437,#8438,#8439));
#8436 = ORIENTED_EDGE('',*,*,#7187,.T.);
#8437 = ORIENTED_EDGE('',*,*,#8413,.T.);
#8438 = ORIENTED_EDGE('',*,*,#7785,.F.);
#8439 = ORIENTED_EDGE('',*,*,#8440,.F.);
#8440 = EDGE_CURVE('',#7162,#7765,#8441,.T.);
#8441 = SURFACE_CURVE('',#8442,(#8446,#8453),.PCURVE_S1.);
#8442 = LINE('',#8443,#8444);
#8443 = CARTESIAN_POINT('',(985.50431098567,-14.49568901432,329.));
#8444 = VECTOR('',#8445,1.);
#8445 = DIRECTION('',(0.,0.,1.));
#8446 = PCURVE('',#7202,#8447);
#8447 = DEFINITIONAL_REPRESENTATION('',(#8448),#8452);
#8448 = LINE('',#8449,#8450);
#8449 = CARTESIAN_POINT('',(5.351573881022,0.));
#8450 = VECTOR('',#8451,1.);
#8451 = DIRECTION('',(0.,-1.));
#8452 = ( GEOMETRIC_REPRESENTATION_CONTEXT(2) 
PARAMETRIC_REPRESENTATION_CONTEXT() REPRESENTATION_CONTEXT('2D SPACE',''
  ) );
#8453 = PCURVE('',#7176,#8454);
#8454 = DEFINITIONAL_REPRESENTATION('',(#8455),#8459);
#8455 = LINE('',#8456,#8457);
#8456 = CARTESIAN_POINT('',(0.,0.));
#8457 = VECTOR('',#8458,1.);
#8458 = DIRECTION('',(0.,-1.));
#8459 = ( GEOMETRIC_REPRESENTATION_CONTEXT(2) 
PARAMETRIC_REPRESENTATION_CONTEXT() REPRESENTATION_CONTEXT('2D SPACE',''
  ) );
#8460 = ADVANCED_FACE('',(#8461),#7176,.T.);
#8461 = FACE_BOUND('',#8462,.T.);
#8462 = EDGE_LOOP('',(#8463,#8464,#8465,#8466));
#8463 = ORIENTED_EDGE('',*,*,#7161,.T.);
#8464 = ORIENTED_EDGE('',*,*,#8440,.T.);
#8465 = ORIENTED_EDGE('',*,*,#7764,.F.);
#8466 = ORIENTED_EDGE('',*,*,#8467,.F.);
#8467 = EDGE_CURVE('',#7136,#7744,#8468,.T.);
#8468 = SURFACE_CURVE('',#8469,(#8473,#8480),.PCURVE_S1.);
#8469 = LINE('',#8470,#8471);
#8470 = CARTESIAN_POINT('',(989.75,-17.75352077758,329.));
#8471 = VECTOR('',#8472,1.);
#8472 = DIRECTION('',(0.,0.,1.));
#8473 = PCURVE('',#7176,#8474);
#8474 = DEFINITIONAL_REPRESENTATION('',(#8475),#8479);
#8475 = LINE('',#8476,#8477);
#8476 = CARTESIAN_POINT('',(5.351573881022,0.));
#8477 = VECTOR('',#8478,1.);
#8478 = DIRECTION('',(0.,-1.));
#8479 = ( GEOMETRIC_REPRESENTATION_CONTEXT(2) 
PARAMETRIC_REPRESENTATION_CONTEXT() REPRESENTATION_CONTEXT('2D SPACE',''
  ) );
#8480 = PCURVE('',#7150,#8481);
#8481 = DEFINITIONAL_REPRESENTATION('',(#8482),#8486);
#8482 = LINE('',#8483,#8484);
#8483 = CARTESIAN_POINT('',(0.,0.));
#8484 = VECTOR('',#8485,1.);
#8485 = DIRECTION('',(0.,-1.));
#8486 = ( GEOMETRIC_REPRESENTATION_CONTEXT(2) 
PARAMETRIC_REPRESENTATION_CONTEXT() REPRESENTATION_CONTEXT('2D SPACE',''
  ) );
#8487 = ADVANCED_FACE('',(#8488),#7150,.T.);
#8488 = FACE_BOUND('',#8489,.T.);
#8489 = EDGE_LOOP('',(#8490,#8491,#8492,#8493));
#8490 = ORIENTED_EDGE('',*,*,#7135,.T.);
#8491 = ORIENTED_EDGE('',*,*,#8467,.T.);
#8492 = ORIENTED_EDGE('',*,*,#7743,.F.);
#8493 = ORIENTED_EDGE('',*,*,#8494,.F.);
#8494 = EDGE_CURVE('',#7110,#7723,#8495,.T.);
#8495 = SURFACE_CURVE('',#8496,(#8500,#8507),.PCURVE_S1.);
#8496 = LINE('',#8497,#8498);
#8497 = CARTESIAN_POINT('',(994.69420957539,-19.80147943892,329.));
#8498 = VECTOR('',#8499,1.);
#8499 = DIRECTION('',(0.,0.,1.));
#8500 = PCURVE('',#7150,#8501);
#8501 = DEFINITIONAL_REPRESENTATION('',(#8502),#8506);
#8502 = LINE('',#8503,#8504);
#8503 = CARTESIAN_POINT('',(5.351573881022,0.));
#8504 = VECTOR('',#8505,1.);
#8505 = DIRECTION('',(0.,-1.));
#8506 = ( GEOMETRIC_REPRESENTATION_CONTEXT(2) 
PARAMETRIC_REPRESENTATION_CONTEXT() REPRESENTATION_CONTEXT('2D SPACE',''
  ) );
#8507 = PCURVE('',#7124,#8508);
#8508 = DEFINITIONAL_REPRESENTATION('',(#8509),#8513);
#8509 = LINE('',#8510,#8511);
#8510 = CARTESIAN_POINT('',(0.,0.));
#8511 = VECTOR('',#8512,1.);
#8512 = DIRECTION('',(0.,-1.));
#8513 = ( GEOMETRIC_REPRESENTATION_CONTEXT(2) 
PARAMETRIC_REPRESENTATION_CONTEXT() REPRESENTATION_CONTEXT('2D SPACE',''
  ) );
#8514 = ADVANCED_FACE('',(#8515),#7124,.T.);
#8515 = FACE_BOUND('',#8516,.T.);
#8516 = EDGE_LOOP('',(#8517,#8518,#8519,#8520));
#8517 = ORIENTED_EDGE('',*,*,#7109,.T.);
#8518 = ORIENTED_EDGE('',*,*,#8494,.T.);
#8519 = ORIENTED_EDGE('',*,*,#7722,.F.);
#8520 = ORIENTED_EDGE('',*,*,#8521,.F.);
#8521 = EDGE_CURVE('',#7084,#7702,#8522,.T.);
#8522 = SURFACE_CURVE('',#8523,(#8527,#8534),.PCURVE_S1.);
#8523 = LINE('',#8524,#8525);
#8524 = CARTESIAN_POINT('',(1.E+03,-20.5,329.));
#8525 = VECTOR('',#8526,1.);
#8526 = DIRECTION('',(0.,0.,1.));
#8527 = PCURVE('',#7124,#8528);
#8528 = DEFINITIONAL_REPRESENTATION('',(#8529),#8533);
#8529 = LINE('',#8530,#8531);
#8530 = CARTESIAN_POINT('',(5.351573881022,0.));
#8531 = VECTOR('',#8532,1.);
#8532 = DIRECTION('',(0.,-1.));
#8533 = ( GEOMETRIC_REPRESENTATION_CONTEXT(2) 
PARAMETRIC_REPRESENTATION_CONTEXT() REPRESENTATION_CONTEXT('2D SPACE',''
  ) );
#8534 = PCURVE('',#7098,#8535);
#8535 = DEFINITIONAL_REPRESENTATION('',(#8536),#8540);
#8536 = LINE('',#8537,#8538);
#8537 = CARTESIAN_POINT('',(0.,0.));
#8538 = VECTOR('',#8539,1.);
#8539 = DIRECTION('',(0.,-1.));
#8540 = ( GEOMETRIC_REPRESENTATION_CONTEXT(2) 
PARAMETRIC_REPRESENTATION_CONTEXT() REPRESENTATION_CONTEXT('2D SPACE',''
  ) );
#8541 = ADVANCED_FACE('',(#8542),#7098,.T.);
#8542 = FACE_BOUND('',#8543,.T.);
#8543 = EDGE_LOOP('',(#8544,#8545,#8546,#8547));
#8544 = ORIENTED_EDGE('',*,*,#7083,.T.);
#8545 = ORIENTED_EDGE('',*,*,#8521,.T.);
#8546 = ORIENTED_EDGE('',*,*,#7701,.F.);
#8547 = ORIENTED_EDGE('',*,*,#8548,.F.);
#8548 = EDGE_CURVE('',#7058,#7681,#8549,.T.);
#8549 = SURFACE_CURVE('',#8550,(#8554,#8561),.PCURVE_S1.);
#8550 = LINE('',#8551,#8552);
#8551 = CARTESIAN_POINT('',(1.005305790425E+03,-19.80147943892,329.));
#8552 = VECTOR('',#8553,1.);
#8553 = DIRECTION('',(0.,0.,1.));
#8554 = PCURVE('',#7098,#8555);
#8555 = DEFINITIONAL_REPRESENTATION('',(#8556),#8560);
#8556 = LINE('',#8557,#8558);
#8557 = CARTESIAN_POINT('',(5.351573881022,0.));
#8558 = VECTOR('',#8559,1.);
#8559 = DIRECTION('',(0.,-1.));
#8560 = ( GEOMETRIC_REPRESENTATION_CONTEXT(2) 
PARAMETRIC_REPRESENTATION_CONTEXT() REPRESENTATION_CONTEXT('2D SPACE',''
  ) );
#8561 = PCURVE('',#7072,#8562);
#8562 = DEFINITIONAL_REPRESENTATION('',(#8563),#8567);
#8563 = LINE('',#8564,#8565);
#8564 = CARTESIAN_POINT('',(0.,0.));
#8565 = VECTOR('',#8566,1.);
#8566 = DIRECTION('',(0.,-1.));
#8567 = ( GEOMETRIC_REPRESENTATION_CONTEXT(2) 
PARAMETRIC_REPRESENTATION_CONTEXT() REPRESENTATION_CONTEXT('2D SPACE',''
  ) );
#8568 = ADVANCED_FACE('',(#8569),#7072,.T.);
#8569 = FACE_BOUND('',#8570,.T.);
#8570 = EDGE_LOOP('',(#8571,#8572,#8573,#8574));
#8571 = ORIENTED_EDGE('',*,*,#7057,.T.);
#8572 = ORIENTED_EDGE('',*,*,#8548,.T.);
#8573 = ORIENTED_EDGE('',*,*,#7680,.F.);
#8574 = ORIENTED_EDGE('',*,*,#8575,.F.);
#8575 = EDGE_CURVE('',#7032,#7660,#8576,.T.);
#8576 = SURFACE_CURVE('',#8577,(#8581,#8588),.PCURVE_S1.);
#8577 = LINE('',#8578,#8579);
#8578 = CARTESIAN_POINT('',(1.01025E+03,-17.75352077758,329.));
#8579 = VECTOR('',#8580,1.);
#8580 = DIRECTION('',(0.,0.,1.));
#8581 = PCURVE('',#7072,#8582);
#8582 = DEFINITIONAL_REPRESENTATION('',(#8583),#8587);
#8583 = LINE('',#8584,#8585);
#8584 = CARTESIAN_POINT('',(5.351573881022,0.));
#8585 = VECTOR('',#8586,1.);
#8586 = DIRECTION('',(0.,-1.));
#8587 = ( GEOMETRIC_REPRESENTATION_CONTEXT(2) 
PARAMETRIC_REPRESENTATION_CONTEXT() REPRESENTATION_CONTEXT('2D SPACE',''
  ) );
#8588 = PCURVE('',#7046,#8589);
#8589 = DEFINITIONAL_REPRESENTATION('',(#8590),#8594);
#8590 = LINE('',#8591,#8592);
#8591 = CARTESIAN_POINT('',(0.,0.));
#8592 = VECTOR('',#8593,1.);
#8593 = DIRECTION('',(0.,-1.));
#8594 = ( GEOMETRIC_REPRESENTATION_CONTEXT(2) 
PARAMETRIC_REPRESENTATION_CONTEXT() REPRESENTATION_CONTEXT('2D SPACE',''
  ) );
#8595 = ADVANCED_FACE('',(#8596),#7046,.T.);
#8596 = FACE_BOUND('',#8597,.T.);
#8597 = EDGE_LOOP('',(#8598,#8599,#8600,#8601));
#8598 = ORIENTED_EDGE('',*,*,#7031,.T.);
#8599 = ORIENTED_EDGE('',*,*,#8575,.T.);
#8600 = ORIENTED_EDGE('',*,*,#7659,.F.);
#8601 = ORIENTED_EDGE('',*,*,#8602,.F.);
#8602 = EDGE_CURVE('',#7006,#7639,#8603,.T.);
#8603 = SURFACE_CURVE('',#8604,(#8608,#8615),.PCURVE_S1.);
#8604 = LINE('',#8605,#8606);
#8605 = CARTESIAN_POINT('',(1.014495689014E+03,-14.49568901432,329.));
#8606 = VECTOR('',#8607,1.);
#8607 = DIRECTION('',(0.,0.,1.));
#8608 = PCURVE('',#7046,#8609);
#8609 = DEFINITIONAL_REPRESENTATION('',(#8610),#8614);
#8610 = LINE('',#8611,#8612);
#8611 = CARTESIAN_POINT('',(5.351573881022,0.));
#8612 = VECTOR('',#8613,1.);
#8613 = DIRECTION('',(0.,-1.));
#8614 = ( GEOMETRIC_REPRESENTATION_CONTEXT(2) 
PARAMETRIC_REPRESENTATION_CONTEXT() REPRESENTATION_CONTEXT('2D SPACE',''
  ) );
#8615 = PCURVE('',#7020,#8616);
#8616 = DEFINITIONAL_REPRESENTATION('',(#8617),#8621);
#8617 = LINE('',#8618,#8619);
#8618 = CARTESIAN_POINT('',(0.,0.));
#8619 = VECTOR('',#8620,1.);
#8620 = DIRECTION('',(0.,-1.));
#8621 = ( GEOMETRIC_REPRESENTATION_CONTEXT(2) 
PARAMETRIC_REPRESENTATION_CONTEXT() REPRESENTATION_CONTEXT('2D SPACE',''
  ) );
#8622 = ADVANCED_FACE('',(#8623),#7020,.T.);
#8623 = FACE_BOUND('',#8624,.T.);
#8624 = EDGE_LOOP('',(#8625,#8626,#8627,#8628));
#8625 = ORIENTED_EDGE('',*,*,#7005,.T.);
#8626 = ORIENTED_EDGE('',*,*,#8602,.T.);
#8627 = ORIENTED_EDGE('',*,*,#7638,.F.);
#8628 = ORIENTED_EDGE('',*,*,#8629,.F.);
#8629 = EDGE_CURVE('',#6980,#7618,#8630,.T.);
#8630 = SURFACE_CURVE('',#8631,(#8635,#8642),.PCURVE_S1.);
#8631 = LINE('',#8632,#8633);
#8632 = CARTESIAN_POINT('',(1.017753520778E+03,-10.25,329.));
#8633 = VECTOR('',#8634,1.);
#8634 = DIRECTION('',(0.,0.,1.));
#8635 = PCURVE('',#7020,#8636);
#8636 = DEFINITIONAL_REPRESENTATION('',(#8637),#8641);
#8637 = LINE('',#8638,#8639);
#8638 = CARTESIAN_POINT('',(5.351573881022,0.));
#8639 = VECTOR('',#8640,1.);
#8640 = DIRECTION('',(0.,-1.));
#8641 = ( GEOMETRIC_REPRESENTATION_CONTEXT(2) 
PARAMETRIC_REPRESENTATION_CONTEXT() REPRESENTATION_CONTEXT('2D SPACE',''
  ) );
#8642 = PCURVE('',#6994,#8643);
#8643 = DEFINITIONAL_REPRESENTATION('',(#8644),#8648);
#8644 = LINE('',#8645,#8646);
#8645 = CARTESIAN_POINT('',(0.,0.));
#8646 = VECTOR('',#8647,1.);
#8647 = DIRECTION('',(0.,-1.));
#8648 = ( GEOMETRIC_REPRESENTATION_CONTEXT(2) 
PARAMETRIC_REPRESENTATION_CONTEXT() REPRESENTATION_CONTEXT('2D SPACE',''
  ) );
#8649 = ADVANCED_FACE('',(#8650),#6994,.T.);
#8650 = FACE_BOUND('',#8651,.T.);
#8651 = EDGE_LOOP('',(#8652,#8653,#8654,#8655));
#8652 = ORIENTED_EDGE('',*,*,#6979,.T.);
#8653 = ORIENTED_EDGE('',*,*,#8629,.T.);
#8654 = ORIENTED_EDGE('',*,*,#7617,.F.);
#8655 = ORIENTED_EDGE('',*,*,#8656,.F.);
#8656 = EDGE_CURVE('',#6954,#7597,#8657,.T.);
#8657 = SURFACE_CURVE('',#8658,(#8662,#8669),.PCURVE_S1.);
#8658 = LINE('',#8659,#8660);
#8659 = CARTESIAN_POINT('',(1.019801479439E+03,-5.305790424602,329.));
#8660 = VECTOR('',#8661,1.);
#8661 = DIRECTION('',(0.,0.,1.));
#8662 = PCURVE('',#6994,#8663);
#8663 = DEFINITIONAL_REPRESENTATION('',(#8664),#8668);
#8664 = LINE('',#8665,#8666);
#8665 = CARTESIAN_POINT('',(5.351573881022,0.));
#8666 = VECTOR('',#8667,1.);
#8667 = DIRECTION('',(0.,-1.));
#8668 = ( GEOMETRIC_REPRESENTATION_CONTEXT(2) 
PARAMETRIC_REPRESENTATION_CONTEXT() REPRESENTATION_CONTEXT('2D SPACE',''
  ) );
#8669 = PCURVE('',#6968,#8670);
#8670 = DEFINITIONAL_REPRESENTATION('',(#8671),#8675);
#8671 = LINE('',#8672,#8673);
#8672 = CARTESIAN_POINT('',(0.,0.));
#8673 = VECTOR('',#8674,1.);
#8674 = DIRECTION('',(0.,-1.));
#8675 = ( GEOMETRIC_REPRESENTATION_CONTEXT(2) 
PARAMETRIC_REPRESENTATION_CONTEXT() REPRESENTATION_CONTEXT('2D SPACE',''
  ) );
#8676 = ADVANCED_FACE('',(#8677),#6968,.T.);
#8677 = FACE_BOUND('',#8678,.T.);
#8678 = EDGE_LOOP('',(#8679,#8680,#8681,#8682));
#8679 = ORIENTED_EDGE('',*,*,#6953,.T.);
#8680 = ORIENTED_EDGE('',*,*,#8656,.T.);
#8681 = ORIENTED_EDGE('',*,*,#7596,.F.);
#8682 = ORIENTED_EDGE('',*,*,#8683,.F.);
#8683 = EDGE_CURVE('',#6928,#7576,#8684,.T.);
#8684 = SURFACE_CURVE('',#8685,(#8689,#8696),.PCURVE_S1.);
#8685 = LINE('',#8686,#8687);
#8686 = CARTESIAN_POINT('',(1.0205E+03,0.,329.));
#8687 = VECTOR('',#8688,1.);
#8688 = DIRECTION('',(0.,0.,1.));
#8689 = PCURVE('',#6968,#8690);
#8690 = DEFINITIONAL_REPRESENTATION('',(#8691),#8695);
#8691 = LINE('',#8692,#8693);
#8692 = CARTESIAN_POINT('',(5.351573881022,0.));
#8693 = VECTOR('',#8694,1.);
#8694 = DIRECTION('',(0.,-1.));
#8695 = ( GEOMETRIC_REPRESENTATION_CONTEXT(2) 
PARAMETRIC_REPRESENTATION_CONTEXT() REPRESENTATION_CONTEXT('2D SPACE',''
  ) );
#8696 = PCURVE('',#6942,#8697);
#8697 = DEFINITIONAL_REPRESENTATION('',(#8698),#8702);
#8698 = LINE('',#8699,#8700);
#8699 = CARTESIAN_POINT('',(0.,0.));
#8700 = VECTOR('',#8701,1.);
#8701 = DIRECTION('',(0.,-1.));
#8702 = ( GEOMETRIC_REPRESENTATION_CONTEXT(2) 
PARAMETRIC_REPRESENTATION_CONTEXT() REPRESENTATION_CONTEXT('2D SPACE',''
  ) );
#8703 = ADVANCED_FACE('',(#8704),#6942,.T.);
#8704 = FACE_BOUND('',#8705,.T.);
#8705 = EDGE_LOOP('',(#8706,#8707,#8708,#8709));
#8706 = ORIENTED_EDGE('',*,*,#6927,.T.);
#8707 = ORIENTED_EDGE('',*,*,#8683,.T.);
#8708 = ORIENTED_EDGE('',*,*,#7575,.F.);
#8709 = ORIENTED_EDGE('',*,*,#8067,.F.);
#8710 = MANIFOLD_SOLID_BREP('',#8711);
#8711 = CLOSED_SHELL('',(#8712,#8832,#8908,#8979,#9632,#10165,#10172,
    #10219,#10246,#10273,#10300,#10327,#10354,#10381,#10408,#10435,
    #10462,#10489,#10516,#10543,#10570,#10597,#10624,#10651,#10678,
    #10705,#10732,#10759,#10786,#10813));
#8712 = ADVANCED_FACE('',(#8713),#8727,.F.);
#8713 = FACE_BOUND('',#8714,.F.);
#8714 = EDGE_LOOP('',(#8715,#8750,#8778,#8806));
#8715 = ORIENTED_EDGE('',*,*,#8716,.T.);
#8716 = EDGE_CURVE('',#8717,#8719,#8721,.T.);
#8717 = VERTEX_POINT('',#8718);
#8718 = CARTESIAN_POINT('',(925.,-39.,487.));
#8719 = VERTEX_POINT('',#8720);
#8720 = CARTESIAN_POINT('',(925.,-39.,490.));
#8721 = SURFACE_CURVE('',#8722,(#8726,#8738),.PCURVE_S1.);
#8722 = LINE('',#8723,#8724);
#8723 = CARTESIAN_POINT('',(925.,-39.,487.));
#8724 = VECTOR('',#8725,1.);
#8725 = DIRECTION('',(0.,0.,1.));
#8726 = PCURVE('',#8727,#8732);
#8727 = PLANE('',#8728);
#8728 = AXIS2_PLACEMENT_3D('',#8729,#8730,#8731);
#8729 = CARTESIAN_POINT('',(925.,-39.,487.));
#8730 = DIRECTION('',(0.,1.,0.));
#8731 = DIRECTION('',(1.,0.,0.));
#8732 = DEFINITIONAL_REPRESENTATION('',(#8733),#8737);
#8733 = LINE('',#8734,#8735);
#8734 = CARTESIAN_POINT('',(0.,0.));
#8735 = VECTOR('',#8736,1.);
#8736 = DIRECTION('',(0.,-1.));
#8737 = ( GEOMETRIC_REPRESENTATION_CONTEXT(2) 
PARAMETRIC_REPRESENTATION_CONTEXT() REPRESENTATION_CONTEXT('2D SPACE',''
  ) );
#8738 = PCURVE('',#8739,#8744);
#8739 = PLANE('',#8740);
#8740 = AXIS2_PLACEMENT_3D('',#8741,#8742,#8743);
#8741 = CARTESIAN_POINT('',(925.,39.,487.));
#8742 = DIRECTION('',(1.,0.,-0.));
#8743 = DIRECTION('',(0.,-1.,0.));
#8744 = DEFINITIONAL_REPRESENTATION('',(#8745),#8749);
#8745 = LINE('',#8746,#8747);
#8746 = CARTESIAN_POINT('',(78.,0.));
#8747 = VECTOR('',#8748,1.);
#8748 = DIRECTION('',(0.,-1.));
#8749 = ( GEOMETRIC_REPRESENTATION_CONTEXT(2) 
PARAMETRIC_REPRESENTATION_CONTEXT() REPRESENTATION_CONTEXT('2D SPACE',''
  ) );
#8750 = ORIENTED_EDGE('',*,*,#8751,.T.);
#8751 = EDGE_CURVE('',#8719,#8752,#8754,.T.);
#8752 = VERTEX_POINT('',#8753);
#8753 = CARTESIAN_POINT('',(1.03E+03,-39.,490.));
#8754 = SURFACE_CURVE('',#8755,(#8759,#8766),.PCURVE_S1.);
#8755 = LINE('',#8756,#8757);
#8756 = CARTESIAN_POINT('',(925.,-39.,490.));
#8757 = VECTOR('',#8758,1.);
#8758 = DIRECTION('',(1.,0.,0.));
#8759 = PCURVE('',#8727,#8760);
#8760 = DEFINITIONAL_REPRESENTATION('',(#8761),#8765);
#8761 = LINE('',#8762,#8763);
#8762 = CARTESIAN_POINT('',(0.,-3.));
#8763 = VECTOR('',#8764,1.);
#8764 = DIRECTION('',(1.,0.));
#8765 = ( GEOMETRIC_REPRESENTATION_CONTEXT(2) 
PARAMETRIC_REPRESENTATION_CONTEXT() REPRESENTATION_CONTEXT('2D SPACE',''
  ) );
#8766 = PCURVE('',#8767,#8772);
#8767 = PLANE('',#8768);
#8768 = AXIS2_PLACEMENT_3D('',#8769,#8770,#8771);
#8769 = CARTESIAN_POINT('',(977.5,0.,490.));
#8770 = DIRECTION('',(0.,0.,1.));
#8771 = DIRECTION('',(1.,0.,-0.));
#8772 = DEFINITIONAL_REPRESENTATION('',(#8773),#8777);
#8773 = LINE('',#8774,#8775);
#8774 = CARTESIAN_POINT('',(-52.5,-39.));
#8775 = VECTOR('',#8776,1.);
#8776 = DIRECTION('',(1.,0.));
#8777 = ( GEOMETRIC_REPRESENTATION_CONTEXT(2) 
PARAMETRIC_REPRESENTATION_CONTEXT() REPRESENTATION_CONTEXT('2D SPACE',''
  ) );
#8778 = ORIENTED_EDGE('',*,*,#8779,.F.);
#8779 = EDGE_CURVE('',#8780,#8752,#8782,.T.);
#8780 = VERTEX_POINT('',#8781);
#8781 = CARTESIAN_POINT('',(1.03E+03,-39.,487.));
#8782 = SURFACE_CURVE('',#8783,(#8787,#8794),.PCURVE_S1.);
#8783 = LINE('',#8784,#8785);
#8784 = CARTESIAN_POINT('',(1.03E+03,-39.,487.));
#8785 = VECTOR('',#8786,1.);
#8786 = DIRECTION('',(0.,0.,1.));
#8787 = PCURVE('',#8727,#8788);
#8788 = DEFINITIONAL_REPRESENTATION('',(#8789),#8793);
#8789 = LINE('',#8790,#8791);
#8790 = CARTESIAN_POINT('',(105.,0.));
#8791 = VECTOR('',#8792,1.);
#8792 = DIRECTION('',(0.,-1.));
#8793 = ( GEOMETRIC_REPRESENTATION_CONTEXT(2) 
PARAMETRIC_REPRESENTATION_CONTEXT() REPRESENTATION_CONTEXT('2D SPACE',''
  ) );
#8794 = PCURVE('',#8795,#8800);
#8795 = PLANE('',#8796);
#8796 = AXIS2_PLACEMENT_3D('',#8797,#8798,#8799);
#8797 = CARTESIAN_POINT('',(1.03E+03,-39.,487.));
#8798 = DIRECTION('',(-1.,0.,0.));
#8799 = DIRECTION('',(0.,1.,0.));
#8800 = DEFINITIONAL_REPRESENTATION('',(#8801),#8805);
#8801 = LINE('',#8802,#8803);
#8802 = CARTESIAN_POINT('',(0.,0.));
#8803 = VECTOR('',#8804,1.);
#8804 = DIRECTION('',(0.,-1.));
#8805 = ( GEOMETRIC_REPRESENTATION_CONTEXT(2) 
PARAMETRIC_REPRESENTATION_CONTEXT() REPRESENTATION_CONTEXT('2D SPACE',''
  ) );
#8806 = ORIENTED_EDGE('',*,*,#8807,.F.);
#8807 = EDGE_CURVE('',#8717,#8780,#8808,.T.);
#8808 = SURFACE_CURVE('',#8809,(#8813,#8820),.PCURVE_S1.);
#8809 = LINE('',#8810,#8811);
#8810 = CARTESIAN_POINT('',(925.,-39.,487.));
#8811 = VECTOR('',#8812,1.);
#8812 = DIRECTION('',(1.,0.,0.));
#8813 = PCURVE('',#8727,#8814);
#8814 = DEFINITIONAL_REPRESENTATION('',(#8815),#8819);
#8815 = LINE('',#8816,#8817);
#8816 = CARTESIAN_POINT('',(0.,0.));
#8817 = VECTOR('',#8818,1.);
#8818 = DIRECTION('',(1.,0.));
#8819 = ( GEOMETRIC_REPRESENTATION_CONTEXT(2) 
PARAMETRIC_REPRESENTATION_CONTEXT() REPRESENTATION_CONTEXT('2D SPACE',''
  ) );
#8820 = PCURVE('',#8821,#8826);
#8821 = PLANE('',#8822);
#8822 = AXIS2_PLACEMENT_3D('',#8823,#8824,#8825);
#8823 = CARTESIAN_POINT('',(977.5,0.,487.));
#8824 = DIRECTION('',(0.,0.,1.));
#8825 = DIRECTION('',(1.,0.,-0.));
#8826 = DEFINITIONAL_REPRESENTATION('',(#8827),#8831);
#8827 = LINE('',#8828,#8829);
#8828 = CARTESIAN_POINT('',(-52.5,-39.));
#8829 = VECTOR('',#8830,1.);
#8830 = DIRECTION('',(1.,0.));
#8831 = ( GEOMETRIC_REPRESENTATION_CONTEXT(2) 
PARAMETRIC_REPRESENTATION_CONTEXT() REPRESENTATION_CONTEXT('2D SPACE',''
  ) );
#8832 = ADVANCED_FACE('',(#8833),#8739,.F.);
#8833 = FACE_BOUND('',#8834,.F.);
#8834 = EDGE_LOOP('',(#8835,#8865,#8886,#8887));
#8835 = ORIENTED_EDGE('',*,*,#8836,.T.);
#8836 = EDGE_CURVE('',#8837,#8839,#8841,.T.);
#8837 = VERTEX_POINT('',#8838);
#8838 = CARTESIAN_POINT('',(925.,39.,487.));
#8839 = VERTEX_POINT('',#8840);
#8840 = CARTESIAN_POINT('',(925.,39.,490.));
#8841 = SURFACE_CURVE('',#8842,(#8846,#8853),.PCURVE_S1.);
#8842 = LINE('',#8843,#8844);
#8843 = CARTESIAN_POINT('',(925.,39.,487.));
#8844 = VECTOR('',#8845,1.);
#8845 = DIRECTION('',(0.,0.,1.));
#8846 = PCURVE('',#8739,#8847);
#8847 = DEFINITIONAL_REPRESENTATION('',(#8848),#8852);
#8848 = LINE('',#8849,#8850);
#8849 = CARTESIAN_POINT('',(0.,0.));
#8850 = VECTOR('',#8851,1.);
#8851 = DIRECTION('',(0.,-1.));
#8852 = ( GEOMETRIC_REPRESENTATION_CONTEXT(2) 
PARAMETRIC_REPRESENTATION_CONTEXT() REPRESENTATION_CONTEXT('2D SPACE',''
  ) );
#8853 = PCURVE('',#8854,#8859);
#8854 = PLANE('',#8855);
#8855 = AXIS2_PLACEMENT_3D('',#8856,#8857,#8858);
#8856 = CARTESIAN_POINT('',(1.03E+03,39.,487.));
#8857 = DIRECTION('',(0.,-1.,0.));
#8858 = DIRECTION('',(-1.,0.,0.));
#8859 = DEFINITIONAL_REPRESENTATION('',(#8860),#8864);
#8860 = LINE('',#8861,#8862);
#8861 = CARTESIAN_POINT('',(105.,0.));
#8862 = VECTOR('',#8863,1.);
#8863 = DIRECTION('',(0.,-1.));
#8864 = ( GEOMETRIC_REPRESENTATION_CONTEXT(2) 
PARAMETRIC_REPRESENTATION_CONTEXT() REPRESENTATION_CONTEXT('2D SPACE',''
  ) );
#8865 = ORIENTED_EDGE('',*,*,#8866,.T.);
#8866 = EDGE_CURVE('',#8839,#8719,#8867,.T.);
#8867 = SURFACE_CURVE('',#8868,(#8872,#8879),.PCURVE_S1.);
#8868 = LINE('',#8869,#8870);
#8869 = CARTESIAN_POINT('',(925.,39.,490.));
#8870 = VECTOR('',#8871,1.);
#8871 = DIRECTION('',(0.,-1.,0.));
#8872 = PCURVE('',#8739,#8873);
#8873 = DEFINITIONAL_REPRESENTATION('',(#8874),#8878);
#8874 = LINE('',#8875,#8876);
#8875 = CARTESIAN_POINT('',(0.,-3.));
#8876 = VECTOR('',#8877,1.);
#8877 = DIRECTION('',(1.,0.));
#8878 = ( GEOMETRIC_REPRESENTATION_CONTEXT(2) 
PARAMETRIC_REPRESENTATION_CONTEXT() REPRESENTATION_CONTEXT('2D SPACE',''
  ) );
#8879 = PCURVE('',#8767,#8880);
#8880 = DEFINITIONAL_REPRESENTATION('',(#8881),#8885);
#8881 = LINE('',#8882,#8883);
#8882 = CARTESIAN_POINT('',(-52.5,39.));
#8883 = VECTOR('',#8884,1.);
#8884 = DIRECTION('',(0.,-1.));
#8885 = ( GEOMETRIC_REPRESENTATION_CONTEXT(2) 
PARAMETRIC_REPRESENTATION_CONTEXT() REPRESENTATION_CONTEXT('2D SPACE',''
  ) );
#8886 = ORIENTED_EDGE('',*,*,#8716,.F.);
#8887 = ORIENTED_EDGE('',*,*,#8888,.F.);
#8888 = EDGE_CURVE('',#8837,#8717,#8889,.T.);
#8889 = SURFACE_CURVE('',#8890,(#8894,#8901),.PCURVE_S1.);
#8890 = LINE('',#8891,#8892);
#8891 = CARTESIAN_POINT('',(925.,39.,487.));
#8892 = VECTOR('',#8893,1.);
#8893 = DIRECTION('',(0.,-1.,0.));
#8894 = PCURVE('',#8739,#8895);
#8895 = DEFINITIONAL_REPRESENTATION('',(#8896),#8900);
#8896 = LINE('',#8897,#8898);
#8897 = CARTESIAN_POINT('',(0.,0.));
#8898 = VECTOR('',#8899,1.);
#8899 = DIRECTION('',(1.,0.));
#8900 = ( GEOMETRIC_REPRESENTATION_CONTEXT(2) 
PARAMETRIC_REPRESENTATION_CONTEXT() REPRESENTATION_CONTEXT('2D SPACE',''
  ) );
#8901 = PCURVE('',#8821,#8902);
#8902 = DEFINITIONAL_REPRESENTATION('',(#8903),#8907);
#8903 = LINE('',#8904,#8905);
#8904 = CARTESIAN_POINT('',(-52.5,39.));
#8905 = VECTOR('',#8906,1.);
#8906 = DIRECTION('',(0.,-1.));
#8907 = ( GEOMETRIC_REPRESENTATION_CONTEXT(2) 
PARAMETRIC_REPRESENTATION_CONTEXT() REPRESENTATION_CONTEXT('2D SPACE',''
  ) );
#8908 = ADVANCED_FACE('',(#8909),#8795,.F.);
#8909 = FACE_BOUND('',#8910,.F.);
#8910 = EDGE_LOOP('',(#8911,#8912,#8935,#8958));
#8911 = ORIENTED_EDGE('',*,*,#8779,.T.);
#8912 = ORIENTED_EDGE('',*,*,#8913,.T.);
#8913 = EDGE_CURVE('',#8752,#8914,#8916,.T.);
#8914 = VERTEX_POINT('',#8915);
#8915 = CARTESIAN_POINT('',(1.03E+03,39.,490.));
#8916 = SURFACE_CURVE('',#8917,(#8921,#8928),.PCURVE_S1.);
#8917 = LINE('',#8918,#8919);
#8918 = CARTESIAN_POINT('',(1.03E+03,-39.,490.));
#8919 = VECTOR('',#8920,1.);
#8920 = DIRECTION('',(0.,1.,0.));
#8921 = PCURVE('',#8795,#8922);
#8922 = DEFINITIONAL_REPRESENTATION('',(#8923),#8927);
#8923 = LINE('',#8924,#8925);
#8924 = CARTESIAN_POINT('',(0.,-3.));
#8925 = VECTOR('',#8926,1.);
#8926 = DIRECTION('',(1.,0.));
#8927 = ( GEOMETRIC_REPRESENTATION_CONTEXT(2) 
PARAMETRIC_REPRESENTATION_CONTEXT() REPRESENTATION_CONTEXT('2D SPACE',''
  ) );
#8928 = PCURVE('',#8767,#8929);
#8929 = DEFINITIONAL_REPRESENTATION('',(#8930),#8934);
#8930 = LINE('',#8931,#8932);
#8931 = CARTESIAN_POINT('',(52.5,-39.));
#8932 = VECTOR('',#8933,1.);
#8933 = DIRECTION('',(0.,1.));
#8934 = ( GEOMETRIC_REPRESENTATION_CONTEXT(2) 
PARAMETRIC_REPRESENTATION_CONTEXT() REPRESENTATION_CONTEXT('2D SPACE',''
  ) );
#8935 = ORIENTED_EDGE('',*,*,#8936,.F.);
#8936 = EDGE_CURVE('',#8937,#8914,#8939,.T.);
#8937 = VERTEX_POINT('',#8938);
#8938 = CARTESIAN_POINT('',(1.03E+03,39.,487.));
#8939 = SURFACE_CURVE('',#8940,(#8944,#8951),.PCURVE_S1.);
#8940 = LINE('',#8941,#8942);
#8941 = CARTESIAN_POINT('',(1.03E+03,39.,487.));
#8942 = VECTOR('',#8943,1.);
#8943 = DIRECTION('',(0.,0.,1.));
#8944 = PCURVE('',#8795,#8945);
#8945 = DEFINITIONAL_REPRESENTATION('',(#8946),#8950);
#8946 = LINE('',#8947,#8948);
#8947 = CARTESIAN_POINT('',(78.,0.));
#8948 = VECTOR('',#8949,1.);
#8949 = DIRECTION('',(0.,-1.));
#8950 = ( GEOMETRIC_REPRESENTATION_CONTEXT(2) 
PARAMETRIC_REPRESENTATION_CONTEXT() REPRESENTATION_CONTEXT('2D SPACE',''
  ) );
#8951 = PCURVE('',#8854,#8952);
#8952 = DEFINITIONAL_REPRESENTATION('',(#8953),#8957);
#8953 = LINE('',#8954,#8955);
#8954 = CARTESIAN_POINT('',(0.,-0.));
#8955 = VECTOR('',#8956,1.);
#8956 = DIRECTION('',(0.,-1.));
#8957 = ( GEOMETRIC_REPRESENTATION_CONTEXT(2) 
PARAMETRIC_REPRESENTATION_CONTEXT() REPRESENTATION_CONTEXT('2D SPACE',''
  ) );
#8958 = ORIENTED_EDGE('',*,*,#8959,.F.);
#8959 = EDGE_CURVE('',#8780,#8937,#8960,.T.);
#8960 = SURFACE_CURVE('',#8961,(#8965,#8972),.PCURVE_S1.);
#8961 = LINE('',#8962,#8963);
#8962 = CARTESIAN_POINT('',(1.03E+03,-39.,487.));
#8963 = VECTOR('',#8964,1.);
#8964 = DIRECTION('',(0.,1.,0.));
#8965 = PCURVE('',#8795,#8966);
#8966 = DEFINITIONAL_REPRESENTATION('',(#8967),#8971);
#8967 = LINE('',#8968,#8969);
#8968 = CARTESIAN_POINT('',(0.,0.));
#8969 = VECTOR('',#8970,1.);
#8970 = DIRECTION('',(1.,0.));
#8971 = ( GEOMETRIC_REPRESENTATION_CONTEXT(2) 
PARAMETRIC_REPRESENTATION_CONTEXT() REPRESENTATION_CONTEXT('2D SPACE',''
  ) );
#8972 = PCURVE('',#8821,#8973);
#8973 = DEFINITIONAL_REPRESENTATION('',(#8974),#8978);
#8974 = LINE('',#8975,#8976);
#8975 = CARTESIAN_POINT('',(52.5,-39.));
#8976 = VECTOR('',#8977,1.);
#8977 = DIRECTION('',(0.,1.));
#8978 = ( GEOMETRIC_REPRESENTATION_CONTEXT(2) 
PARAMETRIC_REPRESENTATION_CONTEXT() REPRESENTATION_CONTEXT('2D SPACE',''
  ) );
#8979 = ADVANCED_FACE('',(#8980,#9006),#8821,.F.);
#8980 = FACE_BOUND('',#8981,.F.);
#8981 = EDGE_LOOP('',(#8982,#8983,#8984,#9005));
#8982 = ORIENTED_EDGE('',*,*,#8807,.T.);
#8983 = ORIENTED_EDGE('',*,*,#8959,.T.);
#8984 = ORIENTED_EDGE('',*,*,#8985,.T.);
#8985 = EDGE_CURVE('',#8937,#8837,#8986,.T.);
#8986 = SURFACE_CURVE('',#8987,(#8991,#8998),.PCURVE_S1.);
#8987 = LINE('',#8988,#8989);
#8988 = CARTESIAN_POINT('',(1.03E+03,39.,487.));
#8989 = VECTOR('',#8990,1.);
#8990 = DIRECTION('',(-1.,0.,0.));
#8991 = PCURVE('',#8821,#8992);
#8992 = DEFINITIONAL_REPRESENTATION('',(#8993),#8997);
#8993 = LINE('',#8994,#8995);
#8994 = CARTESIAN_POINT('',(52.5,39.));
#8995 = VECTOR('',#8996,1.);
#8996 = DIRECTION('',(-1.,0.));
#8997 = ( GEOMETRIC_REPRESENTATION_CONTEXT(2) 
PARAMETRIC_REPRESENTATION_CONTEXT() REPRESENTATION_CONTEXT('2D SPACE',''
  ) );
#8998 = PCURVE('',#8854,#8999);
#8999 = DEFINITIONAL_REPRESENTATION('',(#9000),#9004);
#9000 = LINE('',#9001,#9002);
#9001 = CARTESIAN_POINT('',(0.,-0.));
#9002 = VECTOR('',#9003,1.);
#9003 = DIRECTION('',(1.,0.));
#9004 = ( GEOMETRIC_REPRESENTATION_CONTEXT(2) 
PARAMETRIC_REPRESENTATION_CONTEXT() REPRESENTATION_CONTEXT('2D SPACE',''
  ) );
#9005 = ORIENTED_EDGE('',*,*,#8888,.T.);
#9006 = FACE_BOUND('',#9007,.F.);
#9007 = EDGE_LOOP('',(#9008,#9036,#9062,#9088,#9114,#9140,#9166,#9192,
    #9218,#9244,#9270,#9296,#9322,#9348,#9374,#9400,#9426,#9452,#9478,
    #9504,#9530,#9556,#9582,#9608));
#9008 = ORIENTED_EDGE('',*,*,#9009,.T.);
#9009 = EDGE_CURVE('',#9010,#9012,#9014,.T.);
#9010 = VERTEX_POINT('',#9011);
#9011 = CARTESIAN_POINT('',(1.017753520778E+03,10.25,487.));
#9012 = VERTEX_POINT('',#9013);
#9013 = CARTESIAN_POINT('',(1.019801479439E+03,5.305790424602,487.));
#9014 = SURFACE_CURVE('',#9015,(#9019,#9025),.PCURVE_S1.);
#9015 = LINE('',#9016,#9017);
#9016 = CARTESIAN_POINT('',(1.017641965418E+03,10.519318462625,487.));
#9017 = VECTOR('',#9018,1.);
#9018 = DIRECTION('',(0.382683432365,-0.923879532511,0.));
#9019 = PCURVE('',#8821,#9020);
#9020 = DEFINITIONAL_REPRESENTATION('',(#9021),#9024);
#9021 = B_SPLINE_CURVE_WITH_KNOTS('',1,(#9022,#9023),.UNSPECIFIED.,.F.,
  .F.,(2,2),(0.291508203341,5.643082084363),.PIECEWISE_BEZIER_KNOTS.);
#9022 = CARTESIAN_POINT('',(40.253520777581,10.25));
#9023 = CARTESIAN_POINT('',(42.301479438926,5.305790424602));
#9024 = ( GEOMETRIC_REPRESENTATION_CONTEXT(2) 
PARAMETRIC_REPRESENTATION_CONTEXT() REPRESENTATION_CONTEXT('2D SPACE',''
  ) );
#9025 = PCURVE('',#9026,#9031);
#9026 = PLANE('',#9027);
#9027 = AXIS2_PLACEMENT_3D('',#9028,#9029,#9030);
#9028 = CARTESIAN_POINT('',(1.019801479439E+03,5.305790424602,486.));
#9029 = DIRECTION('',(-0.923879532511,-0.382683432365,0.));
#9030 = DIRECTION('',(-0.382683432365,0.923879532511,0.));
#9031 = DEFINITIONAL_REPRESENTATION('',(#9032),#9035);
#9032 = B_SPLINE_CURVE_WITH_KNOTS('',1,(#9033,#9034),.UNSPECIFIED.,.F.,
  .F.,(2,2),(0.291508203341,5.643082084363),.PIECEWISE_BEZIER_KNOTS.);
#9033 = CARTESIAN_POINT('',(5.351573881022,-1.));
#9034 = CARTESIAN_POINT('',(0.,-1.));
#9035 = ( GEOMETRIC_REPRESENTATION_CONTEXT(2) 
PARAMETRIC_REPRESENTATION_CONTEXT() REPRESENTATION_CONTEXT('2D SPACE',''
  ) );
#9036 = ORIENTED_EDGE('',*,*,#9037,.T.);
#9037 = EDGE_CURVE('',#9012,#9038,#9040,.T.);
#9038 = VERTEX_POINT('',#9039);
#9039 = CARTESIAN_POINT('',(1.0205E+03,0.,487.));
#9040 = SURFACE_CURVE('',#9041,(#9045,#9051),.PCURVE_S1.);
#9041 = LINE('',#9042,#9043);
#9042 = CARTESIAN_POINT('',(1.020133702633E+03,2.782304734852,487.));
#9043 = VECTOR('',#9044,1.);
#9044 = DIRECTION('',(0.13052619222,-0.991444861374,0.));
#9045 = PCURVE('',#8821,#9046);
#9046 = DEFINITIONAL_REPRESENTATION('',(#9047),#9050);
#9047 = B_SPLINE_CURVE_WITH_KNOTS('',1,(#9048,#9049),.UNSPECIFIED.,.F.,
  .F.,(2,2),(-2.545260748291,2.806313132731),.PIECEWISE_BEZIER_KNOTS.);
#9048 = CARTESIAN_POINT('',(42.301479438926,5.305790424602));
#9049 = CARTESIAN_POINT('',(43.,-3.552713678801E-15));
#9050 = ( GEOMETRIC_REPRESENTATION_CONTEXT(2) 
PARAMETRIC_REPRESENTATION_CONTEXT() REPRESENTATION_CONTEXT('2D SPACE',''
  ) );
#9051 = PCURVE('',#9052,#9057);
#9052 = PLANE('',#9053);
#9053 = AXIS2_PLACEMENT_3D('',#9054,#9055,#9056);
#9054 = CARTESIAN_POINT('',(1.0205E+03,0.,486.));
#9055 = DIRECTION('',(-0.991444861374,-0.13052619222,0.));
#9056 = DIRECTION('',(-0.13052619222,0.991444861374,0.));
#9057 = DEFINITIONAL_REPRESENTATION('',(#9058),#9061);
#9058 = B_SPLINE_CURVE_WITH_KNOTS('',1,(#9059,#9060),.UNSPECIFIED.,.F.,
  .F.,(2,2),(-2.545260748291,2.806313132731),.PIECEWISE_BEZIER_KNOTS.);
#9059 = CARTESIAN_POINT('',(5.351573881022,-1.));
#9060 = CARTESIAN_POINT('',(0.,-1.));
#9061 = ( GEOMETRIC_REPRESENTATION_CONTEXT(2) 
PARAMETRIC_REPRESENTATION_CONTEXT() REPRESENTATION_CONTEXT('2D SPACE',''
  ) );
#9062 = ORIENTED_EDGE('',*,*,#9063,.T.);
#9063 = EDGE_CURVE('',#9038,#9064,#9066,.T.);
#9064 = VERTEX_POINT('',#9065);
#9065 = CARTESIAN_POINT('',(1.019801479439E+03,-5.305790424602,487.));
#9066 = SURFACE_CURVE('',#9067,(#9071,#9077),.PCURVE_S1.);
#9067 = LINE('',#9068,#9069);
#9068 = CARTESIAN_POINT('',(1.019784442352E+03,-5.435199947153,487.));
#9069 = VECTOR('',#9070,1.);
#9070 = DIRECTION('',(-0.13052619222,-0.991444861374,0.));
#9071 = PCURVE('',#8821,#9072);
#9072 = DEFINITIONAL_REPRESENTATION('',(#9073),#9076);
#9073 = B_SPLINE_CURVE_WITH_KNOTS('',1,(#9074,#9075),.UNSPECIFIED.,.F.,
  .F.,(2,2),(-5.482100073242,-0.13052619222),.PIECEWISE_BEZIER_KNOTS.);
#9074 = CARTESIAN_POINT('',(43.,1.24344978758E-14));
#9075 = CARTESIAN_POINT('',(42.301479438926,-5.305790424602));
#9076 = ( GEOMETRIC_REPRESENTATION_CONTEXT(2) 
PARAMETRIC_REPRESENTATION_CONTEXT() REPRESENTATION_CONTEXT('2D SPACE',''
  ) );
#9077 = PCURVE('',#9078,#9083);
#9078 = PLANE('',#9079);
#9079 = AXIS2_PLACEMENT_3D('',#9080,#9081,#9082);
#9080 = CARTESIAN_POINT('',(1.019801479439E+03,-5.305790424602,486.));
#9081 = DIRECTION('',(-0.991444861374,0.13052619222,0.));
#9082 = DIRECTION('',(0.13052619222,0.991444861374,0.));
#9083 = DEFINITIONAL_REPRESENTATION('',(#9084),#9087);
#9084 = B_SPLINE_CURVE_WITH_KNOTS('',1,(#9085,#9086),.UNSPECIFIED.,.F.,
  .F.,(2,2),(-5.482100073242,-0.13052619222),.PIECEWISE_BEZIER_KNOTS.);
#9085 = CARTESIAN_POINT('',(5.351573881022,-1.));
#9086 = CARTESIAN_POINT('',(0.,-1.));
#9087 = ( GEOMETRIC_REPRESENTATION_CONTEXT(2) 
PARAMETRIC_REPRESENTATION_CONTEXT() REPRESENTATION_CONTEXT('2D SPACE',''
  ) );
#9088 = ORIENTED_EDGE('',*,*,#9089,.T.);
#9089 = EDGE_CURVE('',#9064,#9090,#9092,.T.);
#9090 = VERTEX_POINT('',#9091);
#9091 = CARTESIAN_POINT('',(1.017753520778E+03,-10.25,487.));
#9092 = SURFACE_CURVE('',#9093,(#9097,#9103),.PCURVE_S1.);
#9093 = LINE('',#9094,#9095);
#9094 = CARTESIAN_POINT('',(1.016617986087E+03,-12.99142325032,487.));
#9095 = VECTOR('',#9096,1.);
#9096 = DIRECTION('',(-0.382683432365,-0.923879532511,0.));
#9097 = PCURVE('',#8821,#9098);
#9098 = DEFINITIONAL_REPRESENTATION('',(#9099),#9102);
#9099 = B_SPLINE_CURVE_WITH_KNOTS('',1,(#9100,#9101),.UNSPECIFIED.,.F.,
  .F.,(2,2),(-8.318869024874,-2.967295143852),.PIECEWISE_BEZIER_KNOTS.);
#9100 = CARTESIAN_POINT('',(42.301479438926,-5.305790424602));
#9101 = CARTESIAN_POINT('',(40.253520777581,-10.25));
#9102 = ( GEOMETRIC_REPRESENTATION_CONTEXT(2) 
PARAMETRIC_REPRESENTATION_CONTEXT() REPRESENTATION_CONTEXT('2D SPACE',''
  ) );
#9103 = PCURVE('',#9104,#9109);
#9104 = PLANE('',#9105);
#9105 = AXIS2_PLACEMENT_3D('',#9106,#9107,#9108);
#9106 = CARTESIAN_POINT('',(1.017753520778E+03,-10.25,486.));
#9107 = DIRECTION('',(-0.923879532511,0.382683432365,0.));
#9108 = DIRECTION('',(0.382683432365,0.923879532511,0.));
#9109 = DEFINITIONAL_REPRESENTATION('',(#9110),#9113);
#9110 = B_SPLINE_CURVE_WITH_KNOTS('',1,(#9111,#9112),.UNSPECIFIED.,.F.,
  .F.,(2,2),(-8.318869024874,-2.967295143852),.PIECEWISE_BEZIER_KNOTS.);
#9111 = CARTESIAN_POINT('',(5.351573881022,-1.));
#9112 = CARTESIAN_POINT('',(0.,-1.));
#9113 = ( GEOMETRIC_REPRESENTATION_CONTEXT(2) 
PARAMETRIC_REPRESENTATION_CONTEXT() REPRESENTATION_CONTEXT('2D SPACE',''
  ) );
#9114 = ORIENTED_EDGE('',*,*,#9115,.T.);
#9115 = EDGE_CURVE('',#9090,#9116,#9118,.T.);
#9116 = VERTEX_POINT('',#9117);
#9117 = CARTESIAN_POINT('',(1.014495689014E+03,-14.49568901432,487.));
#9118 = SURFACE_CURVE('',#9119,(#9123,#9129),.PCURVE_S1.);
#9119 = LINE('',#9120,#9121);
#9120 = CARTESIAN_POINT('',(1.011141004084E+03,-18.86759953361,487.));
#9121 = VECTOR('',#9122,1.);
#9122 = DIRECTION('',(-0.608761429009,-0.793353340291,0.));
#9123 = PCURVE('',#8821,#9124);
#9124 = DEFINITIONAL_REPRESENTATION('',(#9125),#9128);
#9125 = B_SPLINE_CURVE_WITH_KNOTS('',1,(#9126,#9127),.UNSPECIFIED.,.F.,
  .F.,(2,2),(-10.86224648711,-5.510672606093),.PIECEWISE_BEZIER_KNOTS.);
#9126 = CARTESIAN_POINT('',(40.253520777581,-10.25));
#9127 = CARTESIAN_POINT('',(36.995689014324,-14.49568901432));
#9128 = ( GEOMETRIC_REPRESENTATION_CONTEXT(2) 
PARAMETRIC_REPRESENTATION_CONTEXT() REPRESENTATION_CONTEXT('2D SPACE',''
  ) );
#9129 = PCURVE('',#9130,#9135);
#9130 = PLANE('',#9131);
#9131 = AXIS2_PLACEMENT_3D('',#9132,#9133,#9134);
#9132 = CARTESIAN_POINT('',(1.014495689014E+03,-14.49568901432,486.));
#9133 = DIRECTION('',(-0.793353340291,0.608761429009,0.));
#9134 = DIRECTION('',(0.608761429009,0.793353340291,0.));
#9135 = DEFINITIONAL_REPRESENTATION('',(#9136),#9139);
#9136 = B_SPLINE_CURVE_WITH_KNOTS('',1,(#9137,#9138),.UNSPECIFIED.,.F.,
  .F.,(2,2),(-10.86224648711,-5.510672606093),.PIECEWISE_BEZIER_KNOTS.);
#9137 = CARTESIAN_POINT('',(5.351573881022,-1.));
#9138 = CARTESIAN_POINT('',(0.,-1.));
#9139 = ( GEOMETRIC_REPRESENTATION_CONTEXT(2) 
PARAMETRIC_REPRESENTATION_CONTEXT() REPRESENTATION_CONTEXT('2D SPACE',''
  ) );
#9140 = ORIENTED_EDGE('',*,*,#9141,.T.);
#9141 = EDGE_CURVE('',#9116,#9142,#9144,.T.);
#9142 = VERTEX_POINT('',#9143);
#9143 = CARTESIAN_POINT('',(1.01025E+03,-17.75352077758,487.));
#9144 = SURFACE_CURVE('',#9145,(#9149,#9155),.PCURVE_S1.);
#9145 = LINE('',#9146,#9147);
#9146 = CARTESIAN_POINT('',(1.004230565125E+03,-22.37239560964,487.));
#9147 = VECTOR('',#9148,1.);
#9148 = DIRECTION('',(-0.793353340291,-0.608761429009,0.));
#9149 = PCURVE('',#8821,#9150);
#9150 = DEFINITIONAL_REPRESENTATION('',(#9151),#9154);
#9151 = B_SPLINE_CURVE_WITH_KNOTS('',1,(#9152,#9153),.UNSPECIFIED.,.F.,
  .F.,(2,2),(-12.93890548904,-7.587331608021),.PIECEWISE_BEZIER_KNOTS.);
#9152 = CARTESIAN_POINT('',(36.995689014324,-14.49568901432));
#9153 = CARTESIAN_POINT('',(32.75,-17.75352077758));
#9154 = ( GEOMETRIC_REPRESENTATION_CONTEXT(2) 
PARAMETRIC_REPRESENTATION_CONTEXT() REPRESENTATION_CONTEXT('2D SPACE',''
  ) );
#9155 = PCURVE('',#9156,#9161);
#9156 = PLANE('',#9157);
#9157 = AXIS2_PLACEMENT_3D('',#9158,#9159,#9160);
#9158 = CARTESIAN_POINT('',(1.01025E+03,-17.75352077758,486.));
#9159 = DIRECTION('',(-0.608761429009,0.793353340291,0.));
#9160 = DIRECTION('',(0.793353340291,0.608761429009,0.));
#9161 = DEFINITIONAL_REPRESENTATION('',(#9162),#9165);
#9162 = B_SPLINE_CURVE_WITH_KNOTS('',1,(#9163,#9164),.UNSPECIFIED.,.F.,
  .F.,(2,2),(-12.93890548904,-7.587331608021),.PIECEWISE_BEZIER_KNOTS.);
#9163 = CARTESIAN_POINT('',(5.351573881022,-1.));
#9164 = CARTESIAN_POINT('',(0.,-1.));
#9165 = ( GEOMETRIC_REPRESENTATION_CONTEXT(2) 
PARAMETRIC_REPRESENTATION_CONTEXT() REPRESENTATION_CONTEXT('2D SPACE',''
  ) );
#9166 = ORIENTED_EDGE('',*,*,#9167,.T.);
#9167 = EDGE_CURVE('',#9142,#9168,#9170,.T.);
#9168 = VERTEX_POINT('',#9169);
#9169 = CARTESIAN_POINT('',(1.005305790425E+03,-19.80147943892,487.));
#9170 = SURFACE_CURVE('',#9171,(#9175,#9181),.PCURVE_S1.);
#9171 = LINE('',#9172,#9173);
#9172 = CARTESIAN_POINT('',(996.93936717427,-23.26696541776,487.));
#9173 = VECTOR('',#9174,1.);
#9174 = DIRECTION('',(-0.923879532511,-0.382683432365,0.));
#9175 = PCURVE('',#8821,#9176);
#9176 = DEFINITIONAL_REPRESENTATION('',(#9177),#9180);
#9177 = B_SPLINE_CURVE_WITH_KNOTS('',1,(#9178,#9179),.UNSPECIFIED.,.F.,
  .F.,(2,2),(-14.40732515151,-9.055751270496),.PIECEWISE_BEZIER_KNOTS.);
#9178 = CARTESIAN_POINT('',(32.75,-17.75352077758));
#9179 = CARTESIAN_POINT('',(27.805790424602,-19.80147943892));
#9180 = ( GEOMETRIC_REPRESENTATION_CONTEXT(2) 
PARAMETRIC_REPRESENTATION_CONTEXT() REPRESENTATION_CONTEXT('2D SPACE',''
  ) );
#9181 = PCURVE('',#9182,#9187);
#9182 = PLANE('',#9183);
#9183 = AXIS2_PLACEMENT_3D('',#9184,#9185,#9186);
#9184 = CARTESIAN_POINT('',(1.005305790425E+03,-19.80147943892,486.));
#9185 = DIRECTION('',(-0.382683432365,0.923879532511,0.));
#9186 = DIRECTION('',(0.923879532511,0.382683432365,0.));
#9187 = DEFINITIONAL_REPRESENTATION('',(#9188),#9191);
#9188 = B_SPLINE_CURVE_WITH_KNOTS('',1,(#9189,#9190),.UNSPECIFIED.,.F.,
  .F.,(2,2),(-14.40732515151,-9.055751270496),.PIECEWISE_BEZIER_KNOTS.);
#9189 = CARTESIAN_POINT('',(5.351573881022,-1.));
#9190 = CARTESIAN_POINT('',(0.,-1.));
#9191 = ( GEOMETRIC_REPRESENTATION_CONTEXT(2) 
PARAMETRIC_REPRESENTATION_CONTEXT() REPRESENTATION_CONTEXT('2D SPACE',''
  ) );
#9192 = ORIENTED_EDGE('',*,*,#9193,.T.);
#9193 = EDGE_CURVE('',#9168,#9194,#9196,.T.);
#9194 = VERTEX_POINT('',#9195);
#9195 = CARTESIAN_POINT('',(1.E+03,-20.5,487.));
#9196 = SURFACE_CURVE('',#9197,(#9201,#9207),.PCURVE_S1.);
#9197 = LINE('',#9198,#9199);
#9198 = CARTESIAN_POINT('',(990.26811483327,-21.78122698843,487.));
#9199 = VECTOR('',#9200,1.);
#9200 = DIRECTION('',(-0.991444861374,-0.13052619222,0.));
#9201 = PCURVE('',#8821,#9202);
#9202 = DEFINITIONAL_REPRESENTATION('',(#9203),#9206);
#9203 = B_SPLINE_CURVE_WITH_KNOTS('',1,(#9204,#9205),.UNSPECIFIED.,.F.,
  .F.,(2,2),(-15.16743510122,-9.8158612202),.PIECEWISE_BEZIER_KNOTS.);
#9204 = CARTESIAN_POINT('',(27.805790424602,-19.80147943892));
#9205 = CARTESIAN_POINT('',(22.5,-20.5));
#9206 = ( GEOMETRIC_REPRESENTATION_CONTEXT(2) 
PARAMETRIC_REPRESENTATION_CONTEXT() REPRESENTATION_CONTEXT('2D SPACE',''
  ) );
#9207 = PCURVE('',#9208,#9213);
#9208 = PLANE('',#9209);
#9209 = AXIS2_PLACEMENT_3D('',#9210,#9211,#9212);
#9210 = CARTESIAN_POINT('',(1.E+03,-20.5,486.));
#9211 = DIRECTION('',(-0.13052619222,0.991444861374,0.));
#9212 = DIRECTION('',(0.991444861374,0.13052619222,0.));
#9213 = DEFINITIONAL_REPRESENTATION('',(#9214),#9217);
#9214 = B_SPLINE_CURVE_WITH_KNOTS('',1,(#9215,#9216),.UNSPECIFIED.,.F.,
  .F.,(2,2),(-15.16743510122,-9.8158612202),.PIECEWISE_BEZIER_KNOTS.);
#9215 = CARTESIAN_POINT('',(5.351573881022,-1.));
#9216 = CARTESIAN_POINT('',(0.,-1.));
#9217 = ( GEOMETRIC_REPRESENTATION_CONTEXT(2) 
PARAMETRIC_REPRESENTATION_CONTEXT() REPRESENTATION_CONTEXT('2D SPACE',''
  ) );
#9218 = ORIENTED_EDGE('',*,*,#9219,.T.);
#9219 = EDGE_CURVE('',#9194,#9220,#9222,.T.);
#9220 = VERTEX_POINT('',#9221);
#9221 = CARTESIAN_POINT('',(994.69420957539,-19.80147943892,487.));
#9222 = SURFACE_CURVE('',#9223,(#9227,#9233),.PCURVE_S1.);
#9223 = LINE('',#9224,#9225);
#9224 = CARTESIAN_POINT('',(984.96232440867,-18.52025245049,487.));
#9225 = VECTOR('',#9226,1.);
#9226 = DIRECTION('',(-0.991444861374,0.13052619222,0.));
#9227 = PCURVE('',#8821,#9228);
#9228 = DEFINITIONAL_REPRESENTATION('',(#9229),#9232);
#9229 = B_SPLINE_CURVE_WITH_KNOTS('',1,(#9230,#9231),.UNSPECIFIED.,.F.,
  .F.,(2,2),(-15.16743510122,-9.8158612202),.PIECEWISE_BEZIER_KNOTS.);
#9230 = CARTESIAN_POINT('',(22.5,-20.5));
#9231 = CARTESIAN_POINT('',(17.194209575398,-19.80147943892));
#9232 = ( GEOMETRIC_REPRESENTATION_CONTEXT(2) 
PARAMETRIC_REPRESENTATION_CONTEXT() REPRESENTATION_CONTEXT('2D SPACE',''
  ) );
#9233 = PCURVE('',#9234,#9239);
#9234 = PLANE('',#9235);
#9235 = AXIS2_PLACEMENT_3D('',#9236,#9237,#9238);
#9236 = CARTESIAN_POINT('',(994.69420957539,-19.80147943892,486.));
#9237 = DIRECTION('',(0.13052619222,0.991444861374,-0.));
#9238 = DIRECTION('',(0.991444861374,-0.13052619222,0.));
#9239 = DEFINITIONAL_REPRESENTATION('',(#9240),#9243);
#9240 = B_SPLINE_CURVE_WITH_KNOTS('',1,(#9241,#9242),.UNSPECIFIED.,.F.,
  .F.,(2,2),(-15.16743510122,-9.8158612202),.PIECEWISE_BEZIER_KNOTS.);
#9241 = CARTESIAN_POINT('',(5.351573881022,-1.));
#9242 = CARTESIAN_POINT('',(0.,-1.));
#9243 = ( GEOMETRIC_REPRESENTATION_CONTEXT(2) 
PARAMETRIC_REPRESENTATION_CONTEXT() REPRESENTATION_CONTEXT('2D SPACE',''
  ) );
#9244 = ORIENTED_EDGE('',*,*,#9245,.T.);
#9245 = EDGE_CURVE('',#9220,#9246,#9248,.T.);
#9246 = VERTEX_POINT('',#9247);
#9247 = CARTESIAN_POINT('',(989.75,-17.75352077758,487.));
#9248 = SURFACE_CURVE('',#9249,(#9253,#9259),.PCURVE_S1.);
#9249 = LINE('',#9250,#9251);
#9250 = CARTESIAN_POINT('',(981.38357674967,-14.28803479874,487.));
#9251 = VECTOR('',#9252,1.);
#9252 = DIRECTION('',(-0.923879532511,0.382683432365,0.));
#9253 = PCURVE('',#8821,#9254);
#9254 = DEFINITIONAL_REPRESENTATION('',(#9255),#9258);
#9255 = B_SPLINE_CURVE_WITH_KNOTS('',1,(#9256,#9257),.UNSPECIFIED.,.F.,
  .F.,(2,2),(-14.40732515151,-9.055751270496),.PIECEWISE_BEZIER_KNOTS.);
#9256 = CARTESIAN_POINT('',(17.194209575398,-19.80147943892));
#9257 = CARTESIAN_POINT('',(12.25,-17.75352077758));
#9258 = ( GEOMETRIC_REPRESENTATION_CONTEXT(2) 
PARAMETRIC_REPRESENTATION_CONTEXT() REPRESENTATION_CONTEXT('2D SPACE',''
  ) );
#9259 = PCURVE('',#9260,#9265);
#9260 = PLANE('',#9261);
#9261 = AXIS2_PLACEMENT_3D('',#9262,#9263,#9264);
#9262 = CARTESIAN_POINT('',(989.75,-17.75352077758,486.));
#9263 = DIRECTION('',(0.382683432365,0.923879532511,-0.));
#9264 = DIRECTION('',(0.923879532511,-0.382683432365,0.));
#9265 = DEFINITIONAL_REPRESENTATION('',(#9266),#9269);
#9266 = B_SPLINE_CURVE_WITH_KNOTS('',1,(#9267,#9268),.UNSPECIFIED.,.F.,
  .F.,(2,2),(-14.40732515151,-9.055751270496),.PIECEWISE_BEZIER_KNOTS.);
#9267 = CARTESIAN_POINT('',(5.351573881022,-1.));
#9268 = CARTESIAN_POINT('',(0.,-1.));
#9269 = ( GEOMETRIC_REPRESENTATION_CONTEXT(2) 
PARAMETRIC_REPRESENTATION_CONTEXT() REPRESENTATION_CONTEXT('2D SPACE',''
  ) );
#9270 = ORIENTED_EDGE('',*,*,#9271,.T.);
#9271 = EDGE_CURVE('',#9246,#9272,#9274,.T.);
#9272 = VERTEX_POINT('',#9273);
#9273 = CARTESIAN_POINT('',(985.50431098567,-14.49568901432,487.));
#9274 = SURFACE_CURVE('',#9275,(#9279,#9285),.PCURVE_S1.);
#9275 = LINE('',#9276,#9277);
#9276 = CARTESIAN_POINT('',(979.48487611055,-9.876814182263,487.));
#9277 = VECTOR('',#9278,1.);
#9278 = DIRECTION('',(-0.793353340291,0.608761429009,0.));
#9279 = PCURVE('',#8821,#9280);
#9280 = DEFINITIONAL_REPRESENTATION('',(#9281),#9284);
#9281 = B_SPLINE_CURVE_WITH_KNOTS('',1,(#9282,#9283),.UNSPECIFIED.,.F.,
  .F.,(2,2),(-12.93890548904,-7.587331608021),.PIECEWISE_BEZIER_KNOTS.);
#9282 = CARTESIAN_POINT('',(12.25,-17.75352077758));
#9283 = CARTESIAN_POINT('',(8.004310985676,-14.49568901432));
#9284 = ( GEOMETRIC_REPRESENTATION_CONTEXT(2) 
PARAMETRIC_REPRESENTATION_CONTEXT() REPRESENTATION_CONTEXT('2D SPACE',''
  ) );
#9285 = PCURVE('',#9286,#9291);
#9286 = PLANE('',#9287);
#9287 = AXIS2_PLACEMENT_3D('',#9288,#9289,#9290);
#9288 = CARTESIAN_POINT('',(985.50431098567,-14.49568901432,486.));
#9289 = DIRECTION('',(0.608761429009,0.793353340291,-0.));
#9290 = DIRECTION('',(0.793353340291,-0.608761429009,0.));
#9291 = DEFINITIONAL_REPRESENTATION('',(#9292),#9295);
#9292 = B_SPLINE_CURVE_WITH_KNOTS('',1,(#9293,#9294),.UNSPECIFIED.,.F.,
  .F.,(2,2),(-12.93890548904,-7.587331608021),.PIECEWISE_BEZIER_KNOTS.);
#9293 = CARTESIAN_POINT('',(5.351573881022,-1.));
#9294 = CARTESIAN_POINT('',(0.,-1.));
#9295 = ( GEOMETRIC_REPRESENTATION_CONTEXT(2) 
PARAMETRIC_REPRESENTATION_CONTEXT() REPRESENTATION_CONTEXT('2D SPACE',''
  ) );
#9296 = ORIENTED_EDGE('',*,*,#9297,.T.);
#9297 = EDGE_CURVE('',#9272,#9298,#9300,.T.);
#9298 = VERTEX_POINT('',#9299);
#9299 = CARTESIAN_POINT('',(982.24647922241,-10.25,487.));
#9300 = SURFACE_CURVE('',#9301,(#9305,#9311),.PCURVE_S1.);
#9301 = LINE('',#9302,#9303);
#9302 = CARTESIAN_POINT('',(978.89179429193,-5.878089480705,487.));
#9303 = VECTOR('',#9304,1.);
#9304 = DIRECTION('',(-0.608761429009,0.793353340291,0.));
#9305 = PCURVE('',#8821,#9306);
#9306 = DEFINITIONAL_REPRESENTATION('',(#9307),#9310);
#9307 = B_SPLINE_CURVE_WITH_KNOTS('',1,(#9308,#9309),.UNSPECIFIED.,.F.,
  .F.,(2,2),(-10.86224648711,-5.510672606093),.PIECEWISE_BEZIER_KNOTS.);
#9308 = CARTESIAN_POINT('',(8.004310985676,-14.49568901432));
#9309 = CARTESIAN_POINT('',(4.746479222419,-10.25));
#9310 = ( GEOMETRIC_REPRESENTATION_CONTEXT(2) 
PARAMETRIC_REPRESENTATION_CONTEXT() REPRESENTATION_CONTEXT('2D SPACE',''
  ) );
#9311 = PCURVE('',#9312,#9317);
#9312 = PLANE('',#9313);
#9313 = AXIS2_PLACEMENT_3D('',#9314,#9315,#9316);
#9314 = CARTESIAN_POINT('',(982.24647922241,-10.25,486.));
#9315 = DIRECTION('',(0.793353340291,0.608761429009,-0.));
#9316 = DIRECTION('',(0.608761429009,-0.793353340291,0.));
#9317 = DEFINITIONAL_REPRESENTATION('',(#9318),#9321);
#9318 = B_SPLINE_CURVE_WITH_KNOTS('',1,(#9319,#9320),.UNSPECIFIED.,.F.,
  .F.,(2,2),(-10.86224648711,-5.510672606093),.PIECEWISE_BEZIER_KNOTS.);
#9319 = CARTESIAN_POINT('',(5.351573881022,-1.));
#9320 = CARTESIAN_POINT('',(0.,-1.));
#9321 = ( GEOMETRIC_REPRESENTATION_CONTEXT(2) 
PARAMETRIC_REPRESENTATION_CONTEXT() REPRESENTATION_CONTEXT('2D SPACE',''
  ) );
#9322 = ORIENTED_EDGE('',*,*,#9323,.T.);
#9323 = EDGE_CURVE('',#9298,#9324,#9326,.T.);
#9324 = VERTEX_POINT('',#9325);
#9325 = CARTESIAN_POINT('',(980.19852056107,-5.305790424602,487.));
#9326 = SURFACE_CURVE('',#9327,(#9331,#9337),.PCURVE_S1.);
#9327 = LINE('',#9328,#9329);
#9328 = CARTESIAN_POINT('',(979.06298587058,-2.564367174277,487.));
#9329 = VECTOR('',#9330,1.);
#9330 = DIRECTION('',(-0.382683432365,0.923879532511,0.));
#9331 = PCURVE('',#8821,#9332);
#9332 = DEFINITIONAL_REPRESENTATION('',(#9333),#9336);
#9333 = B_SPLINE_CURVE_WITH_KNOTS('',1,(#9334,#9335),.UNSPECIFIED.,.F.,
  .F.,(2,2),(-8.318869024874,-2.967295143852),.PIECEWISE_BEZIER_KNOTS.);
#9334 = CARTESIAN_POINT('',(4.746479222419,-10.25));
#9335 = CARTESIAN_POINT('',(2.698520561074,-5.305790424602));
#9336 = ( GEOMETRIC_REPRESENTATION_CONTEXT(2) 
PARAMETRIC_REPRESENTATION_CONTEXT() REPRESENTATION_CONTEXT('2D SPACE',''
  ) );
#9337 = PCURVE('',#9338,#9343);
#9338 = PLANE('',#9339);
#9339 = AXIS2_PLACEMENT_3D('',#9340,#9341,#9342);
#9340 = CARTESIAN_POINT('',(980.19852056107,-5.305790424602,486.));
#9341 = DIRECTION('',(0.923879532511,0.382683432365,-0.));
#9342 = DIRECTION('',(0.382683432365,-0.923879532511,0.));
#9343 = DEFINITIONAL_REPRESENTATION('',(#9344),#9347);
#9344 = B_SPLINE_CURVE_WITH_KNOTS('',1,(#9345,#9346),.UNSPECIFIED.,.F.,
  .F.,(2,2),(-8.318869024874,-2.967295143852),.PIECEWISE_BEZIER_KNOTS.);
#9345 = CARTESIAN_POINT('',(5.351573881022,-1.));
#9346 = CARTESIAN_POINT('',(0.,-1.));
#9347 = ( GEOMETRIC_REPRESENTATION_CONTEXT(2) 
PARAMETRIC_REPRESENTATION_CONTEXT() REPRESENTATION_CONTEXT('2D SPACE',''
  ) );
#9348 = ORIENTED_EDGE('',*,*,#9349,.T.);
#9349 = EDGE_CURVE('',#9324,#9350,#9352,.T.);
#9350 = VERTEX_POINT('',#9351);
#9351 = CARTESIAN_POINT('',(979.5,2.510525938252E-15,487.));
#9352 = SURFACE_CURVE('',#9353,(#9357,#9363),.PCURVE_S1.);
#9353 = LINE('',#9354,#9355);
#9354 = CARTESIAN_POINT('',(979.48296291314,0.129409522551,487.));
#9355 = VECTOR('',#9356,1.);
#9356 = DIRECTION('',(-0.13052619222,0.991444861374,0.));
#9357 = PCURVE('',#8821,#9358);
#9358 = DEFINITIONAL_REPRESENTATION('',(#9359),#9362);
#9359 = B_SPLINE_CURVE_WITH_KNOTS('',1,(#9360,#9361),.UNSPECIFIED.,.F.,
  .F.,(2,2),(-5.482100073242,-0.13052619222),.PIECEWISE_BEZIER_KNOTS.);
#9360 = CARTESIAN_POINT('',(2.698520561074,-5.305790424602));
#9361 = CARTESIAN_POINT('',(2.,4.496403249732E-15));
#9362 = ( GEOMETRIC_REPRESENTATION_CONTEXT(2) 
PARAMETRIC_REPRESENTATION_CONTEXT() REPRESENTATION_CONTEXT('2D SPACE',''
  ) );
#9363 = PCURVE('',#9364,#9369);
#9364 = PLANE('',#9365);
#9365 = AXIS2_PLACEMENT_3D('',#9366,#9367,#9368);
#9366 = CARTESIAN_POINT('',(979.5,2.510525938252E-15,486.));
#9367 = DIRECTION('',(0.991444861374,0.13052619222,-0.));
#9368 = DIRECTION('',(0.13052619222,-0.991444861374,0.));
#9369 = DEFINITIONAL_REPRESENTATION('',(#9370),#9373);
#9370 = B_SPLINE_CURVE_WITH_KNOTS('',1,(#9371,#9372),.UNSPECIFIED.,.F.,
  .F.,(2,2),(-5.482100073242,-0.13052619222),.PIECEWISE_BEZIER_KNOTS.);
#9371 = CARTESIAN_POINT('',(5.351573881022,-1.));
#9372 = CARTESIAN_POINT('',(0.,-1.));
#9373 = ( GEOMETRIC_REPRESENTATION_CONTEXT(2) 
PARAMETRIC_REPRESENTATION_CONTEXT() REPRESENTATION_CONTEXT('2D SPACE',''
  ) );
#9374 = ORIENTED_EDGE('',*,*,#9375,.T.);
#9375 = EDGE_CURVE('',#9350,#9376,#9378,.T.);
#9376 = VERTEX_POINT('',#9377);
#9377 = CARTESIAN_POINT('',(980.19852056107,5.305790424602,487.));
#9378 = SURFACE_CURVE('',#9379,(#9383,#9389),.PCURVE_S1.);
#9379 = LINE('',#9380,#9381);
#9380 = CARTESIAN_POINT('',(979.83222319368,2.52348568975,487.));
#9381 = VECTOR('',#9382,1.);
#9382 = DIRECTION('',(0.13052619222,0.991444861374,-0.));
#9383 = PCURVE('',#8821,#9384);
#9384 = DEFINITIONAL_REPRESENTATION('',(#9385),#9388);
#9385 = B_SPLINE_CURVE_WITH_KNOTS('',1,(#9386,#9387),.UNSPECIFIED.,.F.,
  .F.,(2,2),(-2.545260748291,2.806313132731),.PIECEWISE_BEZIER_KNOTS.);
#9386 = CARTESIAN_POINT('',(2.,8.437694987151E-15));
#9387 = CARTESIAN_POINT('',(2.698520561074,5.305790424602));
#9388 = ( GEOMETRIC_REPRESENTATION_CONTEXT(2) 
PARAMETRIC_REPRESENTATION_CONTEXT() REPRESENTATION_CONTEXT('2D SPACE',''
  ) );
#9389 = PCURVE('',#9390,#9395);
#9390 = PLANE('',#9391);
#9391 = AXIS2_PLACEMENT_3D('',#9392,#9393,#9394);
#9392 = CARTESIAN_POINT('',(980.19852056107,5.305790424602,486.));
#9393 = DIRECTION('',(0.991444861374,-0.13052619222,0.));
#9394 = DIRECTION('',(-0.13052619222,-0.991444861374,0.));
#9395 = DEFINITIONAL_REPRESENTATION('',(#9396),#9399);
#9396 = B_SPLINE_CURVE_WITH_KNOTS('',1,(#9397,#9398),.UNSPECIFIED.,.F.,
  .F.,(2,2),(-2.545260748291,2.806313132731),.PIECEWISE_BEZIER_KNOTS.);
#9397 = CARTESIAN_POINT('',(5.351573881022,-1.));
#9398 = CARTESIAN_POINT('',(0.,-1.));
#9399 = ( GEOMETRIC_REPRESENTATION_CONTEXT(2) 
PARAMETRIC_REPRESENTATION_CONTEXT() REPRESENTATION_CONTEXT('2D SPACE',''
  ) );
#9400 = ORIENTED_EDGE('',*,*,#9401,.T.);
#9401 = EDGE_CURVE('',#9376,#9402,#9404,.T.);
#9402 = VERTEX_POINT('',#9403);
#9403 = CARTESIAN_POINT('',(982.24647922241,10.25,487.));
#9404 = SURFACE_CURVE('',#9405,(#9409,#9415),.PCURVE_S1.);
#9405 = LINE('',#9406,#9407);
#9406 = CARTESIAN_POINT('',(980.08696520125,5.036471961976,487.));
#9407 = VECTOR('',#9408,1.);
#9408 = DIRECTION('',(0.382683432365,0.923879532511,-0.));
#9409 = PCURVE('',#8821,#9410);
#9410 = DEFINITIONAL_REPRESENTATION('',(#9411),#9414);
#9411 = B_SPLINE_CURVE_WITH_KNOTS('',1,(#9412,#9413),.UNSPECIFIED.,.F.,
  .F.,(2,2),(0.291508203341,5.643082084363),.PIECEWISE_BEZIER_KNOTS.);
#9412 = CARTESIAN_POINT('',(2.698520561074,5.305790424602));
#9413 = CARTESIAN_POINT('',(4.746479222419,10.25));
#9414 = ( GEOMETRIC_REPRESENTATION_CONTEXT(2) 
PARAMETRIC_REPRESENTATION_CONTEXT() REPRESENTATION_CONTEXT('2D SPACE',''
  ) );
#9415 = PCURVE('',#9416,#9421);
#9416 = PLANE('',#9417);
#9417 = AXIS2_PLACEMENT_3D('',#9418,#9419,#9420);
#9418 = CARTESIAN_POINT('',(982.24647922241,10.25,486.));
#9419 = DIRECTION('',(0.923879532511,-0.382683432365,0.));
#9420 = DIRECTION('',(-0.382683432365,-0.923879532511,0.));
#9421 = DEFINITIONAL_REPRESENTATION('',(#9422),#9425);
#9422 = B_SPLINE_CURVE_WITH_KNOTS('',1,(#9423,#9424),.UNSPECIFIED.,.F.,
  .F.,(2,2),(0.291508203341,5.643082084363),.PIECEWISE_BEZIER_KNOTS.);
#9423 = CARTESIAN_POINT('',(5.351573881022,-1.));
#9424 = CARTESIAN_POINT('',(0.,-1.));
#9425 = ( GEOMETRIC_REPRESENTATION_CONTEXT(2) 
PARAMETRIC_REPRESENTATION_CONTEXT() REPRESENTATION_CONTEXT('2D SPACE',''
  ) );
#9426 = ORIENTED_EDGE('',*,*,#9427,.T.);
#9427 = EDGE_CURVE('',#9402,#9428,#9430,.T.);
#9428 = VERTEX_POINT('',#9429);
#9429 = CARTESIAN_POINT('',(985.50431098567,14.495689014324,487.));
#9430 = SURFACE_CURVE('',#9431,(#9435,#9441),.PCURVE_S1.);
#9431 = LINE('',#9432,#9433);
#9432 = CARTESIAN_POINT('',(980.52071017356,8.000933987867,487.));
#9433 = VECTOR('',#9434,1.);
#9434 = DIRECTION('',(0.608761429009,0.793353340291,-0.));
#9435 = PCURVE('',#8821,#9436);
#9436 = DEFINITIONAL_REPRESENTATION('',(#9437),#9440);
#9437 = B_SPLINE_CURVE_WITH_KNOTS('',1,(#9438,#9439),.UNSPECIFIED.,.F.,
  .F.,(2,2),(2.834885665581,8.186459546604),.PIECEWISE_BEZIER_KNOTS.);
#9438 = CARTESIAN_POINT('',(4.746479222419,10.25));
#9439 = CARTESIAN_POINT('',(8.004310985676,14.495689014324));
#9440 = ( GEOMETRIC_REPRESENTATION_CONTEXT(2) 
PARAMETRIC_REPRESENTATION_CONTEXT() REPRESENTATION_CONTEXT('2D SPACE',''
  ) );
#9441 = PCURVE('',#9442,#9447);
#9442 = PLANE('',#9443);
#9443 = AXIS2_PLACEMENT_3D('',#9444,#9445,#9446);
#9444 = CARTESIAN_POINT('',(985.50431098567,14.495689014324,486.));
#9445 = DIRECTION('',(0.793353340291,-0.608761429009,0.));
#9446 = DIRECTION('',(-0.608761429009,-0.793353340291,0.));
#9447 = DEFINITIONAL_REPRESENTATION('',(#9448),#9451);
#9448 = B_SPLINE_CURVE_WITH_KNOTS('',1,(#9449,#9450),.UNSPECIFIED.,.F.,
  .F.,(2,2),(2.834885665581,8.186459546604),.PIECEWISE_BEZIER_KNOTS.);
#9449 = CARTESIAN_POINT('',(5.351573881022,-1.));
#9450 = CARTESIAN_POINT('',(0.,-1.));
#9451 = ( GEOMETRIC_REPRESENTATION_CONTEXT(2) 
PARAMETRIC_REPRESENTATION_CONTEXT() REPRESENTATION_CONTEXT('2D SPACE',''
  ) );
#9452 = ORIENTED_EDGE('',*,*,#9453,.T.);
#9453 = EDGE_CURVE('',#9428,#9454,#9456,.T.);
#9454 = VERTEX_POINT('',#9455);
#9455 = CARTESIAN_POINT('',(989.75,17.753520777581,487.));
#9456 = SURFACE_CURVE('',#9457,(#9461,#9467),.PCURVE_S1.);
#9457 = LINE('',#9458,#9459);
#9458 = CARTESIAN_POINT('',(981.60772061771,11.505730063891,487.));
#9459 = VECTOR('',#9460,1.);
#9460 = DIRECTION('',(0.793353340291,0.608761429009,-0.));
#9461 = PCURVE('',#8821,#9462);
#9462 = DEFINITIONAL_REPRESENTATION('',(#9463),#9466);
#9463 = B_SPLINE_CURVE_WITH_KNOTS('',1,(#9464,#9465),.UNSPECIFIED.,.F.,
  .F.,(2,2),(4.91154466751,10.263118548532),.PIECEWISE_BEZIER_KNOTS.);
#9464 = CARTESIAN_POINT('',(8.004310985676,14.495689014324));
#9465 = CARTESIAN_POINT('',(12.25,17.753520777581));
#9466 = ( GEOMETRIC_REPRESENTATION_CONTEXT(2) 
PARAMETRIC_REPRESENTATION_CONTEXT() REPRESENTATION_CONTEXT('2D SPACE',''
  ) );
#9467 = PCURVE('',#9468,#9473);
#9468 = PLANE('',#9469);
#9469 = AXIS2_PLACEMENT_3D('',#9470,#9471,#9472);
#9470 = CARTESIAN_POINT('',(989.75,17.753520777581,486.));
#9471 = DIRECTION('',(0.608761429009,-0.793353340291,0.));
#9472 = DIRECTION('',(-0.793353340291,-0.608761429009,0.));
#9473 = DEFINITIONAL_REPRESENTATION('',(#9474),#9477);
#9474 = B_SPLINE_CURVE_WITH_KNOTS('',1,(#9475,#9476),.UNSPECIFIED.,.F.,
  .F.,(2,2),(4.91154466751,10.263118548532),.PIECEWISE_BEZIER_KNOTS.);
#9475 = CARTESIAN_POINT('',(5.351573881022,-1.));
#9476 = CARTESIAN_POINT('',(0.,-1.));
#9477 = ( GEOMETRIC_REPRESENTATION_CONTEXT(2) 
PARAMETRIC_REPRESENTATION_CONTEXT() REPRESENTATION_CONTEXT('2D SPACE',''
  ) );
#9478 = ORIENTED_EDGE('',*,*,#9479,.T.);
#9479 = EDGE_CURVE('',#9454,#9480,#9482,.T.);
#9480 = VERTEX_POINT('',#9481);
#9481 = CARTESIAN_POINT('',(994.69420957539,19.801479438926,487.));
#9482 = SURFACE_CURVE('',#9483,(#9487,#9493),.PCURVE_S1.);
#9483 = LINE('',#9484,#9485);
#9484 = CARTESIAN_POINT('',(983.85568153737,15.312014129415,487.));
#9485 = VECTOR('',#9486,1.);
#9486 = DIRECTION('',(0.923879532511,0.382683432365,-0.));
#9487 = PCURVE('',#8821,#9488);
#9488 = DEFINITIONAL_REPRESENTATION('',(#9489),#9492);
#9489 = B_SPLINE_CURVE_WITH_KNOTS('',1,(#9490,#9491),.UNSPECIFIED.,.F.,
  .F.,(2,2),(6.379964329985,11.731538211008),.PIECEWISE_BEZIER_KNOTS.);
#9490 = CARTESIAN_POINT('',(12.25,17.753520777581));
#9491 = CARTESIAN_POINT('',(17.194209575398,19.801479438926));
#9492 = ( GEOMETRIC_REPRESENTATION_CONTEXT(2) 
PARAMETRIC_REPRESENTATION_CONTEXT() REPRESENTATION_CONTEXT('2D SPACE',''
  ) );
#9493 = PCURVE('',#9494,#9499);
#9494 = PLANE('',#9495);
#9495 = AXIS2_PLACEMENT_3D('',#9496,#9497,#9498);
#9496 = CARTESIAN_POINT('',(994.69420957539,19.801479438926,486.));
#9497 = DIRECTION('',(0.382683432365,-0.923879532511,0.));
#9498 = DIRECTION('',(-0.923879532511,-0.382683432365,0.));
#9499 = DEFINITIONAL_REPRESENTATION('',(#9500),#9503);
#9500 = B_SPLINE_CURVE_WITH_KNOTS('',1,(#9501,#9502),.UNSPECIFIED.,.F.,
  .F.,(2,2),(6.379964329985,11.731538211008),.PIECEWISE_BEZIER_KNOTS.);
#9501 = CARTESIAN_POINT('',(5.351573881022,-1.));
#9502 = CARTESIAN_POINT('',(0.,-1.));
#9503 = ( GEOMETRIC_REPRESENTATION_CONTEXT(2) 
PARAMETRIC_REPRESENTATION_CONTEXT() REPRESENTATION_CONTEXT('2D SPACE',''
  ) );
#9504 = ORIENTED_EDGE('',*,*,#9505,.T.);
#9505 = EDGE_CURVE('',#9480,#9506,#9508,.T.);
#9506 = VERTEX_POINT('',#9507);
#9507 = CARTESIAN_POINT('',(1.E+03,20.5,487.));
#9508 = SURFACE_CURVE('',#9509,(#9513,#9519),.PCURVE_S1.);
#9509 = LINE('',#9510,#9511);
#9510 = CARTESIAN_POINT('',(987.61521962097,18.86951273103,487.));
#9511 = VECTOR('',#9512,1.);
#9512 = DIRECTION('',(0.991444861374,0.13052619222,-0.));
#9513 = PCURVE('',#8821,#9514);
#9514 = DEFINITIONAL_REPRESENTATION('',(#9515),#9518);
#9515 = B_SPLINE_CURVE_WITH_KNOTS('',1,(#9516,#9517),.UNSPECIFIED.,.F.,
  .F.,(2,2),(7.140074279689,12.491648160711),.PIECEWISE_BEZIER_KNOTS.);
#9516 = CARTESIAN_POINT('',(17.194209575398,19.801479438926));
#9517 = CARTESIAN_POINT('',(22.5,20.5));
#9518 = ( GEOMETRIC_REPRESENTATION_CONTEXT(2) 
PARAMETRIC_REPRESENTATION_CONTEXT() REPRESENTATION_CONTEXT('2D SPACE',''
  ) );
#9519 = PCURVE('',#9520,#9525);
#9520 = PLANE('',#9521);
#9521 = AXIS2_PLACEMENT_3D('',#9522,#9523,#9524);
#9522 = CARTESIAN_POINT('',(1.E+03,20.5,486.));
#9523 = DIRECTION('',(0.13052619222,-0.991444861374,0.));
#9524 = DIRECTION('',(-0.991444861374,-0.13052619222,0.));
#9525 = DEFINITIONAL_REPRESENTATION('',(#9526),#9529);
#9526 = B_SPLINE_CURVE_WITH_KNOTS('',1,(#9527,#9528),.UNSPECIFIED.,.F.,
  .F.,(2,2),(7.140074279689,12.491648160711),.PIECEWISE_BEZIER_KNOTS.);
#9527 = CARTESIAN_POINT('',(5.351573881022,-1.));
#9528 = CARTESIAN_POINT('',(0.,-1.));
#9529 = ( GEOMETRIC_REPRESENTATION_CONTEXT(2) 
PARAMETRIC_REPRESENTATION_CONTEXT() REPRESENTATION_CONTEXT('2D SPACE',''
  ) );
#9530 = ORIENTED_EDGE('',*,*,#9531,.T.);
#9531 = EDGE_CURVE('',#9506,#9532,#9534,.T.);
#9532 = VERTEX_POINT('',#9533);
#9533 = CARTESIAN_POINT('',(1.005305790425E+03,19.801479438926,487.));
#9534 = SURFACE_CURVE('',#9535,(#9539,#9545),.PCURVE_S1.);
#9535 = LINE('',#9536,#9537);
#9536 = CARTESIAN_POINT('',(992.92101004557,21.431966707896,487.));
#9537 = VECTOR('',#9538,1.);
#9538 = DIRECTION('',(0.991444861374,-0.13052619222,0.));
#9539 = PCURVE('',#8821,#9540);
#9540 = DEFINITIONAL_REPRESENTATION('',(#9541),#9544);
#9541 = B_SPLINE_CURVE_WITH_KNOTS('',1,(#9542,#9543),.UNSPECIFIED.,.F.,
  .F.,(2,2),(7.140074279689,12.491648160711),.PIECEWISE_BEZIER_KNOTS.);
#9542 = CARTESIAN_POINT('',(22.5,20.5));
#9543 = CARTESIAN_POINT('',(27.805790424602,19.801479438926));
#9544 = ( GEOMETRIC_REPRESENTATION_CONTEXT(2) 
PARAMETRIC_REPRESENTATION_CONTEXT() REPRESENTATION_CONTEXT('2D SPACE',''
  ) );
#9545 = PCURVE('',#9546,#9551);
#9546 = PLANE('',#9547);
#9547 = AXIS2_PLACEMENT_3D('',#9548,#9549,#9550);
#9548 = CARTESIAN_POINT('',(1.005305790425E+03,19.801479438926,486.));
#9549 = DIRECTION('',(-0.13052619222,-0.991444861374,0.));
#9550 = DIRECTION('',(-0.991444861374,0.13052619222,0.));
#9551 = DEFINITIONAL_REPRESENTATION('',(#9552),#9555);
#9552 = B_SPLINE_CURVE_WITH_KNOTS('',1,(#9553,#9554),.UNSPECIFIED.,.F.,
  .F.,(2,2),(7.140074279689,12.491648160711),.PIECEWISE_BEZIER_KNOTS.);
#9553 = CARTESIAN_POINT('',(5.351573881022,-1.));
#9554 = CARTESIAN_POINT('',(0.,-1.));
#9555 = ( GEOMETRIC_REPRESENTATION_CONTEXT(2) 
PARAMETRIC_REPRESENTATION_CONTEXT() REPRESENTATION_CONTEXT('2D SPACE',''
  ) );
#9556 = ORIENTED_EDGE('',*,*,#9557,.T.);
#9557 = EDGE_CURVE('',#9532,#9558,#9560,.T.);
#9558 = VERTEX_POINT('',#9559);
#9559 = CARTESIAN_POINT('',(1.01025E+03,17.753520777581,487.));
#9560 = SURFACE_CURVE('',#9561,(#9565,#9571),.PCURVE_S1.);
#9561 = LINE('',#9562,#9563);
#9562 = CARTESIAN_POINT('',(999.41147196197,22.242986087092,487.));
#9563 = VECTOR('',#9564,1.);
#9564 = DIRECTION('',(0.923879532511,-0.382683432365,0.));
#9565 = PCURVE('',#8821,#9566);
#9566 = DEFINITIONAL_REPRESENTATION('',(#9567),#9570);
#9567 = B_SPLINE_CURVE_WITH_KNOTS('',1,(#9568,#9569),.UNSPECIFIED.,.F.,
  .F.,(2,2),(6.379964329985,11.731538211008),.PIECEWISE_BEZIER_KNOTS.);
#9568 = CARTESIAN_POINT('',(27.805790424602,19.801479438926));
#9569 = CARTESIAN_POINT('',(32.75,17.753520777581));
#9570 = ( GEOMETRIC_REPRESENTATION_CONTEXT(2) 
PARAMETRIC_REPRESENTATION_CONTEXT() REPRESENTATION_CONTEXT('2D SPACE',''
  ) );
#9571 = PCURVE('',#9572,#9577);
#9572 = PLANE('',#9573);
#9573 = AXIS2_PLACEMENT_3D('',#9574,#9575,#9576);
#9574 = CARTESIAN_POINT('',(1.01025E+03,17.753520777581,486.));
#9575 = DIRECTION('',(-0.382683432365,-0.923879532511,0.));
#9576 = DIRECTION('',(-0.923879532511,0.382683432365,0.));
#9577 = DEFINITIONAL_REPRESENTATION('',(#9578),#9581);
#9578 = B_SPLINE_CURVE_WITH_KNOTS('',1,(#9579,#9580),.UNSPECIFIED.,.F.,
  .F.,(2,2),(6.379964329985,11.731538211008),.PIECEWISE_BEZIER_KNOTS.);
#9579 = CARTESIAN_POINT('',(5.351573881022,-1.));
#9580 = CARTESIAN_POINT('',(0.,-1.));
#9581 = ( GEOMETRIC_REPRESENTATION_CONTEXT(2) 
PARAMETRIC_REPRESENTATION_CONTEXT() REPRESENTATION_CONTEXT('2D SPACE',''
  ) );
#9582 = ORIENTED_EDGE('',*,*,#9583,.T.);
#9583 = EDGE_CURVE('',#9558,#9584,#9586,.T.);
#9584 = VERTEX_POINT('',#9585);
#9585 = CARTESIAN_POINT('',(1.014495689014E+03,14.495689014324,487.));
#9586 = SURFACE_CURVE('',#9587,(#9591,#9597),.PCURVE_S1.);
#9587 = LINE('',#9588,#9589);
#9588 = CARTESIAN_POINT('',(1.006353409632E+03,20.743479728014,487.));
#9589 = VECTOR('',#9590,1.);
#9590 = DIRECTION('',(0.793353340291,-0.608761429009,0.));
#9591 = PCURVE('',#8821,#9592);
#9592 = DEFINITIONAL_REPRESENTATION('',(#9593),#9596);
#9593 = B_SPLINE_CURVE_WITH_KNOTS('',1,(#9594,#9595),.UNSPECIFIED.,.F.,
  .F.,(2,2),(4.91154466751,10.263118548532),.PIECEWISE_BEZIER_KNOTS.);
#9594 = CARTESIAN_POINT('',(32.75,17.753520777581));
#9595 = CARTESIAN_POINT('',(36.995689014324,14.495689014324));
#9596 = ( GEOMETRIC_REPRESENTATION_CONTEXT(2) 
PARAMETRIC_REPRESENTATION_CONTEXT() REPRESENTATION_CONTEXT('2D SPACE',''
  ) );
#9597 = PCURVE('',#9598,#9603);
#9598 = PLANE('',#9599);
#9599 = AXIS2_PLACEMENT_3D('',#9600,#9601,#9602);
#9600 = CARTESIAN_POINT('',(1.014495689014E+03,14.495689014324,486.));
#9601 = DIRECTION('',(-0.608761429009,-0.793353340291,0.));
#9602 = DIRECTION('',(-0.793353340291,0.608761429009,0.));
#9603 = DEFINITIONAL_REPRESENTATION('',(#9604),#9607);
#9604 = B_SPLINE_CURVE_WITH_KNOTS('',1,(#9605,#9606),.UNSPECIFIED.,.F.,
  .F.,(2,2),(4.91154466751,10.263118548532),.PIECEWISE_BEZIER_KNOTS.);
#9605 = CARTESIAN_POINT('',(5.351573881022,-1.));
#9606 = CARTESIAN_POINT('',(0.,-1.));
#9607 = ( GEOMETRIC_REPRESENTATION_CONTEXT(2) 
PARAMETRIC_REPRESENTATION_CONTEXT() REPRESENTATION_CONTEXT('2D SPACE',''
  ) );
#9608 = ORIENTED_EDGE('',*,*,#9609,.T.);
#9609 = EDGE_CURVE('',#9584,#9010,#9610,.T.);
#9610 = SURFACE_CURVE('',#9611,(#9615,#9621),.PCURVE_S1.);
#9611 = LINE('',#9612,#9613);
#9612 = CARTESIAN_POINT('',(1.012769919965E+03,16.744755026457,487.));
#9613 = VECTOR('',#9614,1.);
#9614 = DIRECTION('',(0.608761429009,-0.793353340291,0.));
#9615 = PCURVE('',#8821,#9616);
#9616 = DEFINITIONAL_REPRESENTATION('',(#9617),#9620);
#9617 = B_SPLINE_CURVE_WITH_KNOTS('',1,(#9618,#9619),.UNSPECIFIED.,.F.,
  .F.,(2,2),(2.834885665582,8.186459546604),.PIECEWISE_BEZIER_KNOTS.);
#9618 = CARTESIAN_POINT('',(36.995689014324,14.495689014324));
#9619 = CARTESIAN_POINT('',(40.253520777581,10.25));
#9620 = ( GEOMETRIC_REPRESENTATION_CONTEXT(2) 
PARAMETRIC_REPRESENTATION_CONTEXT() REPRESENTATION_CONTEXT('2D SPACE',''
  ) );
#9621 = PCURVE('',#9622,#9627);
#9622 = PLANE('',#9623);
#9623 = AXIS2_PLACEMENT_3D('',#9624,#9625,#9626);
#9624 = CARTESIAN_POINT('',(1.017753520778E+03,10.25,486.));
#9625 = DIRECTION('',(-0.793353340291,-0.608761429009,0.));
#9626 = DIRECTION('',(-0.608761429009,0.793353340291,0.));
#9627 = DEFINITIONAL_REPRESENTATION('',(#9628),#9631);
#9628 = B_SPLINE_CURVE_WITH_KNOTS('',1,(#9629,#9630),.UNSPECIFIED.,.F.,
  .F.,(2,2),(2.834885665582,8.186459546604),.PIECEWISE_BEZIER_KNOTS.);
#9629 = CARTESIAN_POINT('',(5.351573881022,-1.));
#9630 = CARTESIAN_POINT('',(0.,-1.));
#9631 = ( GEOMETRIC_REPRESENTATION_CONTEXT(2) 
PARAMETRIC_REPRESENTATION_CONTEXT() REPRESENTATION_CONTEXT('2D SPACE',''
  ) );
#9632 = ADVANCED_FACE('',(#9633,#9659),#8767,.T.);
#9633 = FACE_BOUND('',#9634,.T.);
#9634 = EDGE_LOOP('',(#9635,#9636,#9637,#9658));
#9635 = ORIENTED_EDGE('',*,*,#8751,.T.);
#9636 = ORIENTED_EDGE('',*,*,#8913,.T.);
#9637 = ORIENTED_EDGE('',*,*,#9638,.T.);
#9638 = EDGE_CURVE('',#8914,#8839,#9639,.T.);
#9639 = SURFACE_CURVE('',#9640,(#9644,#9651),.PCURVE_S1.);
#9640 = LINE('',#9641,#9642);
#9641 = CARTESIAN_POINT('',(1.03E+03,39.,490.));
#9642 = VECTOR('',#9643,1.);
#9643 = DIRECTION('',(-1.,0.,0.));
#9644 = PCURVE('',#8767,#9645);
#9645 = DEFINITIONAL_REPRESENTATION('',(#9646),#9650);
#9646 = LINE('',#9647,#9648);
#9647 = CARTESIAN_POINT('',(52.5,39.));
#9648 = VECTOR('',#9649,1.);
#9649 = DIRECTION('',(-1.,0.));
#9650 = ( GEOMETRIC_REPRESENTATION_CONTEXT(2) 
PARAMETRIC_REPRESENTATION_CONTEXT() REPRESENTATION_CONTEXT('2D SPACE',''
  ) );
#9651 = PCURVE('',#8854,#9652);
#9652 = DEFINITIONAL_REPRESENTATION('',(#9653),#9657);
#9653 = LINE('',#9654,#9655);
#9654 = CARTESIAN_POINT('',(0.,-3.));
#9655 = VECTOR('',#9656,1.);
#9656 = DIRECTION('',(1.,0.));
#9657 = ( GEOMETRIC_REPRESENTATION_CONTEXT(2) 
PARAMETRIC_REPRESENTATION_CONTEXT() REPRESENTATION_CONTEXT('2D SPACE',''
  ) );
#9658 = ORIENTED_EDGE('',*,*,#8866,.T.);
#9659 = FACE_BOUND('',#9660,.T.);
#9660 = EDGE_LOOP('',(#9661,#9684,#9705,#9726,#9747,#9768,#9789,#9810,
    #9831,#9852,#9873,#9894,#9915,#9936,#9957,#9978,#9999,#10020,#10041,
    #10062,#10083,#10104,#10125,#10146));
#9661 = ORIENTED_EDGE('',*,*,#9662,.T.);
#9662 = EDGE_CURVE('',#9663,#9665,#9667,.T.);
#9663 = VERTEX_POINT('',#9664);
#9664 = CARTESIAN_POINT('',(1.017753520778E+03,10.25,490.));
#9665 = VERTEX_POINT('',#9666);
#9666 = CARTESIAN_POINT('',(1.019801479439E+03,5.305790424602,490.));
#9667 = SURFACE_CURVE('',#9668,(#9672,#9678),.PCURVE_S1.);
#9668 = LINE('',#9669,#9670);
#9669 = CARTESIAN_POINT('',(1.017641965418E+03,10.519318462625,490.));
#9670 = VECTOR('',#9671,1.);
#9671 = DIRECTION('',(0.382683432365,-0.923879532511,0.));
#9672 = PCURVE('',#8767,#9673);
#9673 = DEFINITIONAL_REPRESENTATION('',(#9674),#9677);
#9674 = B_SPLINE_CURVE_WITH_KNOTS('',1,(#9675,#9676),.UNSPECIFIED.,.F.,
  .F.,(2,2),(0.291508203341,5.643082084363),.PIECEWISE_BEZIER_KNOTS.);
#9675 = CARTESIAN_POINT('',(40.253520777581,10.25));
#9676 = CARTESIAN_POINT('',(42.301479438926,5.305790424602));
#9677 = ( GEOMETRIC_REPRESENTATION_CONTEXT(2) 
PARAMETRIC_REPRESENTATION_CONTEXT() REPRESENTATION_CONTEXT('2D SPACE',''
  ) );
#9678 = PCURVE('',#9026,#9679);
#9679 = DEFINITIONAL_REPRESENTATION('',(#9680),#9683);
#9680 = B_SPLINE_CURVE_WITH_KNOTS('',1,(#9681,#9682),.UNSPECIFIED.,.F.,
  .F.,(2,2),(0.291508203341,5.643082084363),.PIECEWISE_BEZIER_KNOTS.);
#9681 = CARTESIAN_POINT('',(5.351573881022,-4.));
#9682 = CARTESIAN_POINT('',(0.,-4.));
#9683 = ( GEOMETRIC_REPRESENTATION_CONTEXT(2) 
PARAMETRIC_REPRESENTATION_CONTEXT() REPRESENTATION_CONTEXT('2D SPACE',''
  ) );
#9684 = ORIENTED_EDGE('',*,*,#9685,.T.);
#9685 = EDGE_CURVE('',#9665,#9686,#9688,.T.);
#9686 = VERTEX_POINT('',#9687);
#9687 = CARTESIAN_POINT('',(1.0205E+03,0.,490.));
#9688 = SURFACE_CURVE('',#9689,(#9693,#9699),.PCURVE_S1.);
#9689 = LINE('',#9690,#9691);
#9690 = CARTESIAN_POINT('',(1.020133702633E+03,2.782304734852,490.));
#9691 = VECTOR('',#9692,1.);
#9692 = DIRECTION('',(0.13052619222,-0.991444861374,0.));
#9693 = PCURVE('',#8767,#9694);
#9694 = DEFINITIONAL_REPRESENTATION('',(#9695),#9698);
#9695 = B_SPLINE_CURVE_WITH_KNOTS('',1,(#9696,#9697),.UNSPECIFIED.,.F.,
  .F.,(2,2),(-2.545260748291,2.806313132731),.PIECEWISE_BEZIER_KNOTS.);
#9696 = CARTESIAN_POINT('',(42.301479438926,5.305790424602));
#9697 = CARTESIAN_POINT('',(43.,-3.552713678801E-15));
#9698 = ( GEOMETRIC_REPRESENTATION_CONTEXT(2) 
PARAMETRIC_REPRESENTATION_CONTEXT() REPRESENTATION_CONTEXT('2D SPACE',''
  ) );
#9699 = PCURVE('',#9052,#9700);
#9700 = DEFINITIONAL_REPRESENTATION('',(#9701),#9704);
#9701 = B_SPLINE_CURVE_WITH_KNOTS('',1,(#9702,#9703),.UNSPECIFIED.,.F.,
  .F.,(2,2),(-2.545260748291,2.806313132731),.PIECEWISE_BEZIER_KNOTS.);
#9702 = CARTESIAN_POINT('',(5.351573881022,-4.));
#9703 = CARTESIAN_POINT('',(0.,-4.));
#9704 = ( GEOMETRIC_REPRESENTATION_CONTEXT(2) 
PARAMETRIC_REPRESENTATION_CONTEXT() REPRESENTATION_CONTEXT('2D SPACE',''
  ) );
#9705 = ORIENTED_EDGE('',*,*,#9706,.T.);
#9706 = EDGE_CURVE('',#9686,#9707,#9709,.T.);
#9707 = VERTEX_POINT('',#9708);
#9708 = CARTESIAN_POINT('',(1.019801479439E+03,-5.305790424602,490.));
#9709 = SURFACE_CURVE('',#9710,(#9714,#9720),.PCURVE_S1.);
#9710 = LINE('',#9711,#9712);
#9711 = CARTESIAN_POINT('',(1.019784442352E+03,-5.435199947153,490.));
#9712 = VECTOR('',#9713,1.);
#9713 = DIRECTION('',(-0.13052619222,-0.991444861374,0.));
#9714 = PCURVE('',#8767,#9715);
#9715 = DEFINITIONAL_REPRESENTATION('',(#9716),#9719);
#9716 = B_SPLINE_CURVE_WITH_KNOTS('',1,(#9717,#9718),.UNSPECIFIED.,.F.,
  .F.,(2,2),(-5.482100073242,-0.13052619222),.PIECEWISE_BEZIER_KNOTS.);
#9717 = CARTESIAN_POINT('',(43.,1.24344978758E-14));
#9718 = CARTESIAN_POINT('',(42.301479438926,-5.305790424602));
#9719 = ( GEOMETRIC_REPRESENTATION_CONTEXT(2) 
PARAMETRIC_REPRESENTATION_CONTEXT() REPRESENTATION_CONTEXT('2D SPACE',''
  ) );
#9720 = PCURVE('',#9078,#9721);
#9721 = DEFINITIONAL_REPRESENTATION('',(#9722),#9725);
#9722 = B_SPLINE_CURVE_WITH_KNOTS('',1,(#9723,#9724),.UNSPECIFIED.,.F.,
  .F.,(2,2),(-5.482100073242,-0.13052619222),.PIECEWISE_BEZIER_KNOTS.);
#9723 = CARTESIAN_POINT('',(5.351573881022,-4.));
#9724 = CARTESIAN_POINT('',(0.,-4.));
#9725 = ( GEOMETRIC_REPRESENTATION_CONTEXT(2) 
PARAMETRIC_REPRESENTATION_CONTEXT() REPRESENTATION_CONTEXT('2D SPACE',''
  ) );
#9726 = ORIENTED_EDGE('',*,*,#9727,.T.);
#9727 = EDGE_CURVE('',#9707,#9728,#9730,.T.);
#9728 = VERTEX_POINT('',#9729);
#9729 = CARTESIAN_POINT('',(1.017753520778E+03,-10.25,490.));
#9730 = SURFACE_CURVE('',#9731,(#9735,#9741),.PCURVE_S1.);
#9731 = LINE('',#9732,#9733);
#9732 = CARTESIAN_POINT('',(1.016617986087E+03,-12.99142325032,490.));
#9733 = VECTOR('',#9734,1.);
#9734 = DIRECTION('',(-0.382683432365,-0.923879532511,0.));
#9735 = PCURVE('',#8767,#9736);
#9736 = DEFINITIONAL_REPRESENTATION('',(#9737),#9740);
#9737 = B_SPLINE_CURVE_WITH_KNOTS('',1,(#9738,#9739),.UNSPECIFIED.,.F.,
  .F.,(2,2),(-8.318869024874,-2.967295143852),.PIECEWISE_BEZIER_KNOTS.);
#9738 = CARTESIAN_POINT('',(42.301479438926,-5.305790424602));
#9739 = CARTESIAN_POINT('',(40.253520777581,-10.25));
#9740 = ( GEOMETRIC_REPRESENTATION_CONTEXT(2) 
PARAMETRIC_REPRESENTATION_CONTEXT() REPRESENTATION_CONTEXT('2D SPACE',''
  ) );
#9741 = PCURVE('',#9104,#9742);
#9742 = DEFINITIONAL_REPRESENTATION('',(#9743),#9746);
#9743 = B_SPLINE_CURVE_WITH_KNOTS('',1,(#9744,#9745),.UNSPECIFIED.,.F.,
  .F.,(2,2),(-8.318869024874,-2.967295143852),.PIECEWISE_BEZIER_KNOTS.);
#9744 = CARTESIAN_POINT('',(5.351573881022,-4.));
#9745 = CARTESIAN_POINT('',(0.,-4.));
#9746 = ( GEOMETRIC_REPRESENTATION_CONTEXT(2) 
PARAMETRIC_REPRESENTATION_CONTEXT() REPRESENTATION_CONTEXT('2D SPACE',''
  ) );
#9747 = ORIENTED_EDGE('',*,*,#9748,.T.);
#9748 = EDGE_CURVE('',#9728,#9749,#9751,.T.);
#9749 = VERTEX_POINT('',#9750);
#9750 = CARTESIAN_POINT('',(1.014495689014E+03,-14.49568901432,490.));
#9751 = SURFACE_CURVE('',#9752,(#9756,#9762),.PCURVE_S1.);
#9752 = LINE('',#9753,#9754);
#9753 = CARTESIAN_POINT('',(1.011141004084E+03,-18.86759953361,490.));
#9754 = VECTOR('',#9755,1.);
#9755 = DIRECTION('',(-0.608761429009,-0.793353340291,0.));
#9756 = PCURVE('',#8767,#9757);
#9757 = DEFINITIONAL_REPRESENTATION('',(#9758),#9761);
#9758 = B_SPLINE_CURVE_WITH_KNOTS('',1,(#9759,#9760),.UNSPECIFIED.,.F.,
  .F.,(2,2),(-10.86224648711,-5.510672606093),.PIECEWISE_BEZIER_KNOTS.);
#9759 = CARTESIAN_POINT('',(40.253520777581,-10.25));
#9760 = CARTESIAN_POINT('',(36.995689014324,-14.49568901432));
#9761 = ( GEOMETRIC_REPRESENTATION_CONTEXT(2) 
PARAMETRIC_REPRESENTATION_CONTEXT() REPRESENTATION_CONTEXT('2D SPACE',''
  ) );
#9762 = PCURVE('',#9130,#9763);
#9763 = DEFINITIONAL_REPRESENTATION('',(#9764),#9767);
#9764 = B_SPLINE_CURVE_WITH_KNOTS('',1,(#9765,#9766),.UNSPECIFIED.,.F.,
  .F.,(2,2),(-10.86224648711,-5.510672606093),.PIECEWISE_BEZIER_KNOTS.);
#9765 = CARTESIAN_POINT('',(5.351573881022,-4.));
#9766 = CARTESIAN_POINT('',(0.,-4.));
#9767 = ( GEOMETRIC_REPRESENTATION_CONTEXT(2) 
PARAMETRIC_REPRESENTATION_CONTEXT() REPRESENTATION_CONTEXT('2D SPACE',''
  ) );
#9768 = ORIENTED_EDGE('',*,*,#9769,.T.);
#9769 = EDGE_CURVE('',#9749,#9770,#9772,.T.);
#9770 = VERTEX_POINT('',#9771);
#9771 = CARTESIAN_POINT('',(1.01025E+03,-17.75352077758,490.));
#9772 = SURFACE_CURVE('',#9773,(#9777,#9783),.PCURVE_S1.);
#9773 = LINE('',#9774,#9775);
#9774 = CARTESIAN_POINT('',(1.004230565125E+03,-22.37239560964,490.));
#9775 = VECTOR('',#9776,1.);
#9776 = DIRECTION('',(-0.793353340291,-0.608761429009,0.));
#9777 = PCURVE('',#8767,#9778);
#9778 = DEFINITIONAL_REPRESENTATION('',(#9779),#9782);
#9779 = B_SPLINE_CURVE_WITH_KNOTS('',1,(#9780,#9781),.UNSPECIFIED.,.F.,
  .F.,(2,2),(-12.93890548904,-7.587331608021),.PIECEWISE_BEZIER_KNOTS.);
#9780 = CARTESIAN_POINT('',(36.995689014324,-14.49568901432));
#9781 = CARTESIAN_POINT('',(32.75,-17.75352077758));
#9782 = ( GEOMETRIC_REPRESENTATION_CONTEXT(2) 
PARAMETRIC_REPRESENTATION_CONTEXT() REPRESENTATION_CONTEXT('2D SPACE',''
  ) );
#9783 = PCURVE('',#9156,#9784);
#9784 = DEFINITIONAL_REPRESENTATION('',(#9785),#9788);
#9785 = B_SPLINE_CURVE_WITH_KNOTS('',1,(#9786,#9787),.UNSPECIFIED.,.F.,
  .F.,(2,2),(-12.93890548904,-7.587331608021),.PIECEWISE_BEZIER_KNOTS.);
#9786 = CARTESIAN_POINT('',(5.351573881022,-4.));
#9787 = CARTESIAN_POINT('',(0.,-4.));
#9788 = ( GEOMETRIC_REPRESENTATION_CONTEXT(2) 
PARAMETRIC_REPRESENTATION_CONTEXT() REPRESENTATION_CONTEXT('2D SPACE',''
  ) );
#9789 = ORIENTED_EDGE('',*,*,#9790,.T.);
#9790 = EDGE_CURVE('',#9770,#9791,#9793,.T.);
#9791 = VERTEX_POINT('',#9792);
#9792 = CARTESIAN_POINT('',(1.005305790425E+03,-19.80147943892,490.));
#9793 = SURFACE_CURVE('',#9794,(#9798,#9804),.PCURVE_S1.);
#9794 = LINE('',#9795,#9796);
#9795 = CARTESIAN_POINT('',(996.93936717427,-23.26696541776,490.));
#9796 = VECTOR('',#9797,1.);
#9797 = DIRECTION('',(-0.923879532511,-0.382683432365,0.));
#9798 = PCURVE('',#8767,#9799);
#9799 = DEFINITIONAL_REPRESENTATION('',(#9800),#9803);
#9800 = B_SPLINE_CURVE_WITH_KNOTS('',1,(#9801,#9802),.UNSPECIFIED.,.F.,
  .F.,(2,2),(-14.40732515151,-9.055751270496),.PIECEWISE_BEZIER_KNOTS.);
#9801 = CARTESIAN_POINT('',(32.75,-17.75352077758));
#9802 = CARTESIAN_POINT('',(27.805790424602,-19.80147943892));
#9803 = ( GEOMETRIC_REPRESENTATION_CONTEXT(2) 
PARAMETRIC_REPRESENTATION_CONTEXT() REPRESENTATION_CONTEXT('2D SPACE',''
  ) );
#9804 = PCURVE('',#9182,#9805);
#9805 = DEFINITIONAL_REPRESENTATION('',(#9806),#9809);
#9806 = B_SPLINE_CURVE_WITH_KNOTS('',1,(#9807,#9808),.UNSPECIFIED.,.F.,
  .F.,(2,2),(-14.40732515151,-9.055751270496),.PIECEWISE_BEZIER_KNOTS.);
#9807 = CARTESIAN_POINT('',(5.351573881022,-4.));
#9808 = CARTESIAN_POINT('',(0.,-4.));
#9809 = ( GEOMETRIC_REPRESENTATION_CONTEXT(2) 
PARAMETRIC_REPRESENTATION_CONTEXT() REPRESENTATION_CONTEXT('2D SPACE',''
  ) );
#9810 = ORIENTED_EDGE('',*,*,#9811,.T.);
#9811 = EDGE_CURVE('',#9791,#9812,#9814,.T.);
#9812 = VERTEX_POINT('',#9813);
#9813 = CARTESIAN_POINT('',(1.E+03,-20.5,490.));
#9814 = SURFACE_CURVE('',#9815,(#9819,#9825),.PCURVE_S1.);
#9815 = LINE('',#9816,#9817);
#9816 = CARTESIAN_POINT('',(990.26811483327,-21.78122698843,490.));
#9817 = VECTOR('',#9818,1.);
#9818 = DIRECTION('',(-0.991444861374,-0.13052619222,0.));
#9819 = PCURVE('',#8767,#9820);
#9820 = DEFINITIONAL_REPRESENTATION('',(#9821),#9824);
#9821 = B_SPLINE_CURVE_WITH_KNOTS('',1,(#9822,#9823),.UNSPECIFIED.,.F.,
  .F.,(2,2),(-15.16743510122,-9.8158612202),.PIECEWISE_BEZIER_KNOTS.);
#9822 = CARTESIAN_POINT('',(27.805790424602,-19.80147943892));
#9823 = CARTESIAN_POINT('',(22.5,-20.5));
#9824 = ( GEOMETRIC_REPRESENTATION_CONTEXT(2) 
PARAMETRIC_REPRESENTATION_CONTEXT() REPRESENTATION_CONTEXT('2D SPACE',''
  ) );
#9825 = PCURVE('',#9208,#9826);
#9826 = DEFINITIONAL_REPRESENTATION('',(#9827),#9830);
#9827 = B_SPLINE_CURVE_WITH_KNOTS('',1,(#9828,#9829),.UNSPECIFIED.,.F.,
  .F.,(2,2),(-15.16743510122,-9.8158612202),.PIECEWISE_BEZIER_KNOTS.);
#9828 = CARTESIAN_POINT('',(5.351573881022,-4.));
#9829 = CARTESIAN_POINT('',(0.,-4.));
#9830 = ( GEOMETRIC_REPRESENTATION_CONTEXT(2) 
PARAMETRIC_REPRESENTATION_CONTEXT() REPRESENTATION_CONTEXT('2D SPACE',''
  ) );
#9831 = ORIENTED_EDGE('',*,*,#9832,.T.);
#9832 = EDGE_CURVE('',#9812,#9833,#9835,.T.);
#9833 = VERTEX_POINT('',#9834);
#9834 = CARTESIAN_POINT('',(994.69420957539,-19.80147943892,490.));
#9835 = SURFACE_CURVE('',#9836,(#9840,#9846),.PCURVE_S1.);
#9836 = LINE('',#9837,#9838);
#9837 = CARTESIAN_POINT('',(984.96232440867,-18.52025245049,490.));
#9838 = VECTOR('',#9839,1.);
#9839 = DIRECTION('',(-0.991444861374,0.13052619222,0.));
#9840 = PCURVE('',#8767,#9841);
#9841 = DEFINITIONAL_REPRESENTATION('',(#9842),#9845);
#9842 = B_SPLINE_CURVE_WITH_KNOTS('',1,(#9843,#9844),.UNSPECIFIED.,.F.,
  .F.,(2,2),(-15.16743510122,-9.8158612202),.PIECEWISE_BEZIER_KNOTS.);
#9843 = CARTESIAN_POINT('',(22.5,-20.5));
#9844 = CARTESIAN_POINT('',(17.194209575398,-19.80147943892));
#9845 = ( GEOMETRIC_REPRESENTATION_CONTEXT(2) 
PARAMETRIC_REPRESENTATION_CONTEXT() REPRESENTATION_CONTEXT('2D SPACE',''
  ) );
#9846 = PCURVE('',#9234,#9847);
#9847 = DEFINITIONAL_REPRESENTATION('',(#9848),#9851);
#9848 = B_SPLINE_CURVE_WITH_KNOTS('',1,(#9849,#9850),.UNSPECIFIED.,.F.,
  .F.,(2,2),(-15.16743510122,-9.8158612202),.PIECEWISE_BEZIER_KNOTS.);
#9849 = CARTESIAN_POINT('',(5.351573881022,-4.));
#9850 = CARTESIAN_POINT('',(0.,-4.));
#9851 = ( GEOMETRIC_REPRESENTATION_CONTEXT(2) 
PARAMETRIC_REPRESENTATION_CONTEXT() REPRESENTATION_CONTEXT('2D SPACE',''
  ) );
#9852 = ORIENTED_EDGE('',*,*,#9853,.T.);
#9853 = EDGE_CURVE('',#9833,#9854,#9856,.T.);
#9854 = VERTEX_POINT('',#9855);
#9855 = CARTESIAN_POINT('',(989.75,-17.75352077758,490.));
#9856 = SURFACE_CURVE('',#9857,(#9861,#9867),.PCURVE_S1.);
#9857 = LINE('',#9858,#9859);
#9858 = CARTESIAN_POINT('',(981.38357674967,-14.28803479874,490.));
#9859 = VECTOR('',#9860,1.);
#9860 = DIRECTION('',(-0.923879532511,0.382683432365,0.));
#9861 = PCURVE('',#8767,#9862);
#9862 = DEFINITIONAL_REPRESENTATION('',(#9863),#9866);
#9863 = B_SPLINE_CURVE_WITH_KNOTS('',1,(#9864,#9865),.UNSPECIFIED.,.F.,
  .F.,(2,2),(-14.40732515151,-9.055751270496),.PIECEWISE_BEZIER_KNOTS.);
#9864 = CARTESIAN_POINT('',(17.194209575398,-19.80147943892));
#9865 = CARTESIAN_POINT('',(12.25,-17.75352077758));
#9866 = ( GEOMETRIC_REPRESENTATION_CONTEXT(2) 
PARAMETRIC_REPRESENTATION_CONTEXT() REPRESENTATION_CONTEXT('2D SPACE',''
  ) );
#9867 = PCURVE('',#9260,#9868);
#9868 = DEFINITIONAL_REPRESENTATION('',(#9869),#9872);
#9869 = B_SPLINE_CURVE_WITH_KNOTS('',1,(#9870,#9871),.UNSPECIFIED.,.F.,
  .F.,(2,2),(-14.40732515151,-9.055751270496),.PIECEWISE_BEZIER_KNOTS.);
#9870 = CARTESIAN_POINT('',(5.351573881022,-4.));
#9871 = CARTESIAN_POINT('',(0.,-4.));
#9872 = ( GEOMETRIC_REPRESENTATION_CONTEXT(2) 
PARAMETRIC_REPRESENTATION_CONTEXT() REPRESENTATION_CONTEXT('2D SPACE',''
  ) );
#9873 = ORIENTED_EDGE('',*,*,#9874,.T.);
#9874 = EDGE_CURVE('',#9854,#9875,#9877,.T.);
#9875 = VERTEX_POINT('',#9876);
#9876 = CARTESIAN_POINT('',(985.50431098567,-14.49568901432,490.));
#9877 = SURFACE_CURVE('',#9878,(#9882,#9888),.PCURVE_S1.);
#9878 = LINE('',#9879,#9880);
#9879 = CARTESIAN_POINT('',(979.48487611055,-9.876814182263,490.));
#9880 = VECTOR('',#9881,1.);
#9881 = DIRECTION('',(-0.793353340291,0.608761429009,0.));
#9882 = PCURVE('',#8767,#9883);
#9883 = DEFINITIONAL_REPRESENTATION('',(#9884),#9887);
#9884 = B_SPLINE_CURVE_WITH_KNOTS('',1,(#9885,#9886),.UNSPECIFIED.,.F.,
  .F.,(2,2),(-12.93890548904,-7.587331608021),.PIECEWISE_BEZIER_KNOTS.);
#9885 = CARTESIAN_POINT('',(12.25,-17.75352077758));
#9886 = CARTESIAN_POINT('',(8.004310985676,-14.49568901432));
#9887 = ( GEOMETRIC_REPRESENTATION_CONTEXT(2) 
PARAMETRIC_REPRESENTATION_CONTEXT() REPRESENTATION_CONTEXT('2D SPACE',''
  ) );
#9888 = PCURVE('',#9286,#9889);
#9889 = DEFINITIONAL_REPRESENTATION('',(#9890),#9893);
#9890 = B_SPLINE_CURVE_WITH_KNOTS('',1,(#9891,#9892),.UNSPECIFIED.,.F.,
  .F.,(2,2),(-12.93890548904,-7.587331608021),.PIECEWISE_BEZIER_KNOTS.);
#9891 = CARTESIAN_POINT('',(5.351573881022,-4.));
#9892 = CARTESIAN_POINT('',(0.,-4.));
#9893 = ( GEOMETRIC_REPRESENTATION_CONTEXT(2) 
PARAMETRIC_REPRESENTATION_CONTEXT() REPRESENTATION_CONTEXT('2D SPACE',''
  ) );
#9894 = ORIENTED_EDGE('',*,*,#9895,.T.);
#9895 = EDGE_CURVE('',#9875,#9896,#9898,.T.);
#9896 = VERTEX_POINT('',#9897);
#9897 = CARTESIAN_POINT('',(982.24647922241,-10.25,490.));
#9898 = SURFACE_CURVE('',#9899,(#9903,#9909),.PCURVE_S1.);
#9899 = LINE('',#9900,#9901);
#9900 = CARTESIAN_POINT('',(978.89179429193,-5.878089480705,490.));
#9901 = VECTOR('',#9902,1.);
#9902 = DIRECTION('',(-0.608761429009,0.793353340291,0.));
#9903 = PCURVE('',#8767,#9904);
#9904 = DEFINITIONAL_REPRESENTATION('',(#9905),#9908);
#9905 = B_SPLINE_CURVE_WITH_KNOTS('',1,(#9906,#9907),.UNSPECIFIED.,.F.,
  .F.,(2,2),(-10.86224648711,-5.510672606093),.PIECEWISE_BEZIER_KNOTS.);
#9906 = CARTESIAN_POINT('',(8.004310985676,-14.49568901432));
#9907 = CARTESIAN_POINT('',(4.746479222419,-10.25));
#9908 = ( GEOMETRIC_REPRESENTATION_CONTEXT(2) 
PARAMETRIC_REPRESENTATION_CONTEXT() REPRESENTATION_CONTEXT('2D SPACE',''
  ) );
#9909 = PCURVE('',#9312,#9910);
#9910 = DEFINITIONAL_REPRESENTATION('',(#9911),#9914);
#9911 = B_SPLINE_CURVE_WITH_KNOTS('',1,(#9912,#9913),.UNSPECIFIED.,.F.,
  .F.,(2,2),(-10.86224648711,-5.510672606093),.PIECEWISE_BEZIER_KNOTS.);
#9912 = CARTESIAN_POINT('',(5.351573881022,-4.));
#9913 = CARTESIAN_POINT('',(0.,-4.));
#9914 = ( GEOMETRIC_REPRESENTATION_CONTEXT(2) 
PARAMETRIC_REPRESENTATION_CONTEXT() REPRESENTATION_CONTEXT('2D SPACE',''
  ) );
#9915 = ORIENTED_EDGE('',*,*,#9916,.T.);
#9916 = EDGE_CURVE('',#9896,#9917,#9919,.T.);
#9917 = VERTEX_POINT('',#9918);
#9918 = CARTESIAN_POINT('',(980.19852056107,-5.305790424602,490.));
#9919 = SURFACE_CURVE('',#9920,(#9924,#9930),.PCURVE_S1.);
#9920 = LINE('',#9921,#9922);
#9921 = CARTESIAN_POINT('',(979.06298587058,-2.564367174277,490.));
#9922 = VECTOR('',#9923,1.);
#9923 = DIRECTION('',(-0.382683432365,0.923879532511,0.));
#9924 = PCURVE('',#8767,#9925);
#9925 = DEFINITIONAL_REPRESENTATION('',(#9926),#9929);
#9926 = B_SPLINE_CURVE_WITH_KNOTS('',1,(#9927,#9928),.UNSPECIFIED.,.F.,
  .F.,(2,2),(-8.318869024874,-2.967295143852),.PIECEWISE_BEZIER_KNOTS.);
#9927 = CARTESIAN_POINT('',(4.746479222419,-10.25));
#9928 = CARTESIAN_POINT('',(2.698520561074,-5.305790424602));
#9929 = ( GEOMETRIC_REPRESENTATION_CONTEXT(2) 
PARAMETRIC_REPRESENTATION_CONTEXT() REPRESENTATION_CONTEXT('2D SPACE',''
  ) );
#9930 = PCURVE('',#9338,#9931);
#9931 = DEFINITIONAL_REPRESENTATION('',(#9932),#9935);
#9932 = B_SPLINE_CURVE_WITH_KNOTS('',1,(#9933,#9934),.UNSPECIFIED.,.F.,
  .F.,(2,2),(-8.318869024874,-2.967295143852),.PIECEWISE_BEZIER_KNOTS.);
#9933 = CARTESIAN_POINT('',(5.351573881022,-4.));
#9934 = CARTESIAN_POINT('',(0.,-4.));
#9935 = ( GEOMETRIC_REPRESENTATION_CONTEXT(2) 
PARAMETRIC_REPRESENTATION_CONTEXT() REPRESENTATION_CONTEXT('2D SPACE',''
  ) );
#9936 = ORIENTED_EDGE('',*,*,#9937,.T.);
#9937 = EDGE_CURVE('',#9917,#9938,#9940,.T.);
#9938 = VERTEX_POINT('',#9939);
#9939 = CARTESIAN_POINT('',(979.5,2.510525938252E-15,490.));
#9940 = SURFACE_CURVE('',#9941,(#9945,#9951),.PCURVE_S1.);
#9941 = LINE('',#9942,#9943);
#9942 = CARTESIAN_POINT('',(979.48296291314,0.129409522551,490.));
#9943 = VECTOR('',#9944,1.);
#9944 = DIRECTION('',(-0.13052619222,0.991444861374,0.));
#9945 = PCURVE('',#8767,#9946);
#9946 = DEFINITIONAL_REPRESENTATION('',(#9947),#9950);
#9947 = B_SPLINE_CURVE_WITH_KNOTS('',1,(#9948,#9949),.UNSPECIFIED.,.F.,
  .F.,(2,2),(-5.482100073242,-0.13052619222),.PIECEWISE_BEZIER_KNOTS.);
#9948 = CARTESIAN_POINT('',(2.698520561074,-5.305790424602));
#9949 = CARTESIAN_POINT('',(2.,4.496403249732E-15));
#9950 = ( GEOMETRIC_REPRESENTATION_CONTEXT(2) 
PARAMETRIC_REPRESENTATION_CONTEXT() REPRESENTATION_CONTEXT('2D SPACE',''
  ) );
#9951 = PCURVE('',#9364,#9952);
#9952 = DEFINITIONAL_REPRESENTATION('',(#9953),#9956);
#9953 = B_SPLINE_CURVE_WITH_KNOTS('',1,(#9954,#9955),.UNSPECIFIED.,.F.,
  .F.,(2,2),(-5.482100073242,-0.13052619222),.PIECEWISE_BEZIER_KNOTS.);
#9954 = CARTESIAN_POINT('',(5.351573881022,-4.));
#9955 = CARTESIAN_POINT('',(0.,-4.));
#9956 = ( GEOMETRIC_REPRESENTATION_CONTEXT(2) 
PARAMETRIC_REPRESENTATION_CONTEXT() REPRESENTATION_CONTEXT('2D SPACE',''
  ) );
#9957 = ORIENTED_EDGE('',*,*,#9958,.T.);
#9958 = EDGE_CURVE('',#9938,#9959,#9961,.T.);
#9959 = VERTEX_POINT('',#9960);
#9960 = CARTESIAN_POINT('',(980.19852056107,5.305790424602,490.));
#9961 = SURFACE_CURVE('',#9962,(#9966,#9972),.PCURVE_S1.);
#9962 = LINE('',#9963,#9964);
#9963 = CARTESIAN_POINT('',(979.83222319368,2.52348568975,490.));
#9964 = VECTOR('',#9965,1.);
#9965 = DIRECTION('',(0.13052619222,0.991444861374,-0.));
#9966 = PCURVE('',#8767,#9967);
#9967 = DEFINITIONAL_REPRESENTATION('',(#9968),#9971);
#9968 = B_SPLINE_CURVE_WITH_KNOTS('',1,(#9969,#9970),.UNSPECIFIED.,.F.,
  .F.,(2,2),(-2.545260748291,2.806313132731),.PIECEWISE_BEZIER_KNOTS.);
#9969 = CARTESIAN_POINT('',(2.,8.437694987151E-15));
#9970 = CARTESIAN_POINT('',(2.698520561074,5.305790424602));
#9971 = ( GEOMETRIC_REPRESENTATION_CONTEXT(2) 
PARAMETRIC_REPRESENTATION_CONTEXT() REPRESENTATION_CONTEXT('2D SPACE',''
  ) );
#9972 = PCURVE('',#9390,#9973);
#9973 = DEFINITIONAL_REPRESENTATION('',(#9974),#9977);
#9974 = B_SPLINE_CURVE_WITH_KNOTS('',1,(#9975,#9976),.UNSPECIFIED.,.F.,
  .F.,(2,2),(-2.545260748291,2.806313132731),.PIECEWISE_BEZIER_KNOTS.);
#9975 = CARTESIAN_POINT('',(5.351573881022,-4.));
#9976 = CARTESIAN_POINT('',(0.,-4.));
#9977 = ( GEOMETRIC_REPRESENTATION_CONTEXT(2) 
PARAMETRIC_REPRESENTATION_CONTEXT() REPRESENTATION_CONTEXT('2D SPACE',''
  ) );
#9978 = ORIENTED_EDGE('',*,*,#9979,.T.);
#9979 = EDGE_CURVE('',#9959,#9980,#9982,.T.);
#9980 = VERTEX_POINT('',#9981);
#9981 = CARTESIAN_POINT('',(982.24647922241,10.25,490.));
#9982 = SURFACE_CURVE('',#9983,(#9987,#9993),.PCURVE_S1.);
#9983 = LINE('',#9984,#9985);
#9984 = CARTESIAN_POINT('',(980.08696520125,5.036471961976,490.));
#9985 = VECTOR('',#9986,1.);
#9986 = DIRECTION('',(0.382683432365,0.923879532511,-0.));
#9987 = PCURVE('',#8767,#9988);
#9988 = DEFINITIONAL_REPRESENTATION('',(#9989),#9992);
#9989 = B_SPLINE_CURVE_WITH_KNOTS('',1,(#9990,#9991),.UNSPECIFIED.,.F.,
  .F.,(2,2),(0.291508203341,5.643082084363),.PIECEWISE_BEZIER_KNOTS.);
#9990 = CARTESIAN_POINT('',(2.698520561074,5.305790424602));
#9991 = CARTESIAN_POINT('',(4.746479222419,10.25));
#9992 = ( GEOMETRIC_REPRESENTATION_CONTEXT(2) 
PARAMETRIC_REPRESENTATION_CONTEXT() REPRESENTATION_CONTEXT('2D SPACE',''
  ) );
#9993 = PCURVE('',#9416,#9994);
#9994 = DEFINITIONAL_REPRESENTATION('',(#9995),#9998);
#9995 = B_SPLINE_CURVE_WITH_KNOTS('',1,(#9996,#9997),.UNSPECIFIED.,.F.,
  .F.,(2,2),(0.291508203341,5.643082084363),.PIECEWISE_BEZIER_KNOTS.);
#9996 = CARTESIAN_POINT('',(5.351573881022,-4.));
#9997 = CARTESIAN_POINT('',(0.,-4.));
#9998 = ( GEOMETRIC_REPRESENTATION_CONTEXT(2) 
PARAMETRIC_REPRESENTATION_CONTEXT() REPRESENTATION_CONTEXT('2D SPACE',''
  ) );
#9999 = ORIENTED_EDGE('',*,*,#10000,.T.);
#10000 = EDGE_CURVE('',#9980,#10001,#10003,.T.);
#10001 = VERTEX_POINT('',#10002);
#10002 = CARTESIAN_POINT('',(985.50431098567,14.495689014324,490.));
#10003 = SURFACE_CURVE('',#10004,(#10008,#10014),.PCURVE_S1.);
#10004 = LINE('',#10005,#10006);
#10005 = CARTESIAN_POINT('',(980.52071017356,8.000933987867,490.));
#10006 = VECTOR('',#10007,1.);
#10007 = DIRECTION('',(0.608761429009,0.793353340291,-0.));
#10008 = PCURVE('',#8767,#10009);
#10009 = DEFINITIONAL_REPRESENTATION('',(#10010),#10013);
#10010 = B_SPLINE_CURVE_WITH_KNOTS('',1,(#10011,#10012),.UNSPECIFIED.,
  .F.,.F.,(2,2),(2.834885665581,8.186459546604),
  .PIECEWISE_BEZIER_KNOTS.);
#10011 = CARTESIAN_POINT('',(4.746479222419,10.25));
#10012 = CARTESIAN_POINT('',(8.004310985676,14.495689014324));
#10013 = ( GEOMETRIC_REPRESENTATION_CONTEXT(2) 
PARAMETRIC_REPRESENTATION_CONTEXT() REPRESENTATION_CONTEXT('2D SPACE',''
  ) );
#10014 = PCURVE('',#9442,#10015);
#10015 = DEFINITIONAL_REPRESENTATION('',(#10016),#10019);
#10016 = B_SPLINE_CURVE_WITH_KNOTS('',1,(#10017,#10018),.UNSPECIFIED.,
  .F.,.F.,(2,2),(2.834885665581,8.186459546604),
  .PIECEWISE_BEZIER_KNOTS.);
#10017 = CARTESIAN_POINT('',(5.351573881022,-4.));
#10018 = CARTESIAN_POINT('',(0.,-4.));
#10019 = ( GEOMETRIC_REPRESENTATION_CONTEXT(2) 
PARAMETRIC_REPRESENTATION_CONTEXT() REPRESENTATION_CONTEXT('2D SPACE',''
  ) );
#10020 = ORIENTED_EDGE('',*,*,#10021,.T.);
#10021 = EDGE_CURVE('',#10001,#10022,#10024,.T.);
#10022 = VERTEX_POINT('',#10023);
#10023 = CARTESIAN_POINT('',(989.75,17.753520777581,490.));
#10024 = SURFACE_CURVE('',#10025,(#10029,#10035),.PCURVE_S1.);
#10025 = LINE('',#10026,#10027);
#10026 = CARTESIAN_POINT('',(981.60772061771,11.505730063891,490.));
#10027 = VECTOR('',#10028,1.);
#10028 = DIRECTION('',(0.793353340291,0.608761429009,-0.));
#10029 = PCURVE('',#8767,#10030);
#10030 = DEFINITIONAL_REPRESENTATION('',(#10031),#10034);
#10031 = B_SPLINE_CURVE_WITH_KNOTS('',1,(#10032,#10033),.UNSPECIFIED.,
  .F.,.F.,(2,2),(4.91154466751,10.263118548532),
  .PIECEWISE_BEZIER_KNOTS.);
#10032 = CARTESIAN_POINT('',(8.004310985676,14.495689014324));
#10033 = CARTESIAN_POINT('',(12.25,17.753520777581));
#10034 = ( GEOMETRIC_REPRESENTATION_CONTEXT(2) 
PARAMETRIC_REPRESENTATION_CONTEXT() REPRESENTATION_CONTEXT('2D SPACE',''
  ) );
#10035 = PCURVE('',#9468,#10036);
#10036 = DEFINITIONAL_REPRESENTATION('',(#10037),#10040);
#10037 = B_SPLINE_CURVE_WITH_KNOTS('',1,(#10038,#10039),.UNSPECIFIED.,
  .F.,.F.,(2,2),(4.91154466751,10.263118548532),
  .PIECEWISE_BEZIER_KNOTS.);
#10038 = CARTESIAN_POINT('',(5.351573881022,-4.));
#10039 = CARTESIAN_POINT('',(0.,-4.));
#10040 = ( GEOMETRIC_REPRESENTATION_CONTEXT(2) 
PARAMETRIC_REPRESENTATION_CONTEXT() REPRESENTATION_CONTEXT('2D SPACE',''
  ) );
#10041 = ORIENTED_EDGE('',*,*,#10042,.T.);
#10042 = EDGE_CURVE('',#10022,#10043,#10045,.T.);
#10043 = VERTEX_POINT('',#10044);
#10044 = CARTESIAN_POINT('',(994.69420957539,19.801479438926,490.));
#10045 = SURFACE_CURVE('',#10046,(#10050,#10056),.PCURVE_S1.);
#10046 = LINE('',#10047,#10048);
#10047 = CARTESIAN_POINT('',(983.85568153737,15.312014129415,490.));
#10048 = VECTOR('',#10049,1.);
#10049 = DIRECTION('',(0.923879532511,0.382683432365,-0.));
#10050 = PCURVE('',#8767,#10051);
#10051 = DEFINITIONAL_REPRESENTATION('',(#10052),#10055);
#10052 = B_SPLINE_CURVE_WITH_KNOTS('',1,(#10053,#10054),.UNSPECIFIED.,
  .F.,.F.,(2,2),(6.379964329985,11.731538211008),
  .PIECEWISE_BEZIER_KNOTS.);
#10053 = CARTESIAN_POINT('',(12.25,17.753520777581));
#10054 = CARTESIAN_POINT('',(17.194209575398,19.801479438926));
#10055 = ( GEOMETRIC_REPRESENTATION_CONTEXT(2) 
PARAMETRIC_REPRESENTATION_CONTEXT() REPRESENTATION_CONTEXT('2D SPACE',''
  ) );
#10056 = PCURVE('',#9494,#10057);
#10057 = DEFINITIONAL_REPRESENTATION('',(#10058),#10061);
#10058 = B_SPLINE_CURVE_WITH_KNOTS('',1,(#10059,#10060),.UNSPECIFIED.,
  .F.,.F.,(2,2),(6.379964329985,11.731538211008),
  .PIECEWISE_BEZIER_KNOTS.);
#10059 = CARTESIAN_POINT('',(5.351573881022,-4.));
#10060 = CARTESIAN_POINT('',(0.,-4.));
#10061 = ( GEOMETRIC_REPRESENTATION_CONTEXT(2) 
PARAMETRIC_REPRESENTATION_CONTEXT() REPRESENTATION_CONTEXT('2D SPACE',''
  ) );
#10062 = ORIENTED_EDGE('',*,*,#10063,.T.);
#10063 = EDGE_CURVE('',#10043,#10064,#10066,.T.);
#10064 = VERTEX_POINT('',#10065);
#10065 = CARTESIAN_POINT('',(1.E+03,20.5,490.));
#10066 = SURFACE_CURVE('',#10067,(#10071,#10077),.PCURVE_S1.);
#10067 = LINE('',#10068,#10069);
#10068 = CARTESIAN_POINT('',(987.61521962097,18.86951273103,490.));
#10069 = VECTOR('',#10070,1.);
#10070 = DIRECTION('',(0.991444861374,0.13052619222,-0.));
#10071 = PCURVE('',#8767,#10072);
#10072 = DEFINITIONAL_REPRESENTATION('',(#10073),#10076);
#10073 = B_SPLINE_CURVE_WITH_KNOTS('',1,(#10074,#10075),.UNSPECIFIED.,
  .F.,.F.,(2,2),(7.140074279689,12.491648160711),
  .PIECEWISE_BEZIER_KNOTS.);
#10074 = CARTESIAN_POINT('',(17.194209575398,19.801479438926));
#10075 = CARTESIAN_POINT('',(22.5,20.5));
#10076 = ( GEOMETRIC_REPRESENTATION_CONTEXT(2) 
PARAMETRIC_REPRESENTATION_CONTEXT() REPRESENTATION_CONTEXT('2D SPACE',''
  ) );
#10077 = PCURVE('',#9520,#10078);
#10078 = DEFINITIONAL_REPRESENTATION('',(#10079),#10082);
#10079 = B_SPLINE_CURVE_WITH_KNOTS('',1,(#10080,#10081),.UNSPECIFIED.,
  .F.,.F.,(2,2),(7.140074279689,12.491648160711),
  .PIECEWISE_BEZIER_KNOTS.);
#10080 = CARTESIAN_POINT('',(5.351573881022,-4.));
#10081 = CARTESIAN_POINT('',(0.,-4.));
#10082 = ( GEOMETRIC_REPRESENTATION_CONTEXT(2) 
PARAMETRIC_REPRESENTATION_CONTEXT() REPRESENTATION_CONTEXT('2D SPACE',''
  ) );
#10083 = ORIENTED_EDGE('',*,*,#10084,.T.);
#10084 = EDGE_CURVE('',#10064,#10085,#10087,.T.);
#10085 = VERTEX_POINT('',#10086);
#10086 = CARTESIAN_POINT('',(1.005305790425E+03,19.801479438926,490.));
#10087 = SURFACE_CURVE('',#10088,(#10092,#10098),.PCURVE_S1.);
#10088 = LINE('',#10089,#10090);
#10089 = CARTESIAN_POINT('',(992.92101004557,21.431966707896,490.));
#10090 = VECTOR('',#10091,1.);
#10091 = DIRECTION('',(0.991444861374,-0.13052619222,0.));
#10092 = PCURVE('',#8767,#10093);
#10093 = DEFINITIONAL_REPRESENTATION('',(#10094),#10097);
#10094 = B_SPLINE_CURVE_WITH_KNOTS('',1,(#10095,#10096),.UNSPECIFIED.,
  .F.,.F.,(2,2),(7.140074279689,12.491648160711),
  .PIECEWISE_BEZIER_KNOTS.);
#10095 = CARTESIAN_POINT('',(22.5,20.5));
#10096 = CARTESIAN_POINT('',(27.805790424602,19.801479438926));
#10097 = ( GEOMETRIC_REPRESENTATION_CONTEXT(2) 
PARAMETRIC_REPRESENTATION_CONTEXT() REPRESENTATION_CONTEXT('2D SPACE',''
  ) );
#10098 = PCURVE('',#9546,#10099);
#10099 = DEFINITIONAL_REPRESENTATION('',(#10100),#10103);
#10100 = B_SPLINE_CURVE_WITH_KNOTS('',1,(#10101,#10102),.UNSPECIFIED.,
  .F.,.F.,(2,2),(7.140074279689,12.491648160711),
  .PIECEWISE_BEZIER_KNOTS.);
#10101 = CARTESIAN_POINT('',(5.351573881022,-4.));
#10102 = CARTESIAN_POINT('',(0.,-4.));
#10103 = ( GEOMETRIC_REPRESENTATION_CONTEXT(2) 
PARAMETRIC_REPRESENTATION_CONTEXT() REPRESENTATION_CONTEXT('2D SPACE',''
  ) );
#10104 = ORIENTED_EDGE('',*,*,#10105,.T.);
#10105 = EDGE_CURVE('',#10085,#10106,#10108,.T.);
#10106 = VERTEX_POINT('',#10107);
#10107 = CARTESIAN_POINT('',(1.01025E+03,17.753520777581,490.));
#10108 = SURFACE_CURVE('',#10109,(#10113,#10119),.PCURVE_S1.);
#10109 = LINE('',#10110,#10111);
#10110 = CARTESIAN_POINT('',(999.41147196197,22.242986087092,490.));
#10111 = VECTOR('',#10112,1.);
#10112 = DIRECTION('',(0.923879532511,-0.382683432365,0.));
#10113 = PCURVE('',#8767,#10114);
#10114 = DEFINITIONAL_REPRESENTATION('',(#10115),#10118);
#10115 = B_SPLINE_CURVE_WITH_KNOTS('',1,(#10116,#10117),.UNSPECIFIED.,
  .F.,.F.,(2,2),(6.379964329985,11.731538211008),
  .PIECEWISE_BEZIER_KNOTS.);
#10116 = CARTESIAN_POINT('',(27.805790424602,19.801479438926));
#10117 = CARTESIAN_POINT('',(32.75,17.753520777581));
#10118 = ( GEOMETRIC_REPRESENTATION_CONTEXT(2) 
PARAMETRIC_REPRESENTATION_CONTEXT() REPRESENTATION_CONTEXT('2D SPACE',''
  ) );
#10119 = PCURVE('',#9572,#10120);
#10120 = DEFINITIONAL_REPRESENTATION('',(#10121),#10124);
#10121 = B_SPLINE_CURVE_WITH_KNOTS('',1,(#10122,#10123),.UNSPECIFIED.,
  .F.,.F.,(2,2),(6.379964329985,11.731538211008),
  .PIECEWISE_BEZIER_KNOTS.);
#10122 = CARTESIAN_POINT('',(5.351573881022,-4.));
#10123 = CARTESIAN_POINT('',(0.,-4.));
#10124 = ( GEOMETRIC_REPRESENTATION_CONTEXT(2) 
PARAMETRIC_REPRESENTATION_CONTEXT() REPRESENTATION_CONTEXT('2D SPACE',''
  ) );
#10125 = ORIENTED_EDGE('',*,*,#10126,.T.);
#10126 = EDGE_CURVE('',#10106,#10127,#10129,.T.);
#10127 = VERTEX_POINT('',#10128);
#10128 = CARTESIAN_POINT('',(1.014495689014E+03,14.495689014324,490.));
#10129 = SURFACE_CURVE('',#10130,(#10134,#10140),.PCURVE_S1.);
#10130 = LINE('',#10131,#10132);
#10131 = CARTESIAN_POINT('',(1.006353409632E+03,20.743479728014,490.));
#10132 = VECTOR('',#10133,1.);
#10133 = DIRECTION('',(0.793353340291,-0.608761429009,0.));
#10134 = PCURVE('',#8767,#10135);
#10135 = DEFINITIONAL_REPRESENTATION('',(#10136),#10139);
#10136 = B_SPLINE_CURVE_WITH_KNOTS('',1,(#10137,#10138),.UNSPECIFIED.,
  .F.,.F.,(2,2),(4.91154466751,10.263118548532),
  .PIECEWISE_BEZIER_KNOTS.);
#10137 = CARTESIAN_POINT('',(32.75,17.753520777581));
#10138 = CARTESIAN_POINT('',(36.995689014324,14.495689014324));
#10139 = ( GEOMETRIC_REPRESENTATION_CONTEXT(2) 
PARAMETRIC_REPRESENTATION_CONTEXT() REPRESENTATION_CONTEXT('2D SPACE',''
  ) );
#10140 = PCURVE('',#9598,#10141);
#10141 = DEFINITIONAL_REPRESENTATION('',(#10142),#10145);
#10142 = B_SPLINE_CURVE_WITH_KNOTS('',1,(#10143,#10144),.UNSPECIFIED.,
  .F.,.F.,(2,2),(4.91154466751,10.263118548532),
  .PIECEWISE_BEZIER_KNOTS.);
#10143 = CARTESIAN_POINT('',(5.351573881022,-4.));
#10144 = CARTESIAN_POINT('',(0.,-4.));
#10145 = ( GEOMETRIC_REPRESENTATION_CONTEXT(2) 
PARAMETRIC_REPRESENTATION_CONTEXT() REPRESENTATION_CONTEXT('2D SPACE',''
  ) );
#10146 = ORIENTED_EDGE('',*,*,#10147,.T.);
#10147 = EDGE_CURVE('',#10127,#9663,#10148,.T.);
#10148 = SURFACE_CURVE('',#10149,(#10153,#10159),.PCURVE_S1.);
#10149 = LINE('',#10150,#10151);
#10150 = CARTESIAN_POINT('',(1.012769919965E+03,16.744755026457,490.));
#10151 = VECTOR('',#10152,1.);
#10152 = DIRECTION('',(0.608761429009,-0.793353340291,0.));
#10153 = PCURVE('',#8767,#10154);
#10154 = DEFINITIONAL_REPRESENTATION('',(#10155),#10158);
#10155 = B_SPLINE_CURVE_WITH_KNOTS('',1,(#10156,#10157),.UNSPECIFIED.,
  .F.,.F.,(2,2),(2.834885665582,8.186459546604),
  .PIECEWISE_BEZIER_KNOTS.);
#10156 = CARTESIAN_POINT('',(36.995689014324,14.495689014324));
#10157 = CARTESIAN_POINT('',(40.253520777581,10.25));
#10158 = ( GEOMETRIC_REPRESENTATION_CONTEXT(2) 
PARAMETRIC_REPRESENTATION_CONTEXT() REPRESENTATION_CONTEXT('2D SPACE',''
  ) );
#10159 = PCURVE('',#9622,#10160);
#10160 = DEFINITIONAL_REPRESENTATION('',(#10161),#10164);
#10161 = B_SPLINE_CURVE_WITH_KNOTS('',1,(#10162,#10163),.UNSPECIFIED.,
  .F.,.F.,(2,2),(2.834885665582,8.186459546604),
  .PIECEWISE_BEZIER_KNOTS.);
#10162 = CARTESIAN_POINT('',(5.351573881022,-4.));
#10163 = CARTESIAN_POINT('',(0.,-4.));
#10164 = ( GEOMETRIC_REPRESENTATION_CONTEXT(2) 
PARAMETRIC_REPRESENTATION_CONTEXT() REPRESENTATION_CONTEXT('2D SPACE',''
  ) );
#10165 = ADVANCED_FACE('',(#10166),#8854,.F.);
#10166 = FACE_BOUND('',#10167,.F.);
#10167 = EDGE_LOOP('',(#10168,#10169,#10170,#10171));
#10168 = ORIENTED_EDGE('',*,*,#8936,.T.);
#10169 = ORIENTED_EDGE('',*,*,#9638,.T.);
#10170 = ORIENTED_EDGE('',*,*,#8836,.F.);
#10171 = ORIENTED_EDGE('',*,*,#8985,.F.);
#10172 = ADVANCED_FACE('',(#10173),#9026,.T.);
#10173 = FACE_BOUND('',#10174,.T.);
#10174 = EDGE_LOOP('',(#10175,#10176,#10197,#10198));
#10175 = ORIENTED_EDGE('',*,*,#9009,.T.);
#10176 = ORIENTED_EDGE('',*,*,#10177,.T.);
#10177 = EDGE_CURVE('',#9012,#9665,#10178,.T.);
#10178 = SURFACE_CURVE('',#10179,(#10183,#10190),.PCURVE_S1.);
#10179 = LINE('',#10180,#10181);
#10180 = CARTESIAN_POINT('',(1.019801479439E+03,5.305790424602,486.));
#10181 = VECTOR('',#10182,1.);
#10182 = DIRECTION('',(0.,0.,1.));
#10183 = PCURVE('',#9026,#10184);
#10184 = DEFINITIONAL_REPRESENTATION('',(#10185),#10189);
#10185 = LINE('',#10186,#10187);
#10186 = CARTESIAN_POINT('',(0.,0.));
#10187 = VECTOR('',#10188,1.);
#10188 = DIRECTION('',(0.,-1.));
#10189 = ( GEOMETRIC_REPRESENTATION_CONTEXT(2) 
PARAMETRIC_REPRESENTATION_CONTEXT() REPRESENTATION_CONTEXT('2D SPACE',''
  ) );
#10190 = PCURVE('',#9052,#10191);
#10191 = DEFINITIONAL_REPRESENTATION('',(#10192),#10196);
#10192 = LINE('',#10193,#10194);
#10193 = CARTESIAN_POINT('',(5.351573881022,0.));
#10194 = VECTOR('',#10195,1.);
#10195 = DIRECTION('',(0.,-1.));
#10196 = ( GEOMETRIC_REPRESENTATION_CONTEXT(2) 
PARAMETRIC_REPRESENTATION_CONTEXT() REPRESENTATION_CONTEXT('2D SPACE',''
  ) );
#10197 = ORIENTED_EDGE('',*,*,#9662,.F.);
#10198 = ORIENTED_EDGE('',*,*,#10199,.F.);
#10199 = EDGE_CURVE('',#9010,#9663,#10200,.T.);
#10200 = SURFACE_CURVE('',#10201,(#10205,#10212),.PCURVE_S1.);
#10201 = LINE('',#10202,#10203);
#10202 = CARTESIAN_POINT('',(1.017753520778E+03,10.25,486.));
#10203 = VECTOR('',#10204,1.);
#10204 = DIRECTION('',(0.,0.,1.));
#10205 = PCURVE('',#9026,#10206);
#10206 = DEFINITIONAL_REPRESENTATION('',(#10207),#10211);
#10207 = LINE('',#10208,#10209);
#10208 = CARTESIAN_POINT('',(5.351573881022,0.));
#10209 = VECTOR('',#10210,1.);
#10210 = DIRECTION('',(0.,-1.));
#10211 = ( GEOMETRIC_REPRESENTATION_CONTEXT(2) 
PARAMETRIC_REPRESENTATION_CONTEXT() REPRESENTATION_CONTEXT('2D SPACE',''
  ) );
#10212 = PCURVE('',#9622,#10213);
#10213 = DEFINITIONAL_REPRESENTATION('',(#10214),#10218);
#10214 = LINE('',#10215,#10216);
#10215 = CARTESIAN_POINT('',(0.,0.));
#10216 = VECTOR('',#10217,1.);
#10217 = DIRECTION('',(0.,-1.));
#10218 = ( GEOMETRIC_REPRESENTATION_CONTEXT(2) 
PARAMETRIC_REPRESENTATION_CONTEXT() REPRESENTATION_CONTEXT('2D SPACE',''
  ) );
#10219 = ADVANCED_FACE('',(#10220),#9622,.T.);
#10220 = FACE_BOUND('',#10221,.T.);
#10221 = EDGE_LOOP('',(#10222,#10223,#10224,#10225));
#10222 = ORIENTED_EDGE('',*,*,#9609,.T.);
#10223 = ORIENTED_EDGE('',*,*,#10199,.T.);
#10224 = ORIENTED_EDGE('',*,*,#10147,.F.);
#10225 = ORIENTED_EDGE('',*,*,#10226,.F.);
#10226 = EDGE_CURVE('',#9584,#10127,#10227,.T.);
#10227 = SURFACE_CURVE('',#10228,(#10232,#10239),.PCURVE_S1.);
#10228 = LINE('',#10229,#10230);
#10229 = CARTESIAN_POINT('',(1.014495689014E+03,14.495689014324,486.));
#10230 = VECTOR('',#10231,1.);
#10231 = DIRECTION('',(0.,0.,1.));
#10232 = PCURVE('',#9622,#10233);
#10233 = DEFINITIONAL_REPRESENTATION('',(#10234),#10238);
#10234 = LINE('',#10235,#10236);
#10235 = CARTESIAN_POINT('',(5.351573881022,0.));
#10236 = VECTOR('',#10237,1.);
#10237 = DIRECTION('',(0.,-1.));
#10238 = ( GEOMETRIC_REPRESENTATION_CONTEXT(2) 
PARAMETRIC_REPRESENTATION_CONTEXT() REPRESENTATION_CONTEXT('2D SPACE',''
  ) );
#10239 = PCURVE('',#9598,#10240);
#10240 = DEFINITIONAL_REPRESENTATION('',(#10241),#10245);
#10241 = LINE('',#10242,#10243);
#10242 = CARTESIAN_POINT('',(0.,0.));
#10243 = VECTOR('',#10244,1.);
#10244 = DIRECTION('',(0.,-1.));
#10245 = ( GEOMETRIC_REPRESENTATION_CONTEXT(2) 
PARAMETRIC_REPRESENTATION_CONTEXT() REPRESENTATION_CONTEXT('2D SPACE',''
  ) );
#10246 = ADVANCED_FACE('',(#10247),#9598,.T.);
#10247 = FACE_BOUND('',#10248,.T.);
#10248 = EDGE_LOOP('',(#10249,#10250,#10251,#10252));
#10249 = ORIENTED_EDGE('',*,*,#9583,.T.);
#10250 = ORIENTED_EDGE('',*,*,#10226,.T.);
#10251 = ORIENTED_EDGE('',*,*,#10126,.F.);
#10252 = ORIENTED_EDGE('',*,*,#10253,.F.);
#10253 = EDGE_CURVE('',#9558,#10106,#10254,.T.);
#10254 = SURFACE_CURVE('',#10255,(#10259,#10266),.PCURVE_S1.);
#10255 = LINE('',#10256,#10257);
#10256 = CARTESIAN_POINT('',(1.01025E+03,17.753520777581,486.));
#10257 = VECTOR('',#10258,1.);
#10258 = DIRECTION('',(0.,0.,1.));
#10259 = PCURVE('',#9598,#10260);
#10260 = DEFINITIONAL_REPRESENTATION('',(#10261),#10265);
#10261 = LINE('',#10262,#10263);
#10262 = CARTESIAN_POINT('',(5.351573881022,0.));
#10263 = VECTOR('',#10264,1.);
#10264 = DIRECTION('',(0.,-1.));
#10265 = ( GEOMETRIC_REPRESENTATION_CONTEXT(2) 
PARAMETRIC_REPRESENTATION_CONTEXT() REPRESENTATION_CONTEXT('2D SPACE',''
  ) );
#10266 = PCURVE('',#9572,#10267);
#10267 = DEFINITIONAL_REPRESENTATION('',(#10268),#10272);
#10268 = LINE('',#10269,#10270);
#10269 = CARTESIAN_POINT('',(0.,0.));
#10270 = VECTOR('',#10271,1.);
#10271 = DIRECTION('',(0.,-1.));
#10272 = ( GEOMETRIC_REPRESENTATION_CONTEXT(2) 
PARAMETRIC_REPRESENTATION_CONTEXT() REPRESENTATION_CONTEXT('2D SPACE',''
  ) );
#10273 = ADVANCED_FACE('',(#10274),#9572,.T.);
#10274 = FACE_BOUND('',#10275,.T.);
#10275 = EDGE_LOOP('',(#10276,#10277,#10278,#10279));
#10276 = ORIENTED_EDGE('',*,*,#9557,.T.);
#10277 = ORIENTED_EDGE('',*,*,#10253,.T.);
#10278 = ORIENTED_EDGE('',*,*,#10105,.F.);
#10279 = ORIENTED_EDGE('',*,*,#10280,.F.);
#10280 = EDGE_CURVE('',#9532,#10085,#10281,.T.);
#10281 = SURFACE_CURVE('',#10282,(#10286,#10293),.PCURVE_S1.);
#10282 = LINE('',#10283,#10284);
#10283 = CARTESIAN_POINT('',(1.005305790425E+03,19.801479438926,486.));
#10284 = VECTOR('',#10285,1.);
#10285 = DIRECTION('',(0.,0.,1.));
#10286 = PCURVE('',#9572,#10287);
#10287 = DEFINITIONAL_REPRESENTATION('',(#10288),#10292);
#10288 = LINE('',#10289,#10290);
#10289 = CARTESIAN_POINT('',(5.351573881022,0.));
#10290 = VECTOR('',#10291,1.);
#10291 = DIRECTION('',(0.,-1.));
#10292 = ( GEOMETRIC_REPRESENTATION_CONTEXT(2) 
PARAMETRIC_REPRESENTATION_CONTEXT() REPRESENTATION_CONTEXT('2D SPACE',''
  ) );
#10293 = PCURVE('',#9546,#10294);
#10294 = DEFINITIONAL_REPRESENTATION('',(#10295),#10299);
#10295 = LINE('',#10296,#10297);
#10296 = CARTESIAN_POINT('',(0.,0.));
#10297 = VECTOR('',#10298,1.);
#10298 = DIRECTION('',(0.,-1.));
#10299 = ( GEOMETRIC_REPRESENTATION_CONTEXT(2) 
PARAMETRIC_REPRESENTATION_CONTEXT() REPRESENTATION_CONTEXT('2D SPACE',''
  ) );
#10300 = ADVANCED_FACE('',(#10301),#9546,.T.);
#10301 = FACE_BOUND('',#10302,.T.);
#10302 = EDGE_LOOP('',(#10303,#10304,#10305,#10306));
#10303 = ORIENTED_EDGE('',*,*,#9531,.T.);
#10304 = ORIENTED_EDGE('',*,*,#10280,.T.);
#10305 = ORIENTED_EDGE('',*,*,#10084,.F.);
#10306 = ORIENTED_EDGE('',*,*,#10307,.F.);
#10307 = EDGE_CURVE('',#9506,#10064,#10308,.T.);
#10308 = SURFACE_CURVE('',#10309,(#10313,#10320),.PCURVE_S1.);
#10309 = LINE('',#10310,#10311);
#10310 = CARTESIAN_POINT('',(1.E+03,20.5,486.));
#10311 = VECTOR('',#10312,1.);
#10312 = DIRECTION('',(0.,0.,1.));
#10313 = PCURVE('',#9546,#10314);
#10314 = DEFINITIONAL_REPRESENTATION('',(#10315),#10319);
#10315 = LINE('',#10316,#10317);
#10316 = CARTESIAN_POINT('',(5.351573881022,0.));
#10317 = VECTOR('',#10318,1.);
#10318 = DIRECTION('',(0.,-1.));
#10319 = ( GEOMETRIC_REPRESENTATION_CONTEXT(2) 
PARAMETRIC_REPRESENTATION_CONTEXT() REPRESENTATION_CONTEXT('2D SPACE',''
  ) );
#10320 = PCURVE('',#9520,#10321);
#10321 = DEFINITIONAL_REPRESENTATION('',(#10322),#10326);
#10322 = LINE('',#10323,#10324);
#10323 = CARTESIAN_POINT('',(0.,0.));
#10324 = VECTOR('',#10325,1.);
#10325 = DIRECTION('',(0.,-1.));
#10326 = ( GEOMETRIC_REPRESENTATION_CONTEXT(2) 
PARAMETRIC_REPRESENTATION_CONTEXT() REPRESENTATION_CONTEXT('2D SPACE',''
  ) );
#10327 = ADVANCED_FACE('',(#10328),#9520,.T.);
#10328 = FACE_BOUND('',#10329,.T.);
#10329 = EDGE_LOOP('',(#10330,#10331,#10332,#10333));
#10330 = ORIENTED_EDGE('',*,*,#9505,.T.);
#10331 = ORIENTED_EDGE('',*,*,#10307,.T.);
#10332 = ORIENTED_EDGE('',*,*,#10063,.F.);
#10333 = ORIENTED_EDGE('',*,*,#10334,.F.);
#10334 = EDGE_CURVE('',#9480,#10043,#10335,.T.);
#10335 = SURFACE_CURVE('',#10336,(#10340,#10347),.PCURVE_S1.);
#10336 = LINE('',#10337,#10338);
#10337 = CARTESIAN_POINT('',(994.69420957539,19.801479438926,486.));
#10338 = VECTOR('',#10339,1.);
#10339 = DIRECTION('',(0.,0.,1.));
#10340 = PCURVE('',#9520,#10341);
#10341 = DEFINITIONAL_REPRESENTATION('',(#10342),#10346);
#10342 = LINE('',#10343,#10344);
#10343 = CARTESIAN_POINT('',(5.351573881022,0.));
#10344 = VECTOR('',#10345,1.);
#10345 = DIRECTION('',(0.,-1.));
#10346 = ( GEOMETRIC_REPRESENTATION_CONTEXT(2) 
PARAMETRIC_REPRESENTATION_CONTEXT() REPRESENTATION_CONTEXT('2D SPACE',''
  ) );
#10347 = PCURVE('',#9494,#10348);
#10348 = DEFINITIONAL_REPRESENTATION('',(#10349),#10353);
#10349 = LINE('',#10350,#10351);
#10350 = CARTESIAN_POINT('',(0.,0.));
#10351 = VECTOR('',#10352,1.);
#10352 = DIRECTION('',(0.,-1.));
#10353 = ( GEOMETRIC_REPRESENTATION_CONTEXT(2) 
PARAMETRIC_REPRESENTATION_CONTEXT() REPRESENTATION_CONTEXT('2D SPACE',''
  ) );
#10354 = ADVANCED_FACE('',(#10355),#9494,.T.);
#10355 = FACE_BOUND('',#10356,.T.);
#10356 = EDGE_LOOP('',(#10357,#10358,#10359,#10360));
#10357 = ORIENTED_EDGE('',*,*,#9479,.T.);
#10358 = ORIENTED_EDGE('',*,*,#10334,.T.);
#10359 = ORIENTED_EDGE('',*,*,#10042,.F.);
#10360 = ORIENTED_EDGE('',*,*,#10361,.F.);
#10361 = EDGE_CURVE('',#9454,#10022,#10362,.T.);
#10362 = SURFACE_CURVE('',#10363,(#10367,#10374),.PCURVE_S1.);
#10363 = LINE('',#10364,#10365);
#10364 = CARTESIAN_POINT('',(989.75,17.753520777581,486.));
#10365 = VECTOR('',#10366,1.);
#10366 = DIRECTION('',(0.,0.,1.));
#10367 = PCURVE('',#9494,#10368);
#10368 = DEFINITIONAL_REPRESENTATION('',(#10369),#10373);
#10369 = LINE('',#10370,#10371);
#10370 = CARTESIAN_POINT('',(5.351573881022,0.));
#10371 = VECTOR('',#10372,1.);
#10372 = DIRECTION('',(0.,-1.));
#10373 = ( GEOMETRIC_REPRESENTATION_CONTEXT(2) 
PARAMETRIC_REPRESENTATION_CONTEXT() REPRESENTATION_CONTEXT('2D SPACE',''
  ) );
#10374 = PCURVE('',#9468,#10375);
#10375 = DEFINITIONAL_REPRESENTATION('',(#10376),#10380);
#10376 = LINE('',#10377,#10378);
#10377 = CARTESIAN_POINT('',(0.,0.));
#10378 = VECTOR('',#10379,1.);
#10379 = DIRECTION('',(0.,-1.));
#10380 = ( GEOMETRIC_REPRESENTATION_CONTEXT(2) 
PARAMETRIC_REPRESENTATION_CONTEXT() REPRESENTATION_CONTEXT('2D SPACE',''
  ) );
#10381 = ADVANCED_FACE('',(#10382),#9468,.T.);
#10382 = FACE_BOUND('',#10383,.T.);
#10383 = EDGE_LOOP('',(#10384,#10385,#10386,#10387));
#10384 = ORIENTED_EDGE('',*,*,#9453,.T.);
#10385 = ORIENTED_EDGE('',*,*,#10361,.T.);
#10386 = ORIENTED_EDGE('',*,*,#10021,.F.);
#10387 = ORIENTED_EDGE('',*,*,#10388,.F.);
#10388 = EDGE_CURVE('',#9428,#10001,#10389,.T.);
#10389 = SURFACE_CURVE('',#10390,(#10394,#10401),.PCURVE_S1.);
#10390 = LINE('',#10391,#10392);
#10391 = CARTESIAN_POINT('',(985.50431098567,14.495689014324,486.));
#10392 = VECTOR('',#10393,1.);
#10393 = DIRECTION('',(0.,0.,1.));
#10394 = PCURVE('',#9468,#10395);
#10395 = DEFINITIONAL_REPRESENTATION('',(#10396),#10400);
#10396 = LINE('',#10397,#10398);
#10397 = CARTESIAN_POINT('',(5.351573881022,0.));
#10398 = VECTOR('',#10399,1.);
#10399 = DIRECTION('',(0.,-1.));
#10400 = ( GEOMETRIC_REPRESENTATION_CONTEXT(2) 
PARAMETRIC_REPRESENTATION_CONTEXT() REPRESENTATION_CONTEXT('2D SPACE',''
  ) );
#10401 = PCURVE('',#9442,#10402);
#10402 = DEFINITIONAL_REPRESENTATION('',(#10403),#10407);
#10403 = LINE('',#10404,#10405);
#10404 = CARTESIAN_POINT('',(0.,0.));
#10405 = VECTOR('',#10406,1.);
#10406 = DIRECTION('',(0.,-1.));
#10407 = ( GEOMETRIC_REPRESENTATION_CONTEXT(2) 
PARAMETRIC_REPRESENTATION_CONTEXT() REPRESENTATION_CONTEXT('2D SPACE',''
  ) );
#10408 = ADVANCED_FACE('',(#10409),#9442,.T.);
#10409 = FACE_BOUND('',#10410,.T.);
#10410 = EDGE_LOOP('',(#10411,#10412,#10413,#10414));
#10411 = ORIENTED_EDGE('',*,*,#9427,.T.);
#10412 = ORIENTED_EDGE('',*,*,#10388,.T.);
#10413 = ORIENTED_EDGE('',*,*,#10000,.F.);
#10414 = ORIENTED_EDGE('',*,*,#10415,.F.);
#10415 = EDGE_CURVE('',#9402,#9980,#10416,.T.);
#10416 = SURFACE_CURVE('',#10417,(#10421,#10428),.PCURVE_S1.);
#10417 = LINE('',#10418,#10419);
#10418 = CARTESIAN_POINT('',(982.24647922241,10.25,486.));
#10419 = VECTOR('',#10420,1.);
#10420 = DIRECTION('',(0.,0.,1.));
#10421 = PCURVE('',#9442,#10422);
#10422 = DEFINITIONAL_REPRESENTATION('',(#10423),#10427);
#10423 = LINE('',#10424,#10425);
#10424 = CARTESIAN_POINT('',(5.351573881022,0.));
#10425 = VECTOR('',#10426,1.);
#10426 = DIRECTION('',(0.,-1.));
#10427 = ( GEOMETRIC_REPRESENTATION_CONTEXT(2) 
PARAMETRIC_REPRESENTATION_CONTEXT() REPRESENTATION_CONTEXT('2D SPACE',''
  ) );
#10428 = PCURVE('',#9416,#10429);
#10429 = DEFINITIONAL_REPRESENTATION('',(#10430),#10434);
#10430 = LINE('',#10431,#10432);
#10431 = CARTESIAN_POINT('',(0.,0.));
#10432 = VECTOR('',#10433,1.);
#10433 = DIRECTION('',(0.,-1.));
#10434 = ( GEOMETRIC_REPRESENTATION_CONTEXT(2) 
PARAMETRIC_REPRESENTATION_CONTEXT() REPRESENTATION_CONTEXT('2D SPACE',''
  ) );
#10435 = ADVANCED_FACE('',(#10436),#9416,.T.);
#10436 = FACE_BOUND('',#10437,.T.);
#10437 = EDGE_LOOP('',(#10438,#10439,#10440,#10441));
#10438 = ORIENTED_EDGE('',*,*,#9401,.T.);
#10439 = ORIENTED_EDGE('',*,*,#10415,.T.);
#10440 = ORIENTED_EDGE('',*,*,#9979,.F.);
#10441 = ORIENTED_EDGE('',*,*,#10442,.F.);
#10442 = EDGE_CURVE('',#9376,#9959,#10443,.T.);
#10443 = SURFACE_CURVE('',#10444,(#10448,#10455),.PCURVE_S1.);
#10444 = LINE('',#10445,#10446);
#10445 = CARTESIAN_POINT('',(980.19852056107,5.305790424602,486.));
#10446 = VECTOR('',#10447,1.);
#10447 = DIRECTION('',(0.,0.,1.));
#10448 = PCURVE('',#9416,#10449);
#10449 = DEFINITIONAL_REPRESENTATION('',(#10450),#10454);
#10450 = LINE('',#10451,#10452);
#10451 = CARTESIAN_POINT('',(5.351573881022,0.));
#10452 = VECTOR('',#10453,1.);
#10453 = DIRECTION('',(0.,-1.));
#10454 = ( GEOMETRIC_REPRESENTATION_CONTEXT(2) 
PARAMETRIC_REPRESENTATION_CONTEXT() REPRESENTATION_CONTEXT('2D SPACE',''
  ) );
#10455 = PCURVE('',#9390,#10456);
#10456 = DEFINITIONAL_REPRESENTATION('',(#10457),#10461);
#10457 = LINE('',#10458,#10459);
#10458 = CARTESIAN_POINT('',(0.,0.));
#10459 = VECTOR('',#10460,1.);
#10460 = DIRECTION('',(0.,-1.));
#10461 = ( GEOMETRIC_REPRESENTATION_CONTEXT(2) 
PARAMETRIC_REPRESENTATION_CONTEXT() REPRESENTATION_CONTEXT('2D SPACE',''
  ) );
#10462 = ADVANCED_FACE('',(#10463),#9390,.T.);
#10463 = FACE_BOUND('',#10464,.T.);
#10464 = EDGE_LOOP('',(#10465,#10466,#10467,#10468));
#10465 = ORIENTED_EDGE('',*,*,#9375,.T.);
#10466 = ORIENTED_EDGE('',*,*,#10442,.T.);
#10467 = ORIENTED_EDGE('',*,*,#9958,.F.);
#10468 = ORIENTED_EDGE('',*,*,#10469,.F.);
#10469 = EDGE_CURVE('',#9350,#9938,#10470,.T.);
#10470 = SURFACE_CURVE('',#10471,(#10475,#10482),.PCURVE_S1.);
#10471 = LINE('',#10472,#10473);
#10472 = CARTESIAN_POINT('',(979.5,2.510525938252E-15,486.));
#10473 = VECTOR('',#10474,1.);
#10474 = DIRECTION('',(0.,0.,1.));
#10475 = PCURVE('',#9390,#10476);
#10476 = DEFINITIONAL_REPRESENTATION('',(#10477),#10481);
#10477 = LINE('',#10478,#10479);
#10478 = CARTESIAN_POINT('',(5.351573881022,0.));
#10479 = VECTOR('',#10480,1.);
#10480 = DIRECTION('',(0.,-1.));
#10481 = ( GEOMETRIC_REPRESENTATION_CONTEXT(2) 
PARAMETRIC_REPRESENTATION_CONTEXT() REPRESENTATION_CONTEXT('2D SPACE',''
  ) );
#10482 = PCURVE('',#9364,#10483);
#10483 = DEFINITIONAL_REPRESENTATION('',(#10484),#10488);
#10484 = LINE('',#10485,#10486);
#10485 = CARTESIAN_POINT('',(0.,0.));
#10486 = VECTOR('',#10487,1.);
#10487 = DIRECTION('',(0.,-1.));
#10488 = ( GEOMETRIC_REPRESENTATION_CONTEXT(2) 
PARAMETRIC_REPRESENTATION_CONTEXT() REPRESENTATION_CONTEXT('2D SPACE',''
  ) );
#10489 = ADVANCED_FACE('',(#10490),#9364,.T.);
#10490 = FACE_BOUND('',#10491,.T.);
#10491 = EDGE_LOOP('',(#10492,#10493,#10494,#10495));
#10492 = ORIENTED_EDGE('',*,*,#9349,.T.);
#10493 = ORIENTED_EDGE('',*,*,#10469,.T.);
#10494 = ORIENTED_EDGE('',*,*,#9937,.F.);
#10495 = ORIENTED_EDGE('',*,*,#10496,.F.);
#10496 = EDGE_CURVE('',#9324,#9917,#10497,.T.);
#10497 = SURFACE_CURVE('',#10498,(#10502,#10509),.PCURVE_S1.);
#10498 = LINE('',#10499,#10500);
#10499 = CARTESIAN_POINT('',(980.19852056107,-5.305790424602,486.));
#10500 = VECTOR('',#10501,1.);
#10501 = DIRECTION('',(0.,0.,1.));
#10502 = PCURVE('',#9364,#10503);
#10503 = DEFINITIONAL_REPRESENTATION('',(#10504),#10508);
#10504 = LINE('',#10505,#10506);
#10505 = CARTESIAN_POINT('',(5.351573881022,0.));
#10506 = VECTOR('',#10507,1.);
#10507 = DIRECTION('',(0.,-1.));
#10508 = ( GEOMETRIC_REPRESENTATION_CONTEXT(2) 
PARAMETRIC_REPRESENTATION_CONTEXT() REPRESENTATION_CONTEXT('2D SPACE',''
  ) );
#10509 = PCURVE('',#9338,#10510);
#10510 = DEFINITIONAL_REPRESENTATION('',(#10511),#10515);
#10511 = LINE('',#10512,#10513);
#10512 = CARTESIAN_POINT('',(0.,0.));
#10513 = VECTOR('',#10514,1.);
#10514 = DIRECTION('',(0.,-1.));
#10515 = ( GEOMETRIC_REPRESENTATION_CONTEXT(2) 
PARAMETRIC_REPRESENTATION_CONTEXT() REPRESENTATION_CONTEXT('2D SPACE',''
  ) );
#10516 = ADVANCED_FACE('',(#10517),#9338,.T.);
#10517 = FACE_BOUND('',#10518,.T.);
#10518 = EDGE_LOOP('',(#10519,#10520,#10521,#10522));
#10519 = ORIENTED_EDGE('',*,*,#9323,.T.);
#10520 = ORIENTED_EDGE('',*,*,#10496,.T.);
#10521 = ORIENTED_EDGE('',*,*,#9916,.F.);
#10522 = ORIENTED_EDGE('',*,*,#10523,.F.);
#10523 = EDGE_CURVE('',#9298,#9896,#10524,.T.);
#10524 = SURFACE_CURVE('',#10525,(#10529,#10536),.PCURVE_S1.);
#10525 = LINE('',#10526,#10527);
#10526 = CARTESIAN_POINT('',(982.24647922241,-10.25,486.));
#10527 = VECTOR('',#10528,1.);
#10528 = DIRECTION('',(0.,0.,1.));
#10529 = PCURVE('',#9338,#10530);
#10530 = DEFINITIONAL_REPRESENTATION('',(#10531),#10535);
#10531 = LINE('',#10532,#10533);
#10532 = CARTESIAN_POINT('',(5.351573881022,0.));
#10533 = VECTOR('',#10534,1.);
#10534 = DIRECTION('',(0.,-1.));
#10535 = ( GEOMETRIC_REPRESENTATION_CONTEXT(2) 
PARAMETRIC_REPRESENTATION_CONTEXT() REPRESENTATION_CONTEXT('2D SPACE',''
  ) );
#10536 = PCURVE('',#9312,#10537);
#10537 = DEFINITIONAL_REPRESENTATION('',(#10538),#10542);
#10538 = LINE('',#10539,#10540);
#10539 = CARTESIAN_POINT('',(0.,0.));
#10540 = VECTOR('',#10541,1.);
#10541 = DIRECTION('',(0.,-1.));
#10542 = ( GEOMETRIC_REPRESENTATION_CONTEXT(2) 
PARAMETRIC_REPRESENTATION_CONTEXT() REPRESENTATION_CONTEXT('2D SPACE',''
  ) );
#10543 = ADVANCED_FACE('',(#10544),#9312,.T.);
#10544 = FACE_BOUND('',#10545,.T.);
#10545 = EDGE_LOOP('',(#10546,#10547,#10548,#10549));
#10546 = ORIENTED_EDGE('',*,*,#9297,.T.);
#10547 = ORIENTED_EDGE('',*,*,#10523,.T.);
#10548 = ORIENTED_EDGE('',*,*,#9895,.F.);
#10549 = ORIENTED_EDGE('',*,*,#10550,.F.);
#10550 = EDGE_CURVE('',#9272,#9875,#10551,.T.);
#10551 = SURFACE_CURVE('',#10552,(#10556,#10563),.PCURVE_S1.);
#10552 = LINE('',#10553,#10554);
#10553 = CARTESIAN_POINT('',(985.50431098567,-14.49568901432,486.));
#10554 = VECTOR('',#10555,1.);
#10555 = DIRECTION('',(0.,0.,1.));
#10556 = PCURVE('',#9312,#10557);
#10557 = DEFINITIONAL_REPRESENTATION('',(#10558),#10562);
#10558 = LINE('',#10559,#10560);
#10559 = CARTESIAN_POINT('',(5.351573881022,0.));
#10560 = VECTOR('',#10561,1.);
#10561 = DIRECTION('',(0.,-1.));
#10562 = ( GEOMETRIC_REPRESENTATION_CONTEXT(2) 
PARAMETRIC_REPRESENTATION_CONTEXT() REPRESENTATION_CONTEXT('2D SPACE',''
  ) );
#10563 = PCURVE('',#9286,#10564);
#10564 = DEFINITIONAL_REPRESENTATION('',(#10565),#10569);
#10565 = LINE('',#10566,#10567);
#10566 = CARTESIAN_POINT('',(0.,0.));
#10567 = VECTOR('',#10568,1.);
#10568 = DIRECTION('',(0.,-1.));
#10569 = ( GEOMETRIC_REPRESENTATION_CONTEXT(2) 
PARAMETRIC_REPRESENTATION_CONTEXT() REPRESENTATION_CONTEXT('2D SPACE',''
  ) );
#10570 = ADVANCED_FACE('',(#10571),#9286,.T.);
#10571 = FACE_BOUND('',#10572,.T.);
#10572 = EDGE_LOOP('',(#10573,#10574,#10575,#10576));
#10573 = ORIENTED_EDGE('',*,*,#9271,.T.);
#10574 = ORIENTED_EDGE('',*,*,#10550,.T.);
#10575 = ORIENTED_EDGE('',*,*,#9874,.F.);
#10576 = ORIENTED_EDGE('',*,*,#10577,.F.);
#10577 = EDGE_CURVE('',#9246,#9854,#10578,.T.);
#10578 = SURFACE_CURVE('',#10579,(#10583,#10590),.PCURVE_S1.);
#10579 = LINE('',#10580,#10581);
#10580 = CARTESIAN_POINT('',(989.75,-17.75352077758,486.));
#10581 = VECTOR('',#10582,1.);
#10582 = DIRECTION('',(0.,0.,1.));
#10583 = PCURVE('',#9286,#10584);
#10584 = DEFINITIONAL_REPRESENTATION('',(#10585),#10589);
#10585 = LINE('',#10586,#10587);
#10586 = CARTESIAN_POINT('',(5.351573881022,0.));
#10587 = VECTOR('',#10588,1.);
#10588 = DIRECTION('',(0.,-1.));
#10589 = ( GEOMETRIC_REPRESENTATION_CONTEXT(2) 
PARAMETRIC_REPRESENTATION_CONTEXT() REPRESENTATION_CONTEXT('2D SPACE',''
  ) );
#10590 = PCURVE('',#9260,#10591);
#10591 = DEFINITIONAL_REPRESENTATION('',(#10592),#10596);
#10592 = LINE('',#10593,#10594);
#10593 = CARTESIAN_POINT('',(0.,0.));
#10594 = VECTOR('',#10595,1.);
#10595 = DIRECTION('',(0.,-1.));
#10596 = ( GEOMETRIC_REPRESENTATION_CONTEXT(2) 
PARAMETRIC_REPRESENTATION_CONTEXT() REPRESENTATION_CONTEXT('2D SPACE',''
  ) );
#10597 = ADVANCED_FACE('',(#10598),#9260,.T.);
#10598 = FACE_BOUND('',#10599,.T.);
#10599 = EDGE_LOOP('',(#10600,#10601,#10602,#10603));
#10600 = ORIENTED_EDGE('',*,*,#9245,.T.);
#10601 = ORIENTED_EDGE('',*,*,#10577,.T.);
#10602 = ORIENTED_EDGE('',*,*,#9853,.F.);
#10603 = ORIENTED_EDGE('',*,*,#10604,.F.);
#10604 = EDGE_CURVE('',#9220,#9833,#10605,.T.);
#10605 = SURFACE_CURVE('',#10606,(#10610,#10617),.PCURVE_S1.);
#10606 = LINE('',#10607,#10608);
#10607 = CARTESIAN_POINT('',(994.69420957539,-19.80147943892,486.));
#10608 = VECTOR('',#10609,1.);
#10609 = DIRECTION('',(0.,0.,1.));
#10610 = PCURVE('',#9260,#10611);
#10611 = DEFINITIONAL_REPRESENTATION('',(#10612),#10616);
#10612 = LINE('',#10613,#10614);
#10613 = CARTESIAN_POINT('',(5.351573881022,0.));
#10614 = VECTOR('',#10615,1.);
#10615 = DIRECTION('',(0.,-1.));
#10616 = ( GEOMETRIC_REPRESENTATION_CONTEXT(2) 
PARAMETRIC_REPRESENTATION_CONTEXT() REPRESENTATION_CONTEXT('2D SPACE',''
  ) );
#10617 = PCURVE('',#9234,#10618);
#10618 = DEFINITIONAL_REPRESENTATION('',(#10619),#10623);
#10619 = LINE('',#10620,#10621);
#10620 = CARTESIAN_POINT('',(0.,0.));
#10621 = VECTOR('',#10622,1.);
#10622 = DIRECTION('',(0.,-1.));
#10623 = ( GEOMETRIC_REPRESENTATION_CONTEXT(2) 
PARAMETRIC_REPRESENTATION_CONTEXT() REPRESENTATION_CONTEXT('2D SPACE',''
  ) );
#10624 = ADVANCED_FACE('',(#10625),#9234,.T.);
#10625 = FACE_BOUND('',#10626,.T.);
#10626 = EDGE_LOOP('',(#10627,#10628,#10629,#10630));
#10627 = ORIENTED_EDGE('',*,*,#9219,.T.);
#10628 = ORIENTED_EDGE('',*,*,#10604,.T.);
#10629 = ORIENTED_EDGE('',*,*,#9832,.F.);
#10630 = ORIENTED_EDGE('',*,*,#10631,.F.);
#10631 = EDGE_CURVE('',#9194,#9812,#10632,.T.);
#10632 = SURFACE_CURVE('',#10633,(#10637,#10644),.PCURVE_S1.);
#10633 = LINE('',#10634,#10635);
#10634 = CARTESIAN_POINT('',(1.E+03,-20.5,486.));
#10635 = VECTOR('',#10636,1.);
#10636 = DIRECTION('',(0.,0.,1.));
#10637 = PCURVE('',#9234,#10638);
#10638 = DEFINITIONAL_REPRESENTATION('',(#10639),#10643);
#10639 = LINE('',#10640,#10641);
#10640 = CARTESIAN_POINT('',(5.351573881022,0.));
#10641 = VECTOR('',#10642,1.);
#10642 = DIRECTION('',(0.,-1.));
#10643 = ( GEOMETRIC_REPRESENTATION_CONTEXT(2) 
PARAMETRIC_REPRESENTATION_CONTEXT() REPRESENTATION_CONTEXT('2D SPACE',''
  ) );
#10644 = PCURVE('',#9208,#10645);
#10645 = DEFINITIONAL_REPRESENTATION('',(#10646),#10650);
#10646 = LINE('',#10647,#10648);
#10647 = CARTESIAN_POINT('',(0.,0.));
#10648 = VECTOR('',#10649,1.);
#10649 = DIRECTION('',(0.,-1.));
#10650 = ( GEOMETRIC_REPRESENTATION_CONTEXT(2) 
PARAMETRIC_REPRESENTATION_CONTEXT() REPRESENTATION_CONTEXT('2D SPACE',''
  ) );
#10651 = ADVANCED_FACE('',(#10652),#9208,.T.);
#10652 = FACE_BOUND('',#10653,.T.);
#10653 = EDGE_LOOP('',(#10654,#10655,#10656,#10657));
#10654 = ORIENTED_EDGE('',*,*,#9193,.T.);
#10655 = ORIENTED_EDGE('',*,*,#10631,.T.);
#10656 = ORIENTED_EDGE('',*,*,#9811,.F.);
#10657 = ORIENTED_EDGE('',*,*,#10658,.F.);
#10658 = EDGE_CURVE('',#9168,#9791,#10659,.T.);
#10659 = SURFACE_CURVE('',#10660,(#10664,#10671),.PCURVE_S1.);
#10660 = LINE('',#10661,#10662);
#10661 = CARTESIAN_POINT('',(1.005305790425E+03,-19.80147943892,486.));
#10662 = VECTOR('',#10663,1.);
#10663 = DIRECTION('',(0.,0.,1.));
#10664 = PCURVE('',#9208,#10665);
#10665 = DEFINITIONAL_REPRESENTATION('',(#10666),#10670);
#10666 = LINE('',#10667,#10668);
#10667 = CARTESIAN_POINT('',(5.351573881022,0.));
#10668 = VECTOR('',#10669,1.);
#10669 = DIRECTION('',(0.,-1.));
#10670 = ( GEOMETRIC_REPRESENTATION_CONTEXT(2) 
PARAMETRIC_REPRESENTATION_CONTEXT() REPRESENTATION_CONTEXT('2D SPACE',''
  ) );
#10671 = PCURVE('',#9182,#10672);
#10672 = DEFINITIONAL_REPRESENTATION('',(#10673),#10677);
#10673 = LINE('',#10674,#10675);
#10674 = CARTESIAN_POINT('',(0.,0.));
#10675 = VECTOR('',#10676,1.);
#10676 = DIRECTION('',(0.,-1.));
#10677 = ( GEOMETRIC_REPRESENTATION_CONTEXT(2) 
PARAMETRIC_REPRESENTATION_CONTEXT() REPRESENTATION_CONTEXT('2D SPACE',''
  ) );
#10678 = ADVANCED_FACE('',(#10679),#9182,.T.);
#10679 = FACE_BOUND('',#10680,.T.);
#10680 = EDGE_LOOP('',(#10681,#10682,#10683,#10684));
#10681 = ORIENTED_EDGE('',*,*,#9167,.T.);
#10682 = ORIENTED_EDGE('',*,*,#10658,.T.);
#10683 = ORIENTED_EDGE('',*,*,#9790,.F.);
#10684 = ORIENTED_EDGE('',*,*,#10685,.F.);
#10685 = EDGE_CURVE('',#9142,#9770,#10686,.T.);
#10686 = SURFACE_CURVE('',#10687,(#10691,#10698),.PCURVE_S1.);
#10687 = LINE('',#10688,#10689);
#10688 = CARTESIAN_POINT('',(1.01025E+03,-17.75352077758,486.));
#10689 = VECTOR('',#10690,1.);
#10690 = DIRECTION('',(0.,0.,1.));
#10691 = PCURVE('',#9182,#10692);
#10692 = DEFINITIONAL_REPRESENTATION('',(#10693),#10697);
#10693 = LINE('',#10694,#10695);
#10694 = CARTESIAN_POINT('',(5.351573881022,0.));
#10695 = VECTOR('',#10696,1.);
#10696 = DIRECTION('',(0.,-1.));
#10697 = ( GEOMETRIC_REPRESENTATION_CONTEXT(2) 
PARAMETRIC_REPRESENTATION_CONTEXT() REPRESENTATION_CONTEXT('2D SPACE',''
  ) );
#10698 = PCURVE('',#9156,#10699);
#10699 = DEFINITIONAL_REPRESENTATION('',(#10700),#10704);
#10700 = LINE('',#10701,#10702);
#10701 = CARTESIAN_POINT('',(0.,0.));
#10702 = VECTOR('',#10703,1.);
#10703 = DIRECTION('',(0.,-1.));
#10704 = ( GEOMETRIC_REPRESENTATION_CONTEXT(2) 
PARAMETRIC_REPRESENTATION_CONTEXT() REPRESENTATION_CONTEXT('2D SPACE',''
  ) );
#10705 = ADVANCED_FACE('',(#10706),#9156,.T.);
#10706 = FACE_BOUND('',#10707,.T.);
#10707 = EDGE_LOOP('',(#10708,#10709,#10710,#10711));
#10708 = ORIENTED_EDGE('',*,*,#9141,.T.);
#10709 = ORIENTED_EDGE('',*,*,#10685,.T.);
#10710 = ORIENTED_EDGE('',*,*,#9769,.F.);
#10711 = ORIENTED_EDGE('',*,*,#10712,.F.);
#10712 = EDGE_CURVE('',#9116,#9749,#10713,.T.);
#10713 = SURFACE_CURVE('',#10714,(#10718,#10725),.PCURVE_S1.);
#10714 = LINE('',#10715,#10716);
#10715 = CARTESIAN_POINT('',(1.014495689014E+03,-14.49568901432,486.));
#10716 = VECTOR('',#10717,1.);
#10717 = DIRECTION('',(0.,0.,1.));
#10718 = PCURVE('',#9156,#10719);
#10719 = DEFINITIONAL_REPRESENTATION('',(#10720),#10724);
#10720 = LINE('',#10721,#10722);
#10721 = CARTESIAN_POINT('',(5.351573881022,0.));
#10722 = VECTOR('',#10723,1.);
#10723 = DIRECTION('',(0.,-1.));
#10724 = ( GEOMETRIC_REPRESENTATION_CONTEXT(2) 
PARAMETRIC_REPRESENTATION_CONTEXT() REPRESENTATION_CONTEXT('2D SPACE',''
  ) );
#10725 = PCURVE('',#9130,#10726);
#10726 = DEFINITIONAL_REPRESENTATION('',(#10727),#10731);
#10727 = LINE('',#10728,#10729);
#10728 = CARTESIAN_POINT('',(0.,0.));
#10729 = VECTOR('',#10730,1.);
#10730 = DIRECTION('',(0.,-1.));
#10731 = ( GEOMETRIC_REPRESENTATION_CONTEXT(2) 
PARAMETRIC_REPRESENTATION_CONTEXT() REPRESENTATION_CONTEXT('2D SPACE',''
  ) );
#10732 = ADVANCED_FACE('',(#10733),#9130,.T.);
#10733 = FACE_BOUND('',#10734,.T.);
#10734 = EDGE_LOOP('',(#10735,#10736,#10737,#10738));
#10735 = ORIENTED_EDGE('',*,*,#9115,.T.);
#10736 = ORIENTED_EDGE('',*,*,#10712,.T.);
#10737 = ORIENTED_EDGE('',*,*,#9748,.F.);
#10738 = ORIENTED_EDGE('',*,*,#10739,.F.);
#10739 = EDGE_CURVE('',#9090,#9728,#10740,.T.);
#10740 = SURFACE_CURVE('',#10741,(#10745,#10752),.PCURVE_S1.);
#10741 = LINE('',#10742,#10743);
#10742 = CARTESIAN_POINT('',(1.017753520778E+03,-10.25,486.));
#10743 = VECTOR('',#10744,1.);
#10744 = DIRECTION('',(0.,0.,1.));
#10745 = PCURVE('',#9130,#10746);
#10746 = DEFINITIONAL_REPRESENTATION('',(#10747),#10751);
#10747 = LINE('',#10748,#10749);
#10748 = CARTESIAN_POINT('',(5.351573881022,0.));
#10749 = VECTOR('',#10750,1.);
#10750 = DIRECTION('',(0.,-1.));
#10751 = ( GEOMETRIC_REPRESENTATION_CONTEXT(2) 
PARAMETRIC_REPRESENTATION_CONTEXT() REPRESENTATION_CONTEXT('2D SPACE',''
  ) );
#10752 = PCURVE('',#9104,#10753);
#10753 = DEFINITIONAL_REPRESENTATION('',(#10754),#10758);
#10754 = LINE('',#10755,#10756);
#10755 = CARTESIAN_POINT('',(0.,0.));
#10756 = VECTOR('',#10757,1.);
#10757 = DIRECTION('',(0.,-1.));
#10758 = ( GEOMETRIC_REPRESENTATION_CONTEXT(2) 
PARAMETRIC_REPRESENTATION_CONTEXT() REPRESENTATION_CONTEXT('2D SPACE',''
  ) );
#10759 = ADVANCED_FACE('',(#10760),#9104,.T.);
#10760 = FACE_BOUND('',#10761,.T.);
#10761 = EDGE_LOOP('',(#10762,#10763,#10764,#10765));
#10762 = ORIENTED_EDGE('',*,*,#9089,.T.);
#10763 = ORIENTED_EDGE('',*,*,#10739,.T.);
#10764 = ORIENTED_EDGE('',*,*,#9727,.F.);
#10765 = ORIENTED_EDGE('',*,*,#10766,.F.);
#10766 = EDGE_CURVE('',#9064,#9707,#10767,.T.);
#10767 = SURFACE_CURVE('',#10768,(#10772,#10779),.PCURVE_S1.);
#10768 = LINE('',#10769,#10770);
#10769 = CARTESIAN_POINT('',(1.019801479439E+03,-5.305790424602,486.));
#10770 = VECTOR('',#10771,1.);
#10771 = DIRECTION('',(0.,0.,1.));
#10772 = PCURVE('',#9104,#10773);
#10773 = DEFINITIONAL_REPRESENTATION('',(#10774),#10778);
#10774 = LINE('',#10775,#10776);
#10775 = CARTESIAN_POINT('',(5.351573881022,0.));
#10776 = VECTOR('',#10777,1.);
#10777 = DIRECTION('',(0.,-1.));
#10778 = ( GEOMETRIC_REPRESENTATION_CONTEXT(2) 
PARAMETRIC_REPRESENTATION_CONTEXT() REPRESENTATION_CONTEXT('2D SPACE',''
  ) );
#10779 = PCURVE('',#9078,#10780);
#10780 = DEFINITIONAL_REPRESENTATION('',(#10781),#10785);
#10781 = LINE('',#10782,#10783);
#10782 = CARTESIAN_POINT('',(0.,0.));
#10783 = VECTOR('',#10784,1.);
#10784 = DIRECTION('',(0.,-1.));
#10785 = ( GEOMETRIC_REPRESENTATION_CONTEXT(2) 
PARAMETRIC_REPRESENTATION_CONTEXT() REPRESENTATION_CONTEXT('2D SPACE',''
  ) );
#10786 = ADVANCED_FACE('',(#10787),#9078,.T.);
#10787 = FACE_BOUND('',#10788,.T.);
#10788 = EDGE_LOOP('',(#10789,#10790,#10791,#10792));
#10789 = ORIENTED_EDGE('',*,*,#9063,.T.);
#10790 = ORIENTED_EDGE('',*,*,#10766,.T.);
#10791 = ORIENTED_EDGE('',*,*,#9706,.F.);
#10792 = ORIENTED_EDGE('',*,*,#10793,.F.);
#10793 = EDGE_CURVE('',#9038,#9686,#10794,.T.);
#10794 = SURFACE_CURVE('',#10795,(#10799,#10806),.PCURVE_S1.);
#10795 = LINE('',#10796,#10797);
#10796 = CARTESIAN_POINT('',(1.0205E+03,0.,486.));
#10797 = VECTOR('',#10798,1.);
#10798 = DIRECTION('',(0.,0.,1.));
#10799 = PCURVE('',#9078,#10800);
#10800 = DEFINITIONAL_REPRESENTATION('',(#10801),#10805);
#10801 = LINE('',#10802,#10803);
#10802 = CARTESIAN_POINT('',(5.351573881022,0.));
#10803 = VECTOR('',#10804,1.);
#10804 = DIRECTION('',(0.,-1.));
#10805 = ( GEOMETRIC_REPRESENTATION_CONTEXT(2) 
PARAMETRIC_REPRESENTATION_CONTEXT() REPRESENTATION_CONTEXT('2D SPACE',''
  ) );
#10806 = PCURVE('',#9052,#10807);
#10807 = DEFINITIONAL_REPRESENTATION('',(#10808),#10812);
#10808 = LINE('',#10809,#10810);
#10809 = CARTESIAN_POINT('',(0.,0.));
#10810 = VECTOR('',#10811,1.);
#10811 = DIRECTION('',(0.,-1.));
#10812 = ( GEOMETRIC_REPRESENTATION_CONTEXT(2) 
PARAMETRIC_REPRESENTATION_CONTEXT() REPRESENTATION_CONTEXT('2D SPACE',''
  ) );
#10813 = ADVANCED_FACE('',(#10814),#9052,.T.);
#10814 = FACE_BOUND('',#10815,.T.);
#10815 = EDGE_LOOP('',(#10816,#10817,#10818,#10819));
#10816 = ORIENTED_EDGE('',*,*,#9037,.T.);
#10817 = ORIENTED_EDGE('',*,*,#10793,.T.);
#10818 = ORIENTED_EDGE('',*,*,#9685,.F.);
#10819 = ORIENTED_EDGE('',*,*,#10177,.F.);
#10820 = MANIFOLD_SOLID_BREP('',#10821);
#10821 = CLOSED_SHELL('',(#10822,#10910,#10945,#10975));
#10822 = ADVANCED_FACE('',(#10823),#10836,.T.);
#10823 = FACE_BOUND('',#10824,.T.);
#10824 = EDGE_LOOP('',(#10825,#10859,#10882,#10909));
#10825 = ORIENTED_EDGE('',*,*,#10826,.F.);
#10826 = EDGE_CURVE('',#10827,#10827,#10829,.T.);
#10827 = VERTEX_POINT('',#10828);
#10828 = CARTESIAN_POINT('',(1.47E+03,420.,675.));
#10829 = SURFACE_CURVE('',#10830,(#10835,#10847),.PCURVE_S1.);
#10830 = CIRCLE('',#10831,20.);
#10831 = AXIS2_PLACEMENT_3D('',#10832,#10833,#10834);
#10832 = CARTESIAN_POINT('',(1.45E+03,420.,675.));
#10833 = DIRECTION('',(0.,0.,1.));
#10834 = DIRECTION('',(1.,0.,-0.));
#10835 = PCURVE('',#10836,#10841);
#10836 = CYLINDRICAL_SURFACE('',#10837,20.);
#10837 = AXIS2_PLACEMENT_3D('',#10838,#10839,#10840);
#10838 = CARTESIAN_POINT('',(1.45E+03,420.,555.));
#10839 = DIRECTION('',(0.,0.,1.));
#10840 = DIRECTION('',(1.,0.,-0.));
#10841 = DEFINITIONAL_REPRESENTATION('',(#10842),#10846);
#10842 = LINE('',#10843,#10844);
#10843 = CARTESIAN_POINT('',(0.,120.));
#10844 = VECTOR('',#10845,1.);
#10845 = DIRECTION('',(1.,0.));
#10846 = ( GEOMETRIC_REPRESENTATION_CONTEXT(2) 
PARAMETRIC_REPRESENTATION_CONTEXT() REPRESENTATION_CONTEXT('2D SPACE',''
  ) );
#10847 = PCURVE('',#10848,#10853);
#10848 = PLANE('',#10849);
#10849 = AXIS2_PLACEMENT_3D('',#10850,#10851,#10852);
#10850 = CARTESIAN_POINT('',(1.45E+03,420.,675.));
#10851 = DIRECTION('',(0.,0.,1.));
#10852 = DIRECTION('',(1.,0.,-0.));
#10853 = DEFINITIONAL_REPRESENTATION('',(#10854),#10858);
#10854 = CIRCLE('',#10855,20.);
#10855 = AXIS2_PLACEMENT_2D('',#10856,#10857);
#10856 = CARTESIAN_POINT('',(0.,0.));
#10857 = DIRECTION('',(1.,0.));
#10858 = ( GEOMETRIC_REPRESENTATION_CONTEXT(2) 
PARAMETRIC_REPRESENTATION_CONTEXT() REPRESENTATION_CONTEXT('2D SPACE',''
  ) );
#10859 = ORIENTED_EDGE('',*,*,#10860,.F.);
#10860 = EDGE_CURVE('',#10861,#10827,#10863,.T.);
#10861 = VERTEX_POINT('',#10862);
#10862 = CARTESIAN_POINT('',(1.47E+03,420.,555.));
#10863 = SEAM_CURVE('',#10864,(#10868,#10875),.PCURVE_S1.);
#10864 = LINE('',#10865,#10866);
#10865 = CARTESIAN_POINT('',(1.47E+03,420.,555.));
#10866 = VECTOR('',#10867,1.);
#10867 = DIRECTION('',(0.,0.,1.));
#10868 = PCURVE('',#10836,#10869);
#10869 = DEFINITIONAL_REPRESENTATION('',(#10870),#10874);
#10870 = LINE('',#10871,#10872);
#10871 = CARTESIAN_POINT('',(6.28318530718,-0.));
#10872 = VECTOR('',#10873,1.);
#10873 = DIRECTION('',(0.,1.));
#10874 = ( GEOMETRIC_REPRESENTATION_CONTEXT(2) 
PARAMETRIC_REPRESENTATION_CONTEXT() REPRESENTATION_CONTEXT('2D SPACE',''
  ) );
#10875 = PCURVE('',#10836,#10876);
#10876 = DEFINITIONAL_REPRESENTATION('',(#10877),#10881);
#10877 = LINE('',#10878,#10879);
#10878 = CARTESIAN_POINT('',(0.,-0.));
#10879 = VECTOR('',#10880,1.);
#10880 = DIRECTION('',(0.,1.));
#10881 = ( GEOMETRIC_REPRESENTATION_CONTEXT(2) 
PARAMETRIC_REPRESENTATION_CONTEXT() REPRESENTATION_CONTEXT('2D SPACE',''
  ) );
#10882 = ORIENTED_EDGE('',*,*,#10883,.T.);
#10883 = EDGE_CURVE('',#10861,#10861,#10884,.T.);
#10884 = SURFACE_CURVE('',#10885,(#10890,#10897),.PCURVE_S1.);
#10885 = CIRCLE('',#10886,20.);
#10886 = AXIS2_PLACEMENT_3D('',#10887,#10888,#10889);
#10887 = CARTESIAN_POINT('',(1.45E+03,420.,555.));
#10888 = DIRECTION('',(0.,0.,1.));
#10889 = DIRECTION('',(1.,0.,-0.));
#10890 = PCURVE('',#10836,#10891);
#10891 = DEFINITIONAL_REPRESENTATION('',(#10892),#10896);
#10892 = LINE('',#10893,#10894);
#10893 = CARTESIAN_POINT('',(0.,0.));
#10894 = VECTOR('',#10895,1.);
#10895 = DIRECTION('',(1.,0.));
#10896 = ( GEOMETRIC_REPRESENTATION_CONTEXT(2) 
PARAMETRIC_REPRESENTATION_CONTEXT() REPRESENTATION_CONTEXT('2D SPACE',''
  ) );
#10897 = PCURVE('',#10898,#10903);
#10898 = PLANE('',#10899);
#10899 = AXIS2_PLACEMENT_3D('',#10900,#10901,#10902);
#10900 = CARTESIAN_POINT('',(1.45E+03,420.,555.));
#10901 = DIRECTION('',(0.,0.,1.));
#10902 = DIRECTION('',(1.,0.,-0.));
#10903 = DEFINITIONAL_REPRESENTATION('',(#10904),#10908);
#10904 = CIRCLE('',#10905,20.);
#10905 = AXIS2_PLACEMENT_2D('',#10906,#10907);
#10906 = CARTESIAN_POINT('',(0.,0.));
#10907 = DIRECTION('',(1.,0.));
#10908 = ( GEOMETRIC_REPRESENTATION_CONTEXT(2) 
PARAMETRIC_REPRESENTATION_CONTEXT() REPRESENTATION_CONTEXT('2D SPACE',''
  ) );
#10909 = ORIENTED_EDGE('',*,*,#10860,.T.);
#10910 = ADVANCED_FACE('',(#10911,#10914),#10848,.T.);
#10911 = FACE_BOUND('',#10912,.T.);
#10912 = EDGE_LOOP('',(#10913));
#10913 = ORIENTED_EDGE('',*,*,#10826,.T.);
#10914 = FACE_BOUND('',#10915,.T.);
#10915 = EDGE_LOOP('',(#10916));
#10916 = ORIENTED_EDGE('',*,*,#10917,.F.);
#10917 = EDGE_CURVE('',#10918,#10918,#10920,.T.);
#10918 = VERTEX_POINT('',#10919);
#10919 = CARTESIAN_POINT('',(1.467E+03,420.,675.));
#10920 = SURFACE_CURVE('',#10921,(#10926,#10933),.PCURVE_S1.);
#10921 = CIRCLE('',#10922,17.);
#10922 = AXIS2_PLACEMENT_3D('',#10923,#10924,#10925);
#10923 = CARTESIAN_POINT('',(1.45E+03,420.,675.));
#10924 = DIRECTION('',(0.,0.,1.));
#10925 = DIRECTION('',(1.,0.,-0.));
#10926 = PCURVE('',#10848,#10927);
#10927 = DEFINITIONAL_REPRESENTATION('',(#10928),#10932);
#10928 = CIRCLE('',#10929,17.);
#10929 = AXIS2_PLACEMENT_2D('',#10930,#10931);
#10930 = CARTESIAN_POINT('',(0.,0.));
#10931 = DIRECTION('',(1.,0.));
#10932 = ( GEOMETRIC_REPRESENTATION_CONTEXT(2) 
PARAMETRIC_REPRESENTATION_CONTEXT() REPRESENTATION_CONTEXT('2D SPACE',''
  ) );
#10933 = PCURVE('',#10934,#10939);
#10934 = CYLINDRICAL_SURFACE('',#10935,17.);
#10935 = AXIS2_PLACEMENT_3D('',#10936,#10937,#10938);
#10936 = CARTESIAN_POINT('',(1.45E+03,420.,554.));
#10937 = DIRECTION('',(0.,0.,1.));
#10938 = DIRECTION('',(1.,0.,-0.));
#10939 = DEFINITIONAL_REPRESENTATION('',(#10940),#10944);
#10940 = LINE('',#10941,#10942);
#10941 = CARTESIAN_POINT('',(0.,121.));
#10942 = VECTOR('',#10943,1.);
#10943 = DIRECTION('',(1.,0.));
#10944 = ( GEOMETRIC_REPRESENTATION_CONTEXT(2) 
PARAMETRIC_REPRESENTATION_CONTEXT() REPRESENTATION_CONTEXT('2D SPACE',''
  ) );
#10945 = ADVANCED_FACE('',(#10946,#10949),#10898,.F.);
#10946 = FACE_BOUND('',#10947,.F.);
#10947 = EDGE_LOOP('',(#10948));
#10948 = ORIENTED_EDGE('',*,*,#10883,.T.);
#10949 = FACE_BOUND('',#10950,.F.);
#10950 = EDGE_LOOP('',(#10951));
#10951 = ORIENTED_EDGE('',*,*,#10952,.F.);
#10952 = EDGE_CURVE('',#10953,#10953,#10955,.T.);
#10953 = VERTEX_POINT('',#10954);
#10954 = CARTESIAN_POINT('',(1.467E+03,420.,555.));
#10955 = SURFACE_CURVE('',#10956,(#10961,#10968),.PCURVE_S1.);
#10956 = CIRCLE('',#10957,17.);
#10957 = AXIS2_PLACEMENT_3D('',#10958,#10959,#10960);
#10958 = CARTESIAN_POINT('',(1.45E+03,420.,555.));
#10959 = DIRECTION('',(0.,0.,1.));
#10960 = DIRECTION('',(1.,0.,-0.));
#10961 = PCURVE('',#10898,#10962);
#10962 = DEFINITIONAL_REPRESENTATION('',(#10963),#10967);
#10963 = CIRCLE('',#10964,17.);
#10964 = AXIS2_PLACEMENT_2D('',#10965,#10966);
#10965 = CARTESIAN_POINT('',(0.,0.));
#10966 = DIRECTION('',(1.,0.));
#10967 = ( GEOMETRIC_REPRESENTATION_CONTEXT(2) 
PARAMETRIC_REPRESENTATION_CONTEXT() REPRESENTATION_CONTEXT('2D SPACE',''
  ) );
#10968 = PCURVE('',#10934,#10969);
#10969 = DEFINITIONAL_REPRESENTATION('',(#10970),#10974);
#10970 = LINE('',#10971,#10972);
#10971 = CARTESIAN_POINT('',(0.,1.));
#10972 = VECTOR('',#10973,1.);
#10973 = DIRECTION('',(1.,0.));
#10974 = ( GEOMETRIC_REPRESENTATION_CONTEXT(2) 
PARAMETRIC_REPRESENTATION_CONTEXT() REPRESENTATION_CONTEXT('2D SPACE',''
  ) );
#10975 = ADVANCED_FACE('',(#10976),#10934,.F.);
#10976 = FACE_BOUND('',#10977,.F.);
#10977 = EDGE_LOOP('',(#10978,#10979,#11000,#11001));
#10978 = ORIENTED_EDGE('',*,*,#10917,.F.);
#10979 = ORIENTED_EDGE('',*,*,#10980,.F.);
#10980 = EDGE_CURVE('',#10953,#10918,#10981,.T.);
#10981 = SEAM_CURVE('',#10982,(#10986,#10993),.PCURVE_S1.);
#10982 = LINE('',#10983,#10984);
#10983 = CARTESIAN_POINT('',(1.467E+03,420.,554.));
#10984 = VECTOR('',#10985,1.);
#10985 = DIRECTION('',(0.,0.,1.));
#10986 = PCURVE('',#10934,#10987);
#10987 = DEFINITIONAL_REPRESENTATION('',(#10988),#10992);
#10988 = LINE('',#10989,#10990);
#10989 = CARTESIAN_POINT('',(6.28318530718,-0.));
#10990 = VECTOR('',#10991,1.);
#10991 = DIRECTION('',(0.,1.));
#10992 = ( GEOMETRIC_REPRESENTATION_CONTEXT(2) 
PARAMETRIC_REPRESENTATION_CONTEXT() REPRESENTATION_CONTEXT('2D SPACE',''
  ) );
#10993 = PCURVE('',#10934,#10994);
#10994 = DEFINITIONAL_REPRESENTATION('',(#10995),#10999);
#10995 = LINE('',#10996,#10997);
#10996 = CARTESIAN_POINT('',(0.,-0.));
#10997 = VECTOR('',#10998,1.);
#10998 = DIRECTION('',(0.,1.));
#10999 = ( GEOMETRIC_REPRESENTATION_CONTEXT(2) 
PARAMETRIC_REPRESENTATION_CONTEXT() REPRESENTATION_CONTEXT('2D SPACE',''
  ) );
#11000 = ORIENTED_EDGE('',*,*,#10952,.T.);
#11001 = ORIENTED_EDGE('',*,*,#10980,.T.);
#11002 = MANIFOLD_SOLID_BREP('',#11003);
#11003 = CLOSED_SHELL('',(#11004,#11092,#11127,#11157));
#11004 = ADVANCED_FACE('',(#11005),#11018,.T.);
#11005 = FACE_BOUND('',#11006,.T.);
#11006 = EDGE_LOOP('',(#11007,#11041,#11064,#11091));
#11007 = ORIENTED_EDGE('',*,*,#11008,.F.);
#11008 = EDGE_CURVE('',#11009,#11009,#11011,.T.);
#11009 = VERTEX_POINT('',#11010);
#11010 = CARTESIAN_POINT('',(1.47E+03,-420.,675.));
#11011 = SURFACE_CURVE('',#11012,(#11017,#11029),.PCURVE_S1.);
#11012 = CIRCLE('',#11013,20.);
#11013 = AXIS2_PLACEMENT_3D('',#11014,#11015,#11016);
#11014 = CARTESIAN_POINT('',(1.45E+03,-420.,675.));
#11015 = DIRECTION('',(0.,0.,1.));
#11016 = DIRECTION('',(1.,0.,-0.));
#11017 = PCURVE('',#11018,#11023);
#11018 = CYLINDRICAL_SURFACE('',#11019,20.);
#11019 = AXIS2_PLACEMENT_3D('',#11020,#11021,#11022);
#11020 = CARTESIAN_POINT('',(1.45E+03,-420.,555.));
#11021 = DIRECTION('',(0.,0.,1.));
#11022 = DIRECTION('',(1.,0.,-0.));
#11023 = DEFINITIONAL_REPRESENTATION('',(#11024),#11028);
#11024 = LINE('',#11025,#11026);
#11025 = CARTESIAN_POINT('',(0.,120.));
#11026 = VECTOR('',#11027,1.);
#11027 = DIRECTION('',(1.,0.));
#11028 = ( GEOMETRIC_REPRESENTATION_CONTEXT(2) 
PARAMETRIC_REPRESENTATION_CONTEXT() REPRESENTATION_CONTEXT('2D SPACE',''
  ) );
#11029 = PCURVE('',#11030,#11035);
#11030 = PLANE('',#11031);
#11031 = AXIS2_PLACEMENT_3D('',#11032,#11033,#11034);
#11032 = CARTESIAN_POINT('',(1.45E+03,-420.,675.));
#11033 = DIRECTION('',(0.,0.,1.));
#11034 = DIRECTION('',(1.,0.,-0.));
#11035 = DEFINITIONAL_REPRESENTATION('',(#11036),#11040);
#11036 = CIRCLE('',#11037,20.);
#11037 = AXIS2_PLACEMENT_2D('',#11038,#11039);
#11038 = CARTESIAN_POINT('',(0.,0.));
#11039 = DIRECTION('',(1.,0.));
#11040 = ( GEOMETRIC_REPRESENTATION_CONTEXT(2) 
PARAMETRIC_REPRESENTATION_CONTEXT() REPRESENTATION_CONTEXT('2D SPACE',''
  ) );
#11041 = ORIENTED_EDGE('',*,*,#11042,.F.);
#11042 = EDGE_CURVE('',#11043,#11009,#11045,.T.);
#11043 = VERTEX_POINT('',#11044);
#11044 = CARTESIAN_POINT('',(1.47E+03,-420.,555.));
#11045 = SEAM_CURVE('',#11046,(#11050,#11057),.PCURVE_S1.);
#11046 = LINE('',#11047,#11048);
#11047 = CARTESIAN_POINT('',(1.47E+03,-420.,555.));
#11048 = VECTOR('',#11049,1.);
#11049 = DIRECTION('',(0.,0.,1.));
#11050 = PCURVE('',#11018,#11051);
#11051 = DEFINITIONAL_REPRESENTATION('',(#11052),#11056);
#11052 = LINE('',#11053,#11054);
#11053 = CARTESIAN_POINT('',(6.28318530718,-0.));
#11054 = VECTOR('',#11055,1.);
#11055 = DIRECTION('',(0.,1.));
#11056 = ( GEOMETRIC_REPRESENTATION_CONTEXT(2) 
PARAMETRIC_REPRESENTATION_CONTEXT() REPRESENTATION_CONTEXT('2D SPACE',''
  ) );
#11057 = PCURVE('',#11018,#11058);
#11058 = DEFINITIONAL_REPRESENTATION('',(#11059),#11063);
#11059 = LINE('',#11060,#11061);
#11060 = CARTESIAN_POINT('',(0.,-0.));
#11061 = VECTOR('',#11062,1.);
#11062 = DIRECTION('',(0.,1.));
#11063 = ( GEOMETRIC_REPRESENTATION_CONTEXT(2) 
PARAMETRIC_REPRESENTATION_CONTEXT() REPRESENTATION_CONTEXT('2D SPACE',''
  ) );
#11064 = ORIENTED_EDGE('',*,*,#11065,.T.);
#11065 = EDGE_CURVE('',#11043,#11043,#11066,.T.);
#11066 = SURFACE_CURVE('',#11067,(#11072,#11079),.PCURVE_S1.);
#11067 = CIRCLE('',#11068,20.);
#11068 = AXIS2_PLACEMENT_3D('',#11069,#11070,#11071);
#11069 = CARTESIAN_POINT('',(1.45E+03,-420.,555.));
#11070 = DIRECTION('',(0.,0.,1.));
#11071 = DIRECTION('',(1.,0.,-0.));
#11072 = PCURVE('',#11018,#11073);
#11073 = DEFINITIONAL_REPRESENTATION('',(#11074),#11078);
#11074 = LINE('',#11075,#11076);
#11075 = CARTESIAN_POINT('',(0.,0.));
#11076 = VECTOR('',#11077,1.);
#11077 = DIRECTION('',(1.,0.));
#11078 = ( GEOMETRIC_REPRESENTATION_CONTEXT(2) 
PARAMETRIC_REPRESENTATION_CONTEXT() REPRESENTATION_CONTEXT('2D SPACE',''
  ) );
#11079 = PCURVE('',#11080,#11085);
#11080 = PLANE('',#11081);
#11081 = AXIS2_PLACEMENT_3D('',#11082,#11083,#11084);
#11082 = CARTESIAN_POINT('',(1.45E+03,-420.,555.));
#11083 = DIRECTION('',(0.,0.,1.));
#11084 = DIRECTION('',(1.,0.,-0.));
#11085 = DEFINITIONAL_REPRESENTATION('',(#11086),#11090);
#11086 = CIRCLE('',#11087,20.);
#11087 = AXIS2_PLACEMENT_2D('',#11088,#11089);
#11088 = CARTESIAN_POINT('',(0.,0.));
#11089 = DIRECTION('',(1.,0.));
#11090 = ( GEOMETRIC_REPRESENTATION_CONTEXT(2) 
PARAMETRIC_REPRESENTATION_CONTEXT() REPRESENTATION_CONTEXT('2D SPACE',''
  ) );
#11091 = ORIENTED_EDGE('',*,*,#11042,.T.);
#11092 = ADVANCED_FACE('',(#11093,#11096),#11030,.T.);
#11093 = FACE_BOUND('',#11094,.T.);
#11094 = EDGE_LOOP('',(#11095));
#11095 = ORIENTED_EDGE('',*,*,#11008,.T.);
#11096 = FACE_BOUND('',#11097,.T.);
#11097 = EDGE_LOOP('',(#11098));
#11098 = ORIENTED_EDGE('',*,*,#11099,.F.);
#11099 = EDGE_CURVE('',#11100,#11100,#11102,.T.);
#11100 = VERTEX_POINT('',#11101);
#11101 = CARTESIAN_POINT('',(1.467E+03,-420.,675.));
#11102 = SURFACE_CURVE('',#11103,(#11108,#11115),.PCURVE_S1.);
#11103 = CIRCLE('',#11104,17.);
#11104 = AXIS2_PLACEMENT_3D('',#11105,#11106,#11107);
#11105 = CARTESIAN_POINT('',(1.45E+03,-420.,675.));
#11106 = DIRECTION('',(0.,0.,1.));
#11107 = DIRECTION('',(1.,0.,-0.));
#11108 = PCURVE('',#11030,#11109);
#11109 = DEFINITIONAL_REPRESENTATION('',(#11110),#11114);
#11110 = CIRCLE('',#11111,17.);
#11111 = AXIS2_PLACEMENT_2D('',#11112,#11113);
#11112 = CARTESIAN_POINT('',(0.,0.));
#11113 = DIRECTION('',(1.,0.));
#11114 = ( GEOMETRIC_REPRESENTATION_CONTEXT(2) 
PARAMETRIC_REPRESENTATION_CONTEXT() REPRESENTATION_CONTEXT('2D SPACE',''
  ) );
#11115 = PCURVE('',#11116,#11121);
#11116 = CYLINDRICAL_SURFACE('',#11117,17.);
#11117 = AXIS2_PLACEMENT_3D('',#11118,#11119,#11120);
#11118 = CARTESIAN_POINT('',(1.45E+03,-420.,554.));
#11119 = DIRECTION('',(0.,0.,1.));
#11120 = DIRECTION('',(1.,0.,-0.));
#11121 = DEFINITIONAL_REPRESENTATION('',(#11122),#11126);
#11122 = LINE('',#11123,#11124);
#11123 = CARTESIAN_POINT('',(0.,121.));
#11124 = VECTOR('',#11125,1.);
#11125 = DIRECTION('',(1.,0.));
#11126 = ( GEOMETRIC_REPRESENTATION_CONTEXT(2) 
PARAMETRIC_REPRESENTATION_CONTEXT() REPRESENTATION_CONTEXT('2D SPACE',''
  ) );
#11127 = ADVANCED_FACE('',(#11128,#11131),#11080,.F.);
#11128 = FACE_BOUND('',#11129,.F.);
#11129 = EDGE_LOOP('',(#11130));
#11130 = ORIENTED_EDGE('',*,*,#11065,.T.);
#11131 = FACE_BOUND('',#11132,.F.);
#11132 = EDGE_LOOP('',(#11133));
#11133 = ORIENTED_EDGE('',*,*,#11134,.F.);
#11134 = EDGE_CURVE('',#11135,#11135,#11137,.T.);
#11135 = VERTEX_POINT('',#11136);
#11136 = CARTESIAN_POINT('',(1.467E+03,-420.,555.));
#11137 = SURFACE_CURVE('',#11138,(#11143,#11150),.PCURVE_S1.);
#11138 = CIRCLE('',#11139,17.);
#11139 = AXIS2_PLACEMENT_3D('',#11140,#11141,#11142);
#11140 = CARTESIAN_POINT('',(1.45E+03,-420.,555.));
#11141 = DIRECTION('',(0.,0.,1.));
#11142 = DIRECTION('',(1.,0.,-0.));
#11143 = PCURVE('',#11080,#11144);
#11144 = DEFINITIONAL_REPRESENTATION('',(#11145),#11149);
#11145 = CIRCLE('',#11146,17.);
#11146 = AXIS2_PLACEMENT_2D('',#11147,#11148);
#11147 = CARTESIAN_POINT('',(0.,0.));
#11148 = DIRECTION('',(1.,0.));
#11149 = ( GEOMETRIC_REPRESENTATION_CONTEXT(2) 
PARAMETRIC_REPRESENTATION_CONTEXT() REPRESENTATION_CONTEXT('2D SPACE',''
  ) );
#11150 = PCURVE('',#11116,#11151);
#11151 = DEFINITIONAL_REPRESENTATION('',(#11152),#11156);
#11152 = LINE('',#11153,#11154);
#11153 = CARTESIAN_POINT('',(0.,1.));
#11154 = VECTOR('',#11155,1.);
#11155 = DIRECTION('',(1.,0.));
#11156 = ( GEOMETRIC_REPRESENTATION_CONTEXT(2) 
PARAMETRIC_REPRESENTATION_CONTEXT() REPRESENTATION_CONTEXT('2D SPACE',''
  ) );
#11157 = ADVANCED_FACE('',(#11158),#11116,.F.);
#11158 = FACE_BOUND('',#11159,.F.);
#11159 = EDGE_LOOP('',(#11160,#11161,#11182,#11183));
#11160 = ORIENTED_EDGE('',*,*,#11099,.F.);
#11161 = ORIENTED_EDGE('',*,*,#11162,.F.);
#11162 = EDGE_CURVE('',#11135,#11100,#11163,.T.);
#11163 = SEAM_CURVE('',#11164,(#11168,#11175),.PCURVE_S1.);
#11164 = LINE('',#11165,#11166);
#11165 = CARTESIAN_POINT('',(1.467E+03,-420.,554.));
#11166 = VECTOR('',#11167,1.);
#11167 = DIRECTION('',(0.,0.,1.));
#11168 = PCURVE('',#11116,#11169);
#11169 = DEFINITIONAL_REPRESENTATION('',(#11170),#11174);
#11170 = LINE('',#11171,#11172);
#11171 = CARTESIAN_POINT('',(6.28318530718,-0.));
#11172 = VECTOR('',#11173,1.);
#11173 = DIRECTION('',(0.,1.));
#11174 = ( GEOMETRIC_REPRESENTATION_CONTEXT(2) 
PARAMETRIC_REPRESENTATION_CONTEXT() REPRESENTATION_CONTEXT('2D SPACE',''
  ) );
#11175 = PCURVE('',#11116,#11176);
#11176 = DEFINITIONAL_REPRESENTATION('',(#11177),#11181);
#11177 = LINE('',#11178,#11179);
#11178 = CARTESIAN_POINT('',(0.,-0.));
#11179 = VECTOR('',#11180,1.);
#11180 = DIRECTION('',(0.,1.));
#11181 = ( GEOMETRIC_REPRESENTATION_CONTEXT(2) 
PARAMETRIC_REPRESENTATION_CONTEXT() REPRESENTATION_CONTEXT('2D SPACE',''
  ) );
#11182 = ORIENTED_EDGE('',*,*,#11134,.T.);
#11183 = ORIENTED_EDGE('',*,*,#11162,.T.);
#11184 = ( GEOMETRIC_REPRESENTATION_CONTEXT(3) 
GLOBAL_UNCERTAINTY_ASSIGNED_CONTEXT((#11188)) 
GLOBAL_UNIT_ASSIGNED_CONTEXT((#11185,#11186,#11187)) 
REPRESENTATION_CONTEXT('Context #1',
  '3D Context with UNIT and UNCERTAINTY') );
#11185 = ( LENGTH_UNIT() NAMED_UNIT(*) SI_UNIT(.MILLI.,.METRE.) );
#11186 = ( NAMED_UNIT(*) PLANE_ANGLE_UNIT() SI_UNIT($,.RADIAN.) );
#11187 = ( NAMED_UNIT(*) SI_UNIT($,.STERADIAN.) SOLID_ANGLE_UNIT() );
#11188 = UNCERTAINTY_MEASURE_WITH_UNIT(LENGTH_MEASURE(2.E-07),#11185,
  'distance_accuracy_value','confusion accuracy');
#11189 = PRODUCT_RELATED_PRODUCT_CATEGORY('part',$,(#7));
ENDSEC;
END-ISO-10303-21;
